,HIAA80,90837,CPT4,787,11,USACC,273
,HIAA80,90837,CPT4,669,11,HMOAVN,201
,HIAA80,90837,CPT4,762,11,DHMO,231
,HIAA80,90837,CPT4,967,11,HMOHRA,251
,HIAA80,90837,CPT4,341,11,MHMO,302
,REF,90837,CPT4,AK01,11,MPPO,225.83
,HIAA80,90837,CPT4,224,11,ALL,195
,HIAA80,90837,CPT4,752,11,,220
,HIAA80,90837,CPT4,066,11,MEFFS,225
,HIAA80,90837,CPT4,524,11,MEHMO,200
,HIAA80,90837,CPT4,616,11,USACC,221
,HIAA80,90837,CPT4,360,11,POS,172
,REF,90837,CPT4,AK01,11,USACC,169.37
,HIAA80,90837,CPT4,560,11,ALL,259
,HIAA80,90837,CPT4,470,11,MEPPO,176
,HIAA80,90837,CPT4,820,11,MEFFS,256
,HIAA80,90837,CPT4,465,11,MHMO,190
,HIAA80,90837,CPT4,939,11,MEPOS,231
,HIAA80,90837,CPT4,304,11,SLFIN,249
,HIAA80,90837,CPT4,640,11,MEPOS,176
,HIAA80,90837,CPT4,591,11,MEPOS,205
,HIAA80,90837,CPT4,150,11,MEPPO,185
,HIAA80,90837,CPT4,294,11,HMOHRA,231
,HIAA80,90837,CPT4,775,11,EAP,205
,REF,90837,CPT4,AK01,11,,225.83
,HIAA80,90837,CPT4,544,11,HMOHRA,257
,HIAA80,90837,CPT4,481,11,MCAID,231
,HIAA80,90837,CPT4,295,11,MBH,179
,HIAA80,90837,CPT4,337,11,MEHMO,273
,HIAA80,90837,CPT4,750,11,DPPO,236
,HIAA80,90837,CPT4,913,11,MEFFS,276
,HIAA80,90837,CPT4,341,11,MPPO,302
,HIAA80,90837,CPT4,456,11,QPOS,212
,HIAA80,90837,CPT4,432,11,USACC,283
,HIAA80,90837,CPT4,142,11,DPPO,204
,HIAA80,90837,CPT4,496,11,MEPPO,215
,HIAA80,90837,CPT4,488,11,HMOAVN,226
,HIAA80,90837,CPT4,765,11,MBH,241
,HIAA80,90837,CPT4,606,11,SLFIN,207
,REF,90837,CPT4,AK01,11,TRICR,204.5
,HIAA80,90837,CPT4,208,11,HMOHRA,273
,REF,90837,CPT4,AK01,11,MC,204.5
,HIAA80,90837,CPT4,130,11,VPHMO,179
,HIAA80,90837,CPT4,013,11,SLFIN,215
,HIAA80,90837,CPT4,700,11,SLFIN,156
,HIAA80,90837,CPT4,936,11,TC,205
,HIAA80,90837,CPT4,469,11,USACC,205
,HIAA80,90837,CPT4,452,11,NNHMO,180
,HIAA80,90837,CPT4,336,11,HMOHRA,282
,HIAA80,90837,CPT4,571,11,MEPPO,251
,HIAA80,90837,CPT4,544,11,MEPPO,257
,HIAA80,90837,CPT4,062,11,MC,201
,REF,90837,CPT4,AK01,11,MBH,191.95
,HIAA80,90837,CPT4,463,11,USACC,232
,HIAA80,90837,CPT4,331,11,VPHMO,358
,HIAA80,90837,CPT4,770,11,DPPO,352
,HIAA80,90837,CPT4,731,11,SLFIN,194
,HIAA80,90837,CPT4,065,11,MWC,205
,HIAA80,90837,CPT4,194,11,MWC,205
,REF,90837,CPT4,AK01,11,MEHMO,191.95
,HIAA80,90837,CPT4,275,11,ALL,241
,HIAA80,90837,CPT4,403,11,DHMO,205
,HIAA80,90837,CPT4,954,11,MCAID,205
,HIAA80,90837,CPT4,432,11,NNHMO,283
,HIAA80,90837,CPT4,086,11,POS,261
,HIAA80,90837,CPT4,454,11,MEPOS,179
,HIAA80,90837,CPT4,701,11,MEFFS,184
,HIAA80,90837,CPT4,782,11,NNHMO,241
,HIAA80,90837,CPT4,316,11,HMO,241
,REF,90837,CPT4,AK01,11,MCAID,225.83
,HIAA80,90837,CPT4,013,11,EAP,215
,REF,90837,CPT4,AK01,11,MCARE,173.83
,HIAA80,90837,CPT4,430,11,TC,231
,REF,90837,CPT4,AK01,11,MEHMO,169.37
,HIAA80,90837,CPT4,837,11,DPPO,205
,HIAA80,90837,CPT4,242,11,MWC,210
,HIAA80,90837,CPT4,940,11,HMOHRA,298
,HIAA80,90837,CPT4,850,11,MEPPO,251
,HIAA80,90837,CPT4,618,11,TRICR,211
,HIAA80,90837,CPT4,394,11,MEHMO,205
,HIAA80,90837,CPT4,974,11,POS,271
,HIAA80,90837,CPT4,996,11,HMOHRA,266
,REF,90837,CPT4,AK01,11,TC,169.37
,HIAA80,90837,CPT4,669,11,VPHMO,201
,HIAA80,90837,CPT4,233,11,TRICR,251
,HIAA80,90837,CPT4,442,11,MCAID,186
,REF,90837,CPT4,AK01,11,MBH,204.5
,HIAA80,90837,CPT4,652,11,MWC,154
,HIAA80,90837,CPT4,554,11,ALL,251
,HIAA80,90837,CPT4,441,11,MEHMO,257
,REF,90837,CPT4,AK01,11,MHMO,169.37
,HIAA80,90837,CPT4,220,11,MWC,231
,HIAA80,90837,CPT4,215,11,MHMO,200
,HIAA80,90837,CPT4,220,11,MCAID,231
,HIAA80,90837,CPT4,190,11,MCARE,205
,HIAA80,90837,CPT4,490,11,MC,206
,HIAA80,90837,CPT4,140,11,ALL,201
,HIAA80,90837,CPT4,038,11,VPHMO,201
,REF,90837,CPT4,AK01,11,HMOHRA,225.83
,HIAA80,90837,CPT4,605,11,HMO,256
,HIAA80,90837,CPT4,470,11,HMOHRA,176
,HIAA80,90837,CPT4,432,11,MPPO,283
,HIAA80,90837,CPT4,335,11,MEPPO,284
,HIAA80,90837,CPT4,411,11,MWC,204
,HIAA80,90837,CPT4,768,11,POS,205
,REF,90837,CPT4,AK01,11,,204.5
,HIAA80,90837,CPT4,840,11,MEPO,185
,HIAA80,90837,CPT4,282,11,HMO,251
,REF,90837,CPT4,AK01,11,ALL,153.38
,HIAA80,90837,CPT4,208,11,POS,273
,REF,90837,CPT4,AK01,11,MEHMO,204.5
,HIAA80,90837,CPT4,996,11,QPOS,266
,HIAA80,90837,CPT4,541,11,NNHMO,449
,HIAA80,90837,CPT4,381,11,QPOS,201
,HIAA80,90837,CPT4,913,11,MCAID,276
,HIAA80,90837,CPT4,748,11,MBH,205
,HIAA80,90837,CPT4,313,11,HMOAVN,205
,HIAA80,90837,CPT4,486,11,MHMO,215
,HIAA80,90837,CPT4,115,11,MEHMO,352
,HIAA80,90837,CPT4,561,11,MEHMO,302
,HIAA80,90837,CPT4,066,11,SLFIN,225
,HIAA80,90837,CPT4,153,11,EAP,179
,HIAA80,90837,CPT4,287,11,VPHMO,222
,HIAA80,90837,CPT4,580,11,DPPO,334
,REF,90837,CPT4,AK01,11,HMO,173.83
,HIAA80,90837,CPT4,341,11,DHMO,302
,HIAA80,90837,CPT4,260,11,MEPPO,226
,HIAA80,90837,CPT4,486,11,HMOAVN,215
,HIAA80,90837,CPT4,352,11,POS,179
,HIAA80,90837,CPT4,316,11,MEPO,241
,HIAA80,90837,CPT4,062,11,,201
,HIAA80,90837,CPT4,748,11,DHMO,205
,HIAA80,90837,CPT4,640,11,MWC,176
,REF,90837,CPT4,AK01,11,MEPOS,204.5
,HIAA80,90837,CPT4,113,11,HMOAVN,308
,HIAA80,90837,CPT4,700,11,MEFFS,156
,HIAA80,90837,CPT4,731,11,USACC,194
,HIAA80,90837,CPT4,462,11,DHMO,222
,HIAA80,90837,CPT4,028,11,MEFFS,195
,HIAA80,90837,CPT4,240,11,TC,189
,HIAA80,90837,CPT4,152,11,MWC,180
,HIAA80,90837,CPT4,563,11,MWC,258
,HIAA80,90837,CPT4,910,11,VPHMO,256
,REF,90837,CPT4,AK01,11,ALL,225.83
,HIAA80,90837,CPT4,420,11,HMOHRA,164
,HIAA80,90837,CPT4,308,11,QPOS,225
,HIAA80,90837,CPT4,260,11,MHMO,226
,HIAA80,90837,CPT4,350,11,QPOS,164
,HIAA80,90837,CPT4,748,11,MPPO,205
,HIAA80,90837,CPT4,820,11,EAP,256
,HIAA80,90837,CPT4,775,11,HMO,205
,HIAA80,90837,CPT4,484,11,MEFFS,251
,HIAA80,90837,CPT4,488,11,MBH,226
,HIAA80,90837,CPT4,282,11,VPHMO,251
,HIAA80,90837,CPT4,456,11,DHMO,212
,HIAA80,90837,CPT4,622,11,HMOHRA,190
,HIAA80,90837,CPT4,484,11,ALL,251
,HIAA80,90837,CPT4,531,11,MHMO,288
,HIAA80,90837,CPT4,088,11,MCARE,206
,HIAA80,90837,CPT4,454,11,USACC,179
,HIAA80,90837,CPT4,450,11,DPPO,231
,REF,90837,CPT4,AK01,11,SLFIN,153.38
,HIAA80,90837,CPT4,480,11,MPPO,231
,HIAA80,90837,CPT4,550,11,VPHMO,257
,REF,90837,CPT4,AK01,11,ALL,173.83
,HIAA80,90837,CPT4,363,11,MBH,174
,HIAA80,90837,CPT4,006,11,MEPPO,180
,HIAA80,90837,CPT4,669,11,QPOS,201
,HIAA80,90837,CPT4,230,11,ALL,204
,HIAA80,90837,CPT4,050,11,HMO,174
,HIAA80,90837,CPT4,460,11,ALL,205
,HIAA80,90837,CPT4,481,11,MWC,231
,HIAA80,90837,CPT4,450,11,NNHMO,231
,HIAA80,90837,CPT4,433,11,TRICR,180
,HIAA80,90837,CPT4,230,11,MC,204
,HIAA80,90837,CPT4,470,11,ALL,176
,HIAA80,90837,CPT4,996,11,DHMO,266
,HIAA80,90837,CPT4,662,11,EAP,205
,HIAA80,90837,CPT4,463,11,,232
,REF,90837,CPT4,AK01,11,HMOAVN,169.37
,HIAA80,90837,CPT4,939,11,MHMO,231
,HIAA80,90837,CPT4,995,11,,298
,HIAA80,90837,CPT4,480,11,NNHMO,231
,HIAA80,90837,CPT4,308,11,DHMO,225
,HIAA80,90837,CPT4,430,11,HMO,231
,HIAA80,90837,CPT4,563,11,VPHMO,258
,HIAA80,90837,CPT4,756,11,QPOS,242
,HIAA80,90837,CPT4,662,11,POS,205
,HIAA80,90837,CPT4,482,11,MEHMO,231
,HIAA80,90837,CPT4,553,11,HMOHRA,253
,HIAA80,90837,CPT4,292,11,QPOS,189
,HIAA80,90837,CPT4,591,11,MWC,205
,HIAA80,90837,CPT4,456,11,HMO,212
,HIAA80,90837,CPT4,316,11,MCARE,241
,HIAA80,90837,CPT4,612,11,MPPO,231
,HIAA80,90837,CPT4,545,11,TC,262
,HIAA80,90837,CPT4,768,11,MHMO,205
,REF,90837,CPT4,AK01,11,MC,173.83
,HIAA80,90837,CPT4,762,11,HMOHRA,231
,HIAA80,90837,CPT4,232,11,MEFFS,186
,HIAA80,90837,CPT4,394,11,DHMO,205
,HIAA80,90837,CPT4,200,11,USACC,257
,HIAA80,90837,CPT4,660,11,TC,185
,HIAA80,90837,CPT4,640,11,MPPO,176
,HIAA80,90837,CPT4,549,11,DPPO,413
,HIAA80,90837,CPT4,928,11,MEPOS,277
,HIAA80,90837,CPT4,201,11,DPPO,273
,REF,90837,CPT4,AK01,11,QPOS,153.38
,HIAA80,90837,CPT4,065,11,SLFIN,205
,HIAA80,90837,CPT4,550,11,MEFFS,257
,HIAA80,90837,CPT4,111,11,MCAID,256
,HIAA80,90837,CPT4,150,11,HMO,185
,HIAA80,90837,CPT4,240,11,SLFIN,189
,HIAA80,90837,CPT4,328,11,MC,273
,HIAA80,90837,CPT4,850,11,,251
,REF,90837,CPT4,AK01,11,NNHMO,191.95
,HIAA80,90837,CPT4,437,11,MEPOS,205
,REF,90837,CPT4,AK01,11,DPPO,225.83
,HIAA80,90837,CPT4,765,11,HMO,241
,HIAA80,90837,CPT4,913,11,ALL,276
,HIAA80,90837,CPT4,669,11,HMO,201
,HIAA80,90837,CPT4,352,11,MEPPO,179
,HIAA80,90837,CPT4,590,11,QPOS,190
,HIAA80,90837,CPT4,486,11,MEHMO,215
,HIAA80,90837,CPT4,224,11,TRICR,195
,HIAA80,90837,CPT4,939,11,HMO,231
,HIAA80,90837,CPT4,111,11,DPPO,256
,HIAA80,90837,CPT4,434,11,TRICR,185
,HIAA80,90837,CPT4,335,11,MEHMO,284
,HIAA80,90837,CPT4,611,11,MHMO,257
,HIAA80,90837,CPT4,278,11,MC,246
,HIAA80,90837,CPT4,467,11,NNHMO,180
,HIAA80,90837,CPT4,441,11,DHMO,257
,HIAA80,90837,CPT4,313,11,MEPOS,205
,HIAA80,90837,CPT4,352,11,MEPO,179
,HIAA80,90837,CPT4,591,11,MCAID,205
,HIAA80,90837,CPT4,220,11,USACC,231
,REF,90837,CPT4,AK01,11,MWC,225.83
,HIAA80,90837,CPT4,475,11,USACC,293
,HIAA80,90837,CPT4,308,11,POS,225
,HIAA80,90837,CPT4,996,11,MEFFS,266
,REF,90837,CPT4,AK01,11,EAP,204.5
,HIAA80,90837,CPT4,768,11,MWC,205
,HIAA80,90837,CPT4,605,11,MC,256
,HIAA80,90837,CPT4,113,11,ALL,308
,HIAA80,90837,CPT4,017,11,MC,226
,HIAA80,90837,CPT4,604,11,MEHMO,241
,HIAA80,90837,CPT4,893,11,USACC,257
,HIAA80,90837,CPT4,381,11,MC,201
,HIAA80,90837,CPT4,496,11,MPPO,215
,HIAA80,90837,CPT4,765,11,QPOS,241
,REF,90837,CPT4,AK01,11,MCAID,204.5
,HIAA80,90837,CPT4,226,11,EAP,233
,HIAA80,90837,CPT4,448,11,POS,175
,HIAA80,90837,CPT4,495,11,TRICR,205
,REF,90837,CPT4,AK01,11,TC,225.83
,HIAA80,90837,CPT4,537,11,MHMO,251
,HIAA80,90837,CPT4,448,11,MEPO,175
,HIAA80,90837,CPT4,296,11,TRICR,185
,REF,90837,CPT4,AK01,11,HMOHRA,169.37
,HIAA80,90837,CPT4,066,11,MCARE,225
,HIAA80,90837,CPT4,805,11,MEFFS,274
,HIAA80,90837,CPT4,800,11,HMOHRA,260
,HIAA80,90837,CPT4,486,11,MEFFS,215
,HIAA80,90837,CPT4,840,11,POS,185
,HIAA80,90837,CPT4,537,11,TRICR,251
,REF,90837,CPT4,AK01,11,DHMO,225.83
,HIAA80,90837,CPT4,230,11,TRICR,204
,HIAA80,90837,CPT4,703,11,HMOAVN,154
,HIAA80,90837,CPT4,341,11,POS,302
,HIAA80,90837,CPT4,411,11,MCARE,204
,HIAA80,90837,CPT4,910,11,ALL,256
,HIAA80,90837,CPT4,460,11,HMOHRA,205
,HIAA80,90837,CPT4,331,11,MEHMO,358
,HIAA80,90837,CPT4,296,11,NNHMO,185
,HIAA80,90837,CPT4,153,11,MC,179
,HIAA80,90837,CPT4,454,11,TRICR,179
,HIAA80,90837,CPT4,100,11,MWC,364
,HIAA80,90837,CPT4,531,11,TRICR,288
,HIAA80,90837,CPT4,335,11,MEPO,284
,HIAA80,90837,CPT4,841,11,MEPOS,185
,HIAA80,90837,CPT4,140,11,QPOS,201
,HIAA80,90837,CPT4,570,11,POS,231
,REF,90837,CPT4,AK01,11,MEPPO,153.38
,HIAA80,90837,CPT4,482,11,MC,231
,HIAA80,90837,CPT4,313,11,TRICR,205
,HIAA80,90837,CPT4,111,11,HMOAVN,256
,HIAA80,90837,CPT4,483,11,POS,232
,HIAA80,90837,CPT4,618,11,MPPO,211
,REF,90837,CPT4,AK01,11,ALL,204.5
,HIAA80,90837,CPT4,752,11,MEPPO,220
,HIAA80,90837,CPT4,770,11,MEPOS,352
,HIAA80,90837,CPT4,710,11,DHMO,179
,HIAA80,90837,CPT4,571,11,TRICR,251
,HIAA80,90837,CPT4,230,11,MCAID,204
,HIAA80,90837,CPT4,200,11,TC,257
,HIAA80,90837,CPT4,563,11,EAP,258
,HIAA80,90837,CPT4,300,11,,226
,HIAA80,90837,CPT4,407,11,MC,211
,REF,90837,CPT4,AK01,11,MHMO,204.5
,HIAA80,90837,CPT4,550,11,NNHMO,257
,HIAA80,90837,CPT4,544,11,HMOAVN,257
,HIAA80,90837,CPT4,440,11,EAP,216
,HIAA80,90837,CPT4,481,11,DPPO,231
,HIAA80,90837,CPT4,394,11,MEPO,205
,HIAA80,90837,CPT4,554,11,DHMO,251
,HIAA80,90837,CPT4,222,11,TC,273
,HIAA80,90837,CPT4,488,11,ALL,226
,HIAA80,90837,CPT4,490,11,POS,206
,HIAA80,90837,CPT4,800,11,MBH,260
,HIAA80,90837,CPT4,115,11,TC,352
,REF,90837,CPT4,AK01,11,TRICR,225.83
,HIAA80,90837,CPT4,394,11,HMO,205
,HIAA80,90837,CPT4,208,11,TC,273
,HIAA80,90837,CPT4,402,11,MEPPO,205
,REF,90837,CPT4,AK01,11,EAP,225.83
,HIAA80,90837,CPT4,370,11,MWC,193
,HIAA80,90837,CPT4,580,11,TRICR,334
,HIAA80,90837,CPT4,465,11,QPOS,190
,HIAA80,90837,CPT4,647,11,MEPPO,200
,HIAA80,90837,CPT4,147,11,QPOS,164
,REF,90837,CPT4,AK01,11,MBH,225.83
,HIAA80,90837,CPT4,465,11,MEPOS,190
,HIAA80,90837,CPT4,304,11,ALL,249
,HIAA80,90837,CPT4,067,11,SLFIN,205
,HIAA80,90837,CPT4,065,11,MEHMO,205
,HIAA80,90837,CPT4,482,11,QPOS,231
,HIAA80,90837,CPT4,920,11,MWC,297
,HIAA80,90837,CPT4,200,11,MWC,257
,HIAA80,90837,CPT4,387,11,TC,205
,HIAA80,90837,CPT4,436,11,TRICR,185
,HIAA80,90837,CPT4,200,11,POS,257
,HIAA80,90837,CPT4,164,11,EAP,176
,HIAA80,90837,CPT4,210,11,MEPOS,205
,HIAA80,90837,CPT4,239,11,ALL,256
,HIAA80,90837,CPT4,550,11,TC,257
,HIAA80,90837,CPT4,731,11,TRICR,194
,HIAA80,90837,CPT4,750,11,USACC,236
,HIAA80,90837,CPT4,543,11,DHMO,437
,HIAA80,90837,CPT4,436,11,MCAID,185
,HIAA80,90837,CPT4,454,11,MBH,179
,HIAA80,90837,CPT4,531,11,HMOAVN,288
,HIAA80,90837,CPT4,820,11,VPHMO,256
,HIAA80,90837,CPT4,765,11,DHMO,241
,HIAA80,90837,CPT4,080,11,HMOAVN,226
,REF,90837,CPT4,AK01,11,EAP,225.83
,HIAA80,90837,CPT4,313,11,MPPO,205
,HIAA80,90837,CPT4,770,11,MHMO,352
,HIAA80,90837,CPT4,913,11,TC,276
,HIAA80,90837,CPT4,440,11,MBH,216
,HIAA80,90837,CPT4,336,11,MPPO,282
,HIAA80,90837,CPT4,085,11,HMOHRA,368
,HIAA80,90837,CPT4,943,11,POS,601
,HIAA80,90837,CPT4,550,11,SLFIN,257
,HIAA80,90837,CPT4,064,11,MEFFS,201
,REF,90837,CPT4,AK01,11,MPPO,153.38
,HIAA80,90837,CPT4,024,11,VPHMO,256
,HIAA80,90837,CPT4,482,11,SLFIN,231
,HIAA80,90837,CPT4,066,11,QPOS,225
,HIAA80,90837,CPT4,450,11,MEPPO,231
,HIAA80,90837,CPT4,805,11,MC,274
,HIAA80,90837,CPT4,482,11,EAP,231
,HIAA80,90837,CPT4,647,11,MEPO,200
,HIAA80,90837,CPT4,013,11,ALL,215
,HIAA80,90837,CPT4,292,11,NNHMO,189
,HIAA80,90837,CPT4,483,11,NNHMO,232
,HIAA80,90837,CPT4,703,11,MBH,154
,HIAA80,90837,CPT4,226,11,VPHMO,233
,REF,90837,CPT4,AK01,11,ALL,204.5
,HIAA80,90837,CPT4,493,11,MEFFS,201
,HIAA80,90837,CPT4,620,11,TRICR,195
,HIAA80,90837,CPT4,620,11,MPPO,195
,HIAA80,90837,CPT4,433,11,SLFIN,180
,HIAA80,90837,CPT4,298,11,VPHMO,257
,HIAA80,90837,CPT4,458,11,HMOHRA,196
,HIAA80,90837,CPT4,553,11,TC,253
,HIAA80,90837,CPT4,232,11,TC,186
,HIAA80,90837,CPT4,716,11,TC,245
,HIAA80,90837,CPT4,201,11,TRICR,273
,HIAA80,90837,CPT4,054,11,POS,154
,HIAA80,90837,CPT4,210,11,USACC,205
,HIAA80,90837,CPT4,441,11,SLFIN,257
,HIAA80,90837,CPT4,537,11,DPPO,251
,HIAA80,90837,CPT4,841,11,MEHMO,185
,HIAA80,90837,CPT4,549,11,MEPO,413
,HIAA80,90837,CPT4,756,11,POS,242
,HIAA80,90837,CPT4,350,11,MEPO,164
,HIAA80,90837,CPT4,618,11,MWC,211
,HIAA80,90837,CPT4,522,11,MEPOS,231
,HIAA80,90837,CPT4,275,11,QPOS,241
,HIAA80,90837,CPT4,407,11,HMOHRA,211
,HIAA80,90837,CPT4,612,11,ALL,231
,HIAA80,90837,CPT4,787,11,NNHMO,273
,HIAA80,90837,CPT4,787,11,EAP,273
,HIAA80,90837,CPT4,164,11,MHMO,176
,HIAA80,90837,CPT4,787,11,TC,273
,HIAA80,90837,CPT4,730,11,DPPO,179
,HIAA80,90837,CPT4,932,11,MHMO,251
,HIAA80,90837,CPT4,669,11,MEPO,201
,HIAA80,90837,CPT4,086,11,MEPOS,261
,HIAA80,90837,CPT4,853,11,NNHMO,241
,HIAA80,90837,CPT4,837,11,HMOHRA,205
,HIAA80,90837,CPT4,481,11,HMOAVN,231
,HIAA80,90837,CPT4,420,11,MEHMO,164
,HIAA80,90837,CPT4,601,11,TC,216
,HIAA80,90837,CPT4,017,11,,226
,HIAA80,90837,CPT4,300,11,MCARE,226
,REF,90837,CPT4,AK01,11,TC,153.38
,REF,90837,CPT4,AK01,11,TC,173.83
,HIAA80,90837,CPT4,044,11,TRICR,184
,HIAA80,90837,CPT4,407,11,,211
,REF,90837,CPT4,AK01,11,NNHMO,153.38
,HIAA80,90837,CPT4,463,11,MCAID,232
,REF,90837,CPT4,AK01,11,DHMO,153.38
,REF,90837,CPT4,AK01,11,EAP,153.38
,HIAA80,90837,CPT4,774,11,MPPO,230
,REF,90837,CPT4,AK01,11,MBH,173.83
,HIAA80,90837,CPT4,560,11,MWC,259
,HIAA80,90837,CPT4,559,11,TC,256
,HIAA80,90837,CPT4,855,11,MWC,275
,REF,90837,CPT4,AK01,11,HMOHRA,204.5
,HIAA80,90837,CPT4,878,11,MEPO,231
,REF,90837,CPT4,AK01,11,MCARE,169.37
,HIAA80,90837,CPT4,402,11,POS,205
,HIAA80,90837,CPT4,344,11,MBH,265
,HIAA80,90837,CPT4,352,11,MCAID,179
,HIAA80,90837,CPT4,913,11,USACC,276
,HIAA80,90837,CPT4,287,11,SLFIN,222
,HIAA80,90837,CPT4,483,11,TC,232
,HIAA80,90837,CPT4,708,11,DHMO,154
,HIAA80,90837,CPT4,570,11,HMO,231
,HIAA80,90837,CPT4,088,11,MCAID,206
,HIAA80,90837,CPT4,851,11,,226
,REF,90837,CPT4,AK01,11,EAP,204.5
,REF,90837,CPT4,AK01,11,USACC,204.5
,HIAA80,90837,CPT4,432,11,DHMO,283
,HIAA80,90837,CPT4,304,11,TRICR,249
,HIAA80,90837,CPT4,893,11,HMO,257
,HIAA80,90837,CPT4,294,11,QPOS,231
,HIAA80,90837,CPT4,344,11,MEPO,265
,HIAA80,90837,CPT4,611,11,MC,257
,HIAA80,90837,CPT4,233,11,QPOS,251
,HIAA80,90837,CPT4,967,11,MWC,251
,HIAA80,90837,CPT4,467,11,HMOAVN,180
,HIAA80,90837,CPT4,337,11,MCARE,273
,HIAA80,90837,CPT4,130,11,MPPO,179
,HIAA80,90837,CPT4,080,11,MPPO,226
,HIAA80,90837,CPT4,403,11,,205
,HIAA80,90837,CPT4,524,11,TC,200
,HIAA80,90837,CPT4,731,11,MEPPO,194
,HIAA80,90837,CPT4,716,11,TRICR,245
,REF,90837,CPT4,AK01,11,MEHMO,169.37
,HIAA80,90837,CPT4,327,11,MEFFS,199
,HIAA80,90837,CPT4,996,11,VPHMO,266
,HIAA80,90837,CPT4,458,11,HMOAVN,196
,HIAA80,90837,CPT4,647,11,MC,200
,HIAA80,90837,CPT4,298,11,HMOAVN,257
,HIAA80,90837,CPT4,561,11,MCARE,302
,HIAA80,90837,CPT4,467,11,MEPO,180
,HIAA80,90837,CPT4,077,11,MCAID,205
,HIAA80,90837,CPT4,571,11,MEPO,251
,REF,90837,CPT4,AK01,11,MBH,153.38
,HIAA80,90837,CPT4,967,11,MHMO,251
,HIAA80,90837,CPT4,488,11,MEPOS,226
,HIAA80,90837,CPT4,430,11,DPPO,231
,HIAA80,90837,CPT4,006,11,ALL,180
,HIAA80,90837,CPT4,454,11,MCAID,179
,HIAA80,90837,CPT4,339,11,HMO,337
,HIAA80,90837,CPT4,293,11,ALL,154
,HIAA80,90837,CPT4,571,11,MWC,251
,HIAA80,90837,CPT4,247,11,MC,231
,HIAA80,90837,CPT4,370,11,ALL,193
,REF,90837,CPT4,AK01,11,,173.83
,HIAA80,90837,CPT4,604,11,DPPO,241
,HIAA80,90837,CPT4,571,11,SLFIN,251
,REF,90837,CPT4,AK01,11,MCARE,225.83
,HIAA80,90837,CPT4,290,11,MEFFS,164
,REF,90837,CPT4,AK01,11,MPPO,204.5
,HIAA80,90837,CPT4,493,11,SLFIN,201
,HIAA80,90837,CPT4,700,11,QPOS,156
,HIAA80,90837,CPT4,212,11,MC,184
,HIAA80,90837,CPT4,551,11,MBH,251
,HIAA80,90837,CPT4,773,11,TRICR,241
,HIAA80,90837,CPT4,602,11,MEPOS,206
,HIAA80,90837,CPT4,853,11,SLFIN,241
,HIAA80,90837,CPT4,940,11,TC,298
,HIAA80,90837,CPT4,605,11,QPOS,256
,HIAA80,90837,CPT4,434,11,TC,185
,HIAA80,90837,CPT4,484,11,MBH,251
,HIAA80,90837,CPT4,080,11,MBH,226
,HIAA80,90837,CPT4,242,11,NNHMO,210
,HIAA80,90837,CPT4,336,11,,282
,HIAA80,90837,CPT4,327,11,MWC,199
,HIAA80,90837,CPT4,601,11,HMOHRA,216
,HIAA80,90837,CPT4,190,11,ALL,205
,REF,90837,CPT4,AK01,11,MPPO,173.83
,HIAA80,90837,CPT4,855,11,POS,275
,HIAA80,90837,CPT4,483,11,EAP,232
,HIAA80,90837,CPT4,833,11,MPPO,215
,HIAA80,90837,CPT4,537,11,SLFIN,251
,HIAA80,90837,CPT4,115,11,MCAID,352
,HIAA80,90837,CPT4,708,11,MC,154
,REF,90837,CPT4,AK01,11,NNHMO,204.5
,HIAA80,90837,CPT4,296,11,MC,185
,HIAA80,90837,CPT4,278,11,TRICR,246
,HIAA80,90837,CPT4,756,11,DPPO,242
,HIAA80,90837,CPT4,545,11,MEPO,262
,HIAA80,90837,CPT4,967,11,SLFIN,251
,HIAA80,90837,CPT4,220,11,DHMO,231
,HIAA80,90837,CPT4,782,11,HMO,241
,REF,90837,CPT4,AK01,11,MCARE,169.37
,HIAA80,90837,CPT4,316,11,,241
,HIAA80,90837,CPT4,442,11,NNHMO,186
,HIAA80,90837,CPT4,337,11,MEPO,273
,HIAA80,90837,CPT4,910,11,,256
,HIAA80,90837,CPT4,233,11,POS,251
,HIAA80,90837,CPT4,890,11,EAP,215
,HIAA80,90837,CPT4,458,11,EAP,196
,HIAA80,90837,CPT4,066,11,USACC,225
,HIAA80,90837,CPT4,770,11,MEPPO,352
,HIAA80,90837,CPT4,606,11,MEFFS,207
,HIAA80,90837,CPT4,554,11,DPPO,251
,HIAA80,90837,CPT4,215,11,NNHMO,200
,HIAA80,90837,CPT4,851,11,MBH,226
,REF,90837,CPT4,AK01,11,MEPPO,169.37
,REF,90837,CPT4,AK01,11,NNHMO,204.5
,HIAA80,90837,CPT4,260,11,HMOAVN,226
,REF,90837,CPT4,AK01,11,MEPO,169.37
,HIAA80,90837,CPT4,313,11,MCARE,205
,HIAA80,90837,CPT4,496,11,,215
,HIAA80,90837,CPT4,434,11,MEPOS,185
,HIAA80,90837,CPT4,974,11,MCARE,271
,HIAA80,90837,CPT4,456,11,TRICR,212
,HIAA80,90837,CPT4,226,11,,233
,HIAA80,90837,CPT4,247,11,TC,231
,HIAA80,90837,CPT4,922,11,MHMO,256
,HIAA80,90837,CPT4,716,11,ALL,245
,HIAA80,90837,CPT4,710,11,MEFFS,179
,HIAA80,90837,CPT4,493,11,HMOHRA,201
,REF,90837,CPT4,AK01,11,ALL,225.83
,REF,90837,CPT4,AK01,11,MEPOS,191.95
,HIAA80,90837,CPT4,280,11,MEFFS,251
,REF,90837,CPT4,AK01,11,MPPO,204.5
,HIAA80,90837,CPT4,444,11,VPHMO,200
,HIAA80,90837,CPT4,278,11,MEFFS,246
,HIAA80,90837,CPT4,062,11,NNHMO,201
,HIAA80,90837,CPT4,017,11,DPPO,226
,REF,90837,CPT4,AK01,11,TRICR,225.83
,HIAA80,90837,CPT4,200,11,ALL,257
,HIAA80,90837,CPT4,337,11,NNHMO,273
,HIAA80,90837,CPT4,190,11,SLFIN,205
,HIAA80,90837,CPT4,308,11,MCARE,225
,REF,90837,CPT4,AK01,11,MCAID,204.5
,HIAA80,90837,CPT4,441,11,MBH,257
,HIAA80,90837,CPT4,462,11,HMOAVN,222
,HIAA80,90837,CPT4,308,11,SLFIN,225
,HIAA80,90837,CPT4,945,11,MPPO,274
,HIAA80,90837,CPT4,350,11,MEHMO,164
,HIAA80,90837,CPT4,360,11,MEPPO,172
,HIAA80,90837,CPT4,752,11,NNHMO,220
,HIAA80,90837,CPT4,458,11,DPPO,196
,HIAA80,90837,CPT4,591,11,MBH,205
,HIAA80,90837,CPT4,765,11,ALL,241
,REF,90837,CPT4,AK01,11,MEPO,169.37
,REF,90837,CPT4,AK01,11,MWC,191.95
,HIAA80,90837,CPT4,316,11,VPHMO,241
,HIAA80,90837,CPT4,070,11,MEPOS,301
,HIAA80,90837,CPT4,820,11,ALL,256
,HIAA80,90837,CPT4,226,11,TC,233
,HIAA80,90837,CPT4,878,11,DHMO,231
,HIAA80,90837,CPT4,230,11,VPHMO,204
,HIAA80,90837,CPT4,554,11,MEFFS,251
,HIAA80,90837,CPT4,669,11,HMOHRA,201
,HIAA80,90837,CPT4,612,11,TRICR,231
,REF,90837,CPT4,AK01,11,DHMO,169.37
,HIAA80,90837,CPT4,463,11,TRICR,232
,HIAA80,90837,CPT4,232,11,MBH,186
,HIAA80,90837,CPT4,067,11,,205
,HIAA80,90837,CPT4,770,11,MC,352
,HIAA80,90837,CPT4,296,11,HMOAVN,185
,HIAA80,90837,CPT4,611,11,QPOS,257
,REF,90837,CPT4,AK01,11,QPOS,204.5
,REF,90837,CPT4,AK01,11,HMOHRA,191.95
,HIAA80,90837,CPT4,316,11,HMOAVN,241
,HIAA80,90837,CPT4,038,11,TC,201
,REF,90837,CPT4,AK01,11,TC,191.95
,HIAA80,90837,CPT4,598,11,MHMO,195
,HIAA80,90837,CPT4,981,11,DHMO,230
,HIAA80,90837,CPT4,220,11,MC,231
,REF,90837,CPT4,AK01,11,TC,225.83
,HIAA80,90837,CPT4,220,11,MCARE,231
,HIAA80,90837,CPT4,452,11,TC,180
,HIAA80,90837,CPT4,669,11,MC,201
,HIAA80,90837,CPT4,756,11,MCARE,242
,HIAA80,90837,CPT4,212,11,USACC,184
,HIAA80,90837,CPT4,044,11,DPPO,184
,HIAA80,90837,CPT4,716,11,MHMO,245
,HIAA80,90837,CPT4,913,11,MHMO,276
,HIAA80,90837,CPT4,013,11,MBH,215
,HIAA80,90837,CPT4,194,11,MPPO,205
,HIAA80,90837,CPT4,240,11,MCAID,189
,HIAA80,90837,CPT4,598,11,NNHMO,195
,HIAA80,90837,CPT4,770,11,SLFIN,352
,REF,90837,CPT4,AK01,11,TC,204.5
,HIAA80,90837,CPT4,820,11,MBH,256
,HIAA80,90837,CPT4,065,11,ALL,205
,HIAA80,90837,CPT4,111,11,MC,256
,HIAA80,90837,CPT4,190,11,DHMO,205
,HIAA80,90837,CPT4,316,11,MEPPO,241
,HIAA80,90837,CPT4,490,11,,206
,HIAA80,90837,CPT4,467,11,HMOHRA,180
,HIAA80,90837,CPT4,330,11,ALL,273
,HIAA80,90837,CPT4,782,11,MEHMO,241
,HIAA80,90837,CPT4,540,11,MEHMO,257
,HIAA80,90837,CPT4,800,11,MEPOS,260
,HIAA80,90837,CPT4,580,11,MCARE,334
,HIAA80,90837,CPT4,335,11,HMO,284
,REF,90837,CPT4,AK01,11,ALL,225.83
,HIAA80,90837,CPT4,974,11,ALL,271
,REF,90837,CPT4,AK01,11,MCAID,204.5
,HIAA80,90837,CPT4,164,11,SLFIN,176
,HIAA80,90837,CPT4,480,11,QPOS,231
,HIAA80,90837,CPT4,700,11,HMOAVN,156
,REF,90837,CPT4,AK01,11,EAP,173.83
,HIAA80,90837,CPT4,939,11,,231
,HIAA80,90837,CPT4,440,11,MEFFS,216
,HIAA80,90837,CPT4,551,11,MC,251
,HIAA80,90837,CPT4,287,11,EAP,222
,HIAA80,90837,CPT4,640,11,ALL,176
,HIAA80,90837,CPT4,437,11,SLFIN,205
,HIAA80,90837,CPT4,893,11,MEFFS,257
,HIAA80,90837,CPT4,336,11,QPOS,282
,HIAA80,90837,CPT4,433,11,USACC,180
,REF,90837,CPT4,AK01,11,MC,204.5
,HIAA80,90837,CPT4,995,11,MPPO,298
,HIAA80,90837,CPT4,622,11,MCAID,190
,HIAA80,90837,CPT4,716,11,HMO,245
,HIAA80,90837,CPT4,774,11,POS,230
,HIAA80,90837,CPT4,296,11,DHMO,185
,HIAA80,90837,CPT4,601,11,MCAID,216
,HIAA80,90837,CPT4,943,11,HMO,601
,HIAA80,90837,CPT4,304,11,MEFFS,249
,HIAA80,90837,CPT4,352,11,MEFFS,179
,REF,90837,CPT4,AK01,11,NNHMO,225.83
,HIAA80,90837,CPT4,352,11,MPPO,179
,HIAA80,90837,CPT4,716,11,USACC,245
,HIAA80,90837,CPT4,411,11,TRICR,204
,HIAA80,90837,CPT4,921,11,VPHMO,257
,HIAA80,90837,CPT4,981,11,MHMO,230
,HIAA80,90837,CPT4,088,11,MBH,206
,HIAA80,90837,CPT4,498,11,MBH,205
,HIAA80,90837,CPT4,493,11,MEPPO,201
,HIAA80,90837,CPT4,618,11,POS,211
,HIAA80,90837,CPT4,054,11,MEPOS,154
,HIAA80,90837,CPT4,440,11,MCARE,216
,HIAA80,90837,CPT4,460,11,MBH,205
,HIAA80,90837,CPT4,561,11,MEPO,302
,HIAA80,90837,CPT4,716,11,SLFIN,245
,HIAA80,90837,CPT4,612,11,NNHMO,231
,HIAA80,90837,CPT4,432,11,SLFIN,283
,HIAA80,90837,CPT4,462,11,DPPO,222
,REF,90837,CPT4,AK01,11,SLFIN,204.5
,HIAA80,90837,CPT4,554,11,MEHMO,251
,HIAA80,90837,CPT4,381,11,MEPO,201
,HIAA80,90837,CPT4,070,11,MPPO,301
,HIAA80,90837,CPT4,700,11,DHMO,156
,REF,90837,CPT4,AK01,11,MEPPO,225.83
,HIAA80,90837,CPT4,296,11,HMOHRA,185
,HIAA80,90837,CPT4,612,11,MCARE,231
,HIAA80,90837,CPT4,335,11,ALL,284
,REF,90837,CPT4,AK01,11,MWC,169.37
,HIAA80,90837,CPT4,537,11,,251
,HIAA80,90837,CPT4,591,11,MEPPO,205
,HIAA80,90837,CPT4,570,11,MCARE,231
,HIAA80,90837,CPT4,532,11,MEHMO,287
,HIAA80,90837,CPT4,437,11,MEPO,205
,HIAA80,90837,CPT4,280,11,HMOHRA,251
,HIAA80,90837,CPT4,775,11,TC,205
,HIAA80,90837,CPT4,085,11,MWC,368
,HIAA80,90837,CPT4,524,11,TRICR,200
,REF,90837,CPT4,AK01,11,MBH,204.5
,HIAA80,90837,CPT4,618,11,MEFFS,211
,HIAA80,90837,CPT4,113,11,MEFFS,308
,HIAA80,90837,CPT4,130,11,MHMO,179
,REF,90837,CPT4,AK01,11,QPOS,204.5
,HIAA80,90837,CPT4,050,11,MEPO,174
,REF,90837,CPT4,AK01,11,POS,169.37
,REF,90837,CPT4,AK01,11,MHMO,169.37
,HIAA80,90837,CPT4,463,11,POS,232
,HIAA80,90837,CPT4,105,11,,367
,HIAA80,90837,CPT4,760,11,MBH,225
,HIAA80,90837,CPT4,716,11,MCAID,245
,HIAA80,90837,CPT4,465,11,HMO,190
,HIAA80,90837,CPT4,483,11,MC,232
,HIAA80,90837,CPT4,452,11,MBH,180
,HIAA80,90837,CPT4,282,11,USACC,251
,HIAA80,90837,CPT4,974,11,MEPO,271
,HIAA80,90837,CPT4,208,11,MEFFS,273
,HIAA80,90837,CPT4,448,11,TC,175
,HIAA80,90837,CPT4,335,11,MCAID,284
,HIAA80,90837,CPT4,486,11,VPHMO,215
,HIAA80,90837,CPT4,943,11,MEHMO,601
,HIAA80,90837,CPT4,440,11,MEPOS,216
,HIAA80,90837,CPT4,352,11,USACC,179
,REF,90837,CPT4,AK01,11,SLFIN,225.83
,HIAA80,90837,CPT4,787,11,MEPO,273
,HIAA80,90837,CPT4,480,11,HMO,231
,HIAA80,90837,CPT4,465,11,,190
,HIAA80,90837,CPT4,336,11,MEFFS,282
,REF,90837,CPT4,AK01,11,MHMO,169.37
,HIAA80,90837,CPT4,856,11,POS,226
,HIAA80,90837,CPT4,730,11,HMOAVN,179
,HIAA80,90837,CPT4,441,11,MEFFS,257
,HIAA80,90837,CPT4,850,11,MHMO,251
,HIAA80,90837,CPT4,411,11,ALL,204
,HIAA80,90837,CPT4,296,11,MEPPO,185
,HIAA80,90837,CPT4,452,11,MCAID,180
,REF,90837,CPT4,AK01,11,MBH,204.5
,HIAA80,90837,CPT4,913,11,VPHMO,276
,HIAA80,90837,CPT4,708,11,TC,154
,HIAA80,90837,CPT4,381,11,,201
,HIAA80,90837,CPT4,561,11,MCAID,302
,HIAA80,90837,CPT4,708,11,MEHMO,154
,HIAA80,90837,CPT4,647,11,NNHMO,200
,HIAA80,90837,CPT4,853,11,DPPO,241
,HIAA80,90837,CPT4,293,11,NNHMO,154
,HIAA80,90837,CPT4,551,11,POS,251
,HIAA80,90837,CPT4,498,11,HMOAVN,205
,REF,90837,CPT4,AK01,11,DHMO,173.83
,HIAA80,90837,CPT4,853,11,HMOAVN,241
,HIAA80,90837,CPT4,700,11,MEHMO,156
,HIAA80,90837,CPT4,967,11,HMO,251
,HIAA80,90837,CPT4,290,11,NNHMO,164
,HIAA80,90837,CPT4,787,11,POS,273
,HIAA80,90837,CPT4,086,11,QPOS,261
,HIAA80,90837,CPT4,260,11,POS,226
,HIAA80,90837,CPT4,294,11,DPPO,231
,HIAA80,90837,CPT4,013,11,MPPO,215
,REF,90837,CPT4,AK01,11,SLFIN,153.38
,HIAA80,90837,CPT4,765,11,MEPO,241
,HIAA80,90837,CPT4,469,11,,205
,HIAA80,90837,CPT4,482,11,TRICR,231
,HIAA80,90837,CPT4,064,11,MEPOS,201
,HIAA80,90837,CPT4,080,11,TRICR,226
,HIAA80,90837,CPT4,054,11,,154
,HIAA80,90837,CPT4,561,11,HMOAVN,302
,HIAA80,90837,CPT4,981,11,MEPO,230
,HIAA80,90837,CPT4,394,11,TRICR,205
,HIAA80,90837,CPT4,954,11,EAP,205
,HIAA80,90837,CPT4,748,11,SLFIN,205
,HIAA80,90837,CPT4,612,11,VPHMO,231
,HIAA80,90837,CPT4,700,11,MEPO,156
,HIAA80,90837,CPT4,430,11,SLFIN,231
,HIAA80,90837,CPT4,232,11,QPOS,186
,HIAA80,90837,CPT4,801,11,NNHMO,274
,HIAA80,90837,CPT4,130,11,,179
,HIAA80,90837,CPT4,363,11,SLFIN,174
,HIAA80,90837,CPT4,560,11,MEFFS,259
,HIAA80,90837,CPT4,344,11,HMOHRA,265
,HIAA80,90837,CPT4,240,11,DHMO,189
,HIAA80,90837,CPT4,140,11,DHMO,201
,HIAA80,90837,CPT4,454,11,MHMO,179
,HIAA80,90837,CPT4,190,11,MWC,205
,HIAA80,90837,CPT4,996,11,MCAID,266
,HIAA80,90837,CPT4,085,11,MEHMO,368
,HIAA80,90837,CPT4,360,11,USACC,172
,HIAA80,90837,CPT4,967,11,QPOS,251
,HIAA80,90837,CPT4,088,11,EAP,206
,HIAA80,90837,CPT4,546,11,ALL,413
,HIAA80,90837,CPT4,604,11,,241
,HIAA80,90837,CPT4,591,11,,205
,REF,90837,CPT4,AK01,11,MEHMO,169.37
,HIAA80,90837,CPT4,370,11,MEPPO,193
,HIAA80,90837,CPT4,200,11,MPPO,257
,HIAA80,90837,CPT4,716,11,,245
,HIAA80,90837,CPT4,484,11,DPPO,251
,HIAA80,90837,CPT4,293,11,MEHMO,154
,HIAA80,90837,CPT4,600,11,QPOS,206
,HIAA80,90837,CPT4,147,11,MBH,164
,HIAA80,90837,CPT4,295,11,NNHMO,179
,HIAA80,90837,CPT4,403,11,VPHMO,205
,REF,90837,CPT4,AK01,11,MC,153.38
,REF,90837,CPT4,AK01,11,NNHMO,173.83
,HIAA80,90837,CPT4,837,11,TC,205
,REF,90837,CPT4,AK01,11,SLFIN,169.37
,HIAA80,90837,CPT4,850,11,ALL,251
,REF,90837,CPT4,AK01,11,HMO,153.38
,HIAA80,90837,CPT4,666,11,TC,206
,HIAA80,90837,CPT4,700,11,HMOHRA,156
,HIAA80,90837,CPT4,920,11,MC,297
,HIAA80,90837,CPT4,006,11,MCAID,180
,HIAA80,90837,CPT4,945,11,HMOAVN,274
,HIAA80,90837,CPT4,549,11,MWC,413
,HIAA80,90837,CPT4,480,11,USACC,231
,HIAA80,90837,CPT4,851,11,MHMO,226
,HIAA80,90837,CPT4,731,11,HMOHRA,194
,HIAA80,90837,CPT4,855,11,SLFIN,275
,HIAA80,90837,CPT4,420,11,MBH,164
,HIAA80,90837,CPT4,280,11,DPPO,251
,HIAA80,90837,CPT4,420,11,MEFFS,164
,HIAA80,90837,CPT4,483,11,MWC,232
,HIAA80,90837,CPT4,352,11,MEHMO,179
,HIAA80,90837,CPT4,850,11,HMOHRA,251
,REF,90837,CPT4,AK01,11,HMOHRA,204.5
,HIAA80,90837,CPT4,662,11,TRICR,205
,HIAA80,90837,CPT4,837,11,MC,205
,HIAA80,90837,CPT4,460,11,NNHMO,205
,HIAA80,90837,CPT4,853,11,ALL,241
,HIAA80,90837,CPT4,731,11,MWC,194
,HIAA80,90837,CPT4,760,11,,225
,HIAA80,90837,CPT4,085,11,MEFFS,368
,HIAA80,90837,CPT4,407,11,HMOAVN,211
,HIAA80,90837,CPT4,939,11,HMOAVN,231
,HIAA80,90837,CPT4,200,11,SLFIN,257
,HIAA80,90837,CPT4,546,11,EAP,413
,HIAA80,90837,CPT4,773,11,MCAID,241
,HIAA80,90837,CPT4,662,11,USACC,205
,HIAA80,90837,CPT4,750,11,MHMO,236
,HIAA80,90837,CPT4,710,11,MEPPO,179
,HIAA80,90837,CPT4,774,11,DHMO,230
,REF,90837,CPT4,AK01,11,MCAID,169.37
,HIAA80,90837,CPT4,800,11,MC,260
,REF,90837,CPT4,AK01,11,MPPO,169.37
,HIAA80,90837,CPT4,782,11,TC,241
,HIAA80,90837,CPT4,853,11,MEHMO,241
,HIAA80,90837,CPT4,017,11,MEHMO,226
,HIAA80,90837,CPT4,221,11,MEPPO,205
,HIAA80,90837,CPT4,559,11,SLFIN,256
,REF,90837,CPT4,AK01,11,MWC,153.38
,HIAA80,90837,CPT4,554,11,MEPO,251
,HIAA80,90837,CPT4,611,11,SLFIN,257
,HIAA80,90837,CPT4,544,11,HMO,257
,HIAA80,90837,CPT4,498,11,MEFFS,205
,HIAA80,90837,CPT4,756,11,MWC,242
,HIAA80,90837,CPT4,840,11,NNHMO,185
,HIAA80,90837,CPT4,855,11,DHMO,275
,REF,90837,CPT4,AK01,11,MCAID,173.83
,HIAA80,90837,CPT4,752,11,VPHMO,220
,HIAA80,90837,CPT4,388,11,DHMO,205
,HIAA80,90837,CPT4,855,11,MEPPO,275
,HIAA80,90837,CPT4,591,11,SLFIN,205
,HIAA80,90837,CPT4,028,11,HMO,195
,HIAA80,90837,CPT4,893,11,MEPPO,257
,HIAA80,90837,CPT4,954,11,TC,205
,HIAA80,90837,CPT4,067,11,VPHMO,205
,HIAA80,90837,CPT4,100,11,VPHMO,364
,HIAA80,90837,CPT4,275,11,DHMO,241
,REF,90837,CPT4,AK01,11,MCARE,204.5
,REF,90837,CPT4,AK01,11,EAP,153.38
,HIAA80,90837,CPT4,452,11,HMO,180
,HIAA80,90837,CPT4,841,11,NNHMO,185
,HIAA80,90837,CPT4,280,11,MPPO,251
,HIAA80,90837,CPT4,064,11,VPHMO,201
,HIAA80,90837,CPT4,752,11,HMO,220
,HIAA80,90837,CPT4,530,11,MPPO,288
,HIAA80,90837,CPT4,945,11,MEFFS,274
,HIAA80,90837,CPT4,801,11,USACC,274
,HIAA80,90837,CPT4,928,11,MEPPO,277
,HIAA80,90837,CPT4,153,11,MBH,179
,HIAA80,90837,CPT4,460,11,HMOAVN,205
,HIAA80,90837,CPT4,640,11,USACC,176
,HIAA80,90837,CPT4,560,11,,259
,HIAA80,90837,CPT4,590,11,MCAID,190
,HIAA80,90837,CPT4,295,11,EAP,179
,HIAA80,90837,CPT4,316,11,MEPOS,241
,HIAA80,90837,CPT4,038,11,MCAID,201
,HIAA80,90837,CPT4,044,11,ALL,184
,HIAA80,90837,CPT4,544,11,VPHMO,257
,HIAA80,90837,CPT4,851,11,MEPOS,226
,REF,90837,CPT4,AK01,11,NNHMO,225.83
,HIAA80,90837,CPT4,222,11,HMOHRA,273
,HIAA80,90837,CPT4,240,11,MPPO,189
,HIAA80,90837,CPT4,800,11,MEFFS,260
,HIAA80,90837,CPT4,328,11,MEPOS,273
,HIAA80,90837,CPT4,294,11,MWC,231
,HIAA80,90837,CPT4,054,11,MEPPO,154
,HIAA80,90837,CPT4,543,11,HMOAVN,437
,HIAA80,90837,CPT4,460,11,MCAID,205
,HIAA80,90837,CPT4,352,11,HMOAVN,179
,HIAA80,90837,CPT4,394,11,MC,205
,HIAA80,90837,CPT4,493,11,TRICR,201
,HIAA80,90837,CPT4,085,11,NNHMO,368
,HIAA80,90837,CPT4,313,11,DPPO,205
,HIAA80,90837,CPT4,054,11,USACC,154
,HIAA80,90837,CPT4,920,11,TRICR,297
,HIAA80,90837,CPT4,067,11,TC,205
,HIAA80,90837,CPT4,208,11,MCAID,273
,HIAA80,90837,CPT4,840,11,,185
,REF,90837,CPT4,AK01,11,POS,225.83
,HIAA80,90837,CPT4,602,11,HMOAVN,206
,HIAA80,90837,CPT4,304,11,MEPO,249
,HIAA80,90837,CPT4,750,11,DHMO,236
,HIAA80,90837,CPT4,483,11,MCARE,232
,HIAA80,90837,CPT4,085,11,MEPOS,368
,HIAA80,90837,CPT4,339,11,MCAID,337
,HIAA80,90837,CPT4,530,11,SLFIN,288
,HIAA80,90837,CPT4,631,11,HMOHRA,185
,REF,90837,CPT4,AK01,11,HMO,169.37
,HIAA80,90837,CPT4,387,11,MEPOS,205
,REF,90837,CPT4,AK01,11,MPPO,169.37
,HIAA80,90837,CPT4,339,11,ALL,337
,HIAA80,90837,CPT4,928,11,ALL,277
,HIAA80,90837,CPT4,458,11,MC,196
,HIAA80,90837,CPT4,710,11,ALL,179
,HIAA80,90837,CPT4,928,11,EAP,277
,HIAA80,90837,CPT4,913,11,MCARE,276
,HIAA80,90837,CPT4,801,11,POS,274
,HIAA80,90837,CPT4,660,11,DPPO,185
,HIAA80,90837,CPT4,226,11,TRICR,233
,HIAA80,90837,CPT4,462,11,TRICR,222
,HIAA80,90837,CPT4,111,11,QPOS,256
,REF,90837,CPT4,AK01,11,TC,225.83
,HIAA80,90837,CPT4,871,11,USACC,230
,HIAA80,90837,CPT4,571,11,MC,251
,HIAA80,90837,CPT4,066,11,VPHMO,225
,HIAA80,90837,CPT4,731,11,DHMO,194
,HIAA80,90837,CPT4,820,11,NNHMO,256
,HIAA80,90837,CPT4,524,11,SLFIN,200
,HIAA80,90837,CPT4,462,11,MEFFS,222
,HIAA80,90837,CPT4,939,11,EAP,231
,HIAA80,90837,CPT4,541,11,MEHMO,449
,HIAA80,90837,CPT4,232,11,SLFIN,186
,HIAA80,90837,CPT4,208,11,HMO,273
,HIAA80,90837,CPT4,640,11,MCAID,176
,HIAA80,90837,CPT4,331,11,DHMO,358
,HIAA80,90837,CPT4,554,11,MEPPO,251
,HIAA80,90837,CPT4,292,11,HMO,189
,HIAA80,90837,CPT4,370,11,TC,193
,HIAA80,90837,CPT4,050,11,MEPOS,174
,HIAA80,90837,CPT4,522,11,MEHMO,231
,REF,90837,CPT4,AK01,11,MCARE,191.95
,HIAA80,90837,CPT4,770,11,QPOS,352
,HIAA80,90837,CPT4,420,11,,164
,HIAA80,90837,CPT4,580,11,MEFFS,334
,REF,90837,CPT4,AK01,11,ALL,225.83
,HIAA80,90837,CPT4,444,11,MEFFS,200
,HIAA80,90837,CPT4,522,11,HMOHRA,231
,HIAA80,90837,CPT4,768,11,HMOHRA,205
,HIAA80,90837,CPT4,067,11,DHMO,205
,HIAA80,90837,CPT4,928,11,TRICR,277
,REF,90837,CPT4,AK01,11,MC,225.83
,REF,90837,CPT4,AK01,11,HMO,204.5
,HIAA80,90837,CPT4,021,11,HMOAVN,276
,HIAA80,90837,CPT4,561,11,HMO,302
,HIAA80,90837,CPT4,440,11,HMOHRA,216
,REF,90837,CPT4,AK01,11,DPPO,204.5
,HIAA80,90837,CPT4,441,11,TRICR,257
,HIAA80,90837,CPT4,662,11,HMOAVN,205
,REF,90837,CPT4,AK01,11,MC,173.83
,HIAA80,90837,CPT4,194,11,MCAID,205
,HIAA80,90837,CPT4,278,11,MEHMO,246
,HIAA80,90837,CPT4,444,11,MHMO,200
,REF,90837,CPT4,AK01,11,MEPO,191.95
,HIAA80,90837,CPT4,242,11,QPOS,210
,HIAA80,90837,CPT4,221,11,MHMO,205
,HIAA80,90837,CPT4,612,11,DPPO,231
,HIAA80,90837,CPT4,490,11,MBH,206
,REF,90837,CPT4,AK01,11,,204.5
,HIAA80,90837,CPT4,470,11,SLFIN,176
,REF,90837,CPT4,AK01,11,,225.83
,REF,90837,CPT4,AK01,11,DPPO,204.5
,HIAA80,90837,CPT4,085,11,,368
,HIAA80,90837,CPT4,342,11,MBH,268
,HIAA80,90837,CPT4,050,11,MCARE,174
,REF,90837,CPT4,AK01,11,HMOAVN,169.37
,HIAA80,90837,CPT4,774,11,USACC,230
,HIAA80,90837,CPT4,465,11,MEFFS,190
,HIAA80,90837,CPT4,544,11,MEHMO,257
,HIAA80,90837,CPT4,484,11,HMO,251
,HIAA80,90837,CPT4,080,11,DPPO,226
,HIAA80,90837,CPT4,067,11,MWC,205
,REF,90837,CPT4,AK01,11,MEHMO,225.83
,HIAA80,90837,CPT4,522,11,USACC,231
,HIAA80,90837,CPT4,666,11,SLFIN,206
,REF,90837,CPT4,AK01,11,MCAID,169.37
,HIAA80,90837,CPT4,275,11,MEFFS,241
,REF,90837,CPT4,AK01,11,MHMO,204.5
,HIAA80,90837,CPT4,833,11,HMOAVN,215
,HIAA80,90837,CPT4,833,11,HMOHRA,215
,HIAA80,90837,CPT4,493,11,USACC,201
,HIAA80,90837,CPT4,774,11,MEPO,230
,HIAA80,90837,CPT4,370,11,SLFIN,193
,HIAA80,90837,CPT4,495,11,DPPO,205
,HIAA80,90837,CPT4,054,11,DPPO,154
,HIAA80,90837,CPT4,616,11,MC,221
,HIAA80,90837,CPT4,981,11,MWC,230
,HIAA80,90837,CPT4,752,11,QPOS,220
,REF,90837,CPT4,AK01,11,MHMO,173.83
,HIAA80,90837,CPT4,605,11,MEPPO,256
,HIAA80,90837,CPT4,762,11,TRICR,231
,REF,90837,CPT4,AK01,11,MEPO,173.83
,HIAA80,90837,CPT4,893,11,MPPO,257
,HIAA80,90837,CPT4,200,11,MEPO,257
,HIAA80,90837,CPT4,316,11,MC,241
,REF,90837,CPT4,AK01,11,MPPO,191.95
,HIAA80,90837,CPT4,402,11,MEPO,205
,HIAA80,90837,CPT4,224,11,MPPO,195
,HIAA80,90837,CPT4,239,11,TC,256
,HIAA80,90837,CPT4,433,11,QPOS,180
,HIAA80,90837,CPT4,300,11,MPPO,226
,HIAA80,90837,CPT4,298,11,HMO,257
,HIAA80,90837,CPT4,940,11,MEHMO,298
,HIAA80,90837,CPT4,327,11,HMOHRA,199
,HIAA80,90837,CPT4,444,11,POS,200
,HIAA80,90837,CPT4,837,11,MEHMO,205
,HIAA80,90837,CPT4,840,11,ALL,185
,HIAA80,90837,CPT4,088,11,POS,206
,HIAA80,90837,CPT4,313,11,MCAID,205
,REF,90837,CPT4,AK01,11,POS,169.37
,HIAA80,90837,CPT4,363,11,QPOS,174
,HIAA80,90837,CPT4,730,11,MHMO,179
,HIAA80,90837,CPT4,411,11,MBH,204
,REF,90837,CPT4,AK01,11,SLFIN,204.5
,HIAA80,90837,CPT4,420,11,MCARE,164
,HIAA80,90837,CPT4,878,11,MEFFS,231
,HIAA80,90837,CPT4,212,11,,184
,HIAA80,90837,CPT4,226,11,MHMO,233
,HIAA80,90837,CPT4,440,11,NNHMO,216
,HIAA80,90837,CPT4,460,11,DHMO,205
,HIAA80,90837,CPT4,765,11,,241
,HIAA80,90837,CPT4,208,11,MCARE,273
,HIAA80,90837,CPT4,113,11,TRICR,308
,HIAA80,90837,CPT4,522,11,MC,231
,HIAA80,90837,CPT4,522,11,POS,231
,REF,90837,CPT4,AK01,11,MC,204.5
,HIAA80,90837,CPT4,077,11,MEHMO,205
,HIAA80,90837,CPT4,194,11,HMOAVN,205
,HIAA80,90837,CPT4,067,11,TRICR,205
,REF,90837,CPT4,AK01,11,DHMO,153.38
,HIAA80,90837,CPT4,522,11,MBH,231
,HIAA80,90837,CPT4,669,11,TC,201
,HIAA80,90837,CPT4,432,11,MC,283
,HIAA80,90837,CPT4,201,11,MEPO,273
,HIAA80,90837,CPT4,100,11,TC,364
,HIAA80,90837,CPT4,233,11,MCARE,251
,HIAA80,90837,CPT4,475,11,MEPPO,293
,HIAA80,90837,CPT4,703,11,TRICR,154
,HIAA80,90837,CPT4,448,11,MEFFS,175
,HIAA80,90837,CPT4,537,11,HMO,251
,HIAA80,90837,CPT4,341,11,EAP,302
,HIAA80,90837,CPT4,922,11,HMO,256
,HIAA80,90837,CPT4,403,11,HMOAVN,205
,HIAA80,90837,CPT4,293,11,MC,154
,REF,90837,CPT4,AK01,11,HMOHRA,225.83
,HIAA80,90837,CPT4,967,11,MBH,251
,HIAA80,90837,CPT4,730,11,MEFFS,179
,HIAA80,90837,CPT4,064,11,QPOS,201
,HIAA80,90837,CPT4,850,11,MPPO,251
,HIAA80,90837,CPT4,067,11,ALL,205
,HIAA80,90837,CPT4,013,11,MHMO,215
,HIAA80,90837,CPT4,913,11,NNHMO,276
,HIAA80,90837,CPT4,490,11,HMOHRA,206
,REF,90837,CPT4,AK01,11,,225.83
,HIAA80,90837,CPT4,932,11,USACC,251
,HIAA80,90837,CPT4,559,11,DHMO,256
,HIAA80,90837,CPT4,085,11,TC,368
,HIAA80,90837,CPT4,064,11,MPPO,201
,HIAA80,90837,CPT4,928,11,MPPO,277
,HIAA80,90837,CPT4,537,11,HMOHRA,251
,REF,90837,CPT4,AK01,11,EAP,225.83
,HIAA80,90837,CPT4,731,11,HMO,194
,REF,90837,CPT4,AK01,11,MEPPO,153.38
,HIAA80,90837,CPT4,070,11,HMOHRA,301
,HIAA80,90837,CPT4,222,11,DHMO,273
,REF,90837,CPT4,AK01,11,DHMO,173.83
,HIAA80,90837,CPT4,974,11,EAP,271
,HIAA80,90837,CPT4,242,11,MBH,210
,HIAA80,90837,CPT4,200,11,MEHMO,257
,HIAA80,90837,CPT4,247,11,MCAID,231
,HIAA80,90837,CPT4,995,11,HMOAVN,298
,REF,90837,CPT4,AK01,11,TC,169.37
,HIAA80,90837,CPT4,768,11,MC,205
,HIAA80,90837,CPT4,943,11,MEPPO,601
,REF,90837,CPT4,AK01,11,HMOHRA,204.5
,REF,90837,CPT4,AK01,11,HMO,204.5
,HIAA80,90837,CPT4,708,11,TRICR,154
,HIAA80,90837,CPT4,611,11,MCARE,257
,HIAA80,90837,CPT4,062,11,POS,201
,HIAA80,90837,CPT4,765,11,MCARE,241
,HIAA80,90837,CPT4,232,11,DPPO,186
,HIAA80,90837,CPT4,460,11,MEPOS,205
,REF,90837,CPT4,AK01,11,HMO,225.83
,HIAA80,90837,CPT4,647,11,MEPOS,200
,HIAA80,90837,CPT4,077,11,VPHMO,205
,HIAA80,90837,CPT4,493,11,MCAID,201
,HIAA80,90837,CPT4,407,11,MEPPO,211
,HIAA80,90837,CPT4,545,11,HMOAVN,262
,HIAA80,90837,CPT4,731,11,MEFFS,194
,HIAA80,90837,CPT4,921,11,TRICR,257
,HIAA80,90837,CPT4,190,11,MEHMO,205
,HIAA80,90837,CPT4,490,11,HMO,206
,HIAA80,90837,CPT4,841,11,MEFFS,185
,HIAA80,90837,CPT4,580,11,MWC,334
,HIAA80,90837,CPT4,013,11,QPOS,215
,REF,90837,CPT4,AK01,11,QPOS,169.37
,HIAA80,90837,CPT4,774,11,TRICR,230
,HIAA80,90837,CPT4,878,11,DPPO,231
,HIAA80,90837,CPT4,549,11,EAP,413
,HIAA80,90837,CPT4,402,11,EAP,205
,HIAA80,90837,CPT4,387,11,MBH,205
,HIAA80,90837,CPT4,871,11,MWC,230
,HIAA80,90837,CPT4,164,11,MEPO,176
,HIAA80,90837,CPT4,115,11,QPOS,352
,HIAA80,90837,CPT4,458,11,QPOS,196
,REF,90837,CPT4,AK01,11,ALL,225.83
,HIAA80,90837,CPT4,208,11,,273
,HIAA80,90837,CPT4,856,11,NNHMO,226
,HIAA80,90837,CPT4,833,11,HMO,215
,HIAA80,90837,CPT4,387,11,USACC,205
,HIAA80,90837,CPT4,077,11,EAP,205
,HIAA80,90837,CPT4,240,11,MEPPO,189
,HIAA80,90837,CPT4,601,11,TRICR,216
,HIAA80,90837,CPT4,294,11,EAP,231
,HIAA80,90837,CPT4,483,11,SLFIN,232
,HIAA80,90837,CPT4,006,11,MBH,180
,HIAA80,90837,CPT4,805,11,NNHMO,274
,HIAA80,90837,CPT4,335,11,POS,284
,REF,90837,CPT4,AK01,11,MPPO,225.83
,HIAA80,90837,CPT4,995,11,NNHMO,298
,HIAA80,90837,CPT4,017,11,MHMO,226
,HIAA80,90837,CPT4,065,11,POS,205
,HIAA80,90837,CPT4,475,11,NNHMO,293
,HIAA80,90837,CPT4,210,11,MEPPO,205
,HIAA80,90837,CPT4,331,11,SLFIN,358
,HIAA80,90837,CPT4,111,11,NNHMO,256
,HIAA80,90837,CPT4,300,11,MEFFS,226
,HIAA80,90837,CPT4,233,11,MPPO,251
,REF,90837,CPT4,AK01,11,NNHMO,153.38
,HIAA80,90837,CPT4,210,11,MHMO,205
,HIAA80,90837,CPT4,700,11,MEPOS,156
,HIAA80,90837,CPT4,598,11,MCAID,195
,HIAA80,90837,CPT4,890,11,MEFFS,215
,REF,90837,CPT4,AK01,11,MEFFS,173.83
,REF,90837,CPT4,AK01,11,MC,169.37
,HIAA80,90837,CPT4,226,11,DPPO,233
,HIAA80,90837,CPT4,995,11,HMOHRA,298
,HIAA80,90837,CPT4,475,11,POS,293
,HIAA80,90837,CPT4,437,11,,205
,HIAA80,90837,CPT4,316,11,MBH,241
,HIAA80,90837,CPT4,561,11,QPOS,302
,HIAA80,90837,CPT4,292,11,VPHMO,189
,HIAA80,90837,CPT4,470,11,MEHMO,176
,HIAA80,90837,CPT4,620,11,EAP,195
,HIAA80,90837,CPT4,470,11,POS,176
,HIAA80,90837,CPT4,013,11,MCAID,215
,HIAA80,90837,CPT4,703,11,USACC,154
,HIAA80,90837,CPT4,190,11,NNHMO,205
,HIAA80,90837,CPT4,222,11,MEPO,273
,HIAA80,90837,CPT4,130,11,DHMO,179
,HIAA80,90837,CPT4,208,11,MHMO,273
,HIAA80,90837,CPT4,339,11,MEPO,337
,HIAA80,90837,CPT4,559,11,MCARE,256
,HIAA80,90837,CPT4,224,11,MCAID,195
,HIAA80,90837,CPT4,495,11,MCAID,205
,HIAA80,90837,CPT4,662,11,MEPO,205
,HIAA80,90837,CPT4,067,11,MEPPO,205
,HIAA80,90837,CPT4,085,11,EAP,368
,HIAA80,90837,CPT4,222,11,MWC,273
,HIAA80,90837,CPT4,021,11,VPHMO,276
,HIAA80,90837,CPT4,164,11,MCAID,176
,REF,90837,CPT4,AK01,11,MWC,169.37
,HIAA80,90837,CPT4,420,11,TRICR,164
,HIAA80,90837,CPT4,208,11,MEPO,273
,REF,90837,CPT4,AK01,11,USACC,169.37
,HIAA80,90837,CPT4,067,11,MCARE,205
,HIAA80,90837,CPT4,407,11,MEPOS,211
,HIAA80,90837,CPT4,620,11,MWC,195
,HIAA80,90837,CPT4,554,11,TRICR,251
,HIAA80,90837,CPT4,024,11,TRICR,256
,HIAA80,90837,CPT4,388,11,MCARE,205
,HIAA80,90837,CPT4,480,11,DPPO,231
,HIAA80,90837,CPT4,601,11,SLFIN,216
,HIAA80,90837,CPT4,453,11,HMOAVN,205
,HIAA80,90837,CPT4,939,11,MEFFS,231
,HIAA80,90837,CPT4,853,11,MBH,241
,HIAA80,90837,CPT4,017,11,MWC,226
,HIAA80,90837,CPT4,483,11,VPHMO,232
,HIAA80,90837,CPT4,601,11,MEFFS,216
,HIAA80,90837,CPT4,602,11,POS,206
,HIAA80,90837,CPT4,215,11,DHMO,200
,HIAA80,90837,CPT4,240,11,MEHMO,189
,HIAA80,90837,CPT4,522,11,TRICR,231
,HIAA80,90837,CPT4,360,11,TC,172
,REF,90837,CPT4,AK01,11,MC,225.83
,REF,90837,CPT4,AK01,11,USACC,169.37
,REF,90837,CPT4,AK01,11,TC,153.38
,HIAA80,90837,CPT4,150,11,SLFIN,185
,HIAA80,90837,CPT4,939,11,MWC,231
,HIAA80,90837,CPT4,590,11,POS,190
,HIAA80,90837,CPT4,044,11,EAP,184
,HIAA80,90837,CPT4,152,11,,180
,HIAA80,90837,CPT4,313,11,HMOHRA,205
,HIAA80,90837,CPT4,298,11,MBH,257
,HIAA80,90837,CPT4,484,11,VPHMO,251
,HIAA80,90837,CPT4,666,11,MCAID,206
,HIAA80,90837,CPT4,469,11,VPHMO,205
,HIAA80,90837,CPT4,532,11,MCAID,287
,HIAA80,90837,CPT4,240,11,QPOS,189
,HIAA80,90837,CPT4,224,11,DPPO,195
,HIAA80,90837,CPT4,532,11,NNHMO,287
,HIAA80,90837,CPT4,640,11,MEHMO,176
,REF,90837,CPT4,AK01,11,HMOHRA,225.83
,REF,90837,CPT4,AK01,11,MC,153.38
,HIAA80,90837,CPT4,559,11,MHMO,256
,HIAA80,90837,CPT4,482,11,USACC,231
,REF,90837,CPT4,AK01,11,HMO,225.83
,HIAA80,90837,CPT4,372,11,TC,277
,REF,90837,CPT4,AK01,11,POS,204.5
,REF,90837,CPT4,AK01,11,MCAID,153.38
,HIAA80,90837,CPT4,837,11,MEPOS,205
,HIAA80,90837,CPT4,054,11,MC,154
,HIAA80,90837,CPT4,756,11,SLFIN,242
,HIAA80,90837,CPT4,430,11,DHMO,231
,HIAA80,90837,CPT4,921,11,POS,257
,HIAA80,90837,CPT4,974,11,USACC,271
,HIAA80,90837,CPT4,475,11,MEPO,293
,HIAA80,90837,CPT4,363,11,MEFFS,174
,HIAA80,90837,CPT4,481,11,VPHMO,231
,HIAA80,90837,CPT4,920,11,MHMO,297
,HIAA80,90837,CPT4,028,11,EAP,195
,HIAA80,90837,CPT4,768,11,DPPO,205
,REF,90837,CPT4,AK01,11,EAP,153.38
,REF,90837,CPT4,AK01,11,MEPOS,169.37
,HIAA80,90837,CPT4,441,11,DPPO,257
,HIAA80,90837,CPT4,666,11,MPPO,206
,HIAA80,90837,CPT4,233,11,MCAID,251
,HIAA80,90837,CPT4,088,11,TC,206
,HIAA80,90837,CPT4,372,11,MEPO,277
,HIAA80,90837,CPT4,142,11,,204
,HIAA80,90837,CPT4,820,11,MEPO,256
,HIAA80,90837,CPT4,928,11,MWC,277
,HIAA80,90837,CPT4,524,11,MCARE,200
,HIAA80,90837,CPT4,469,11,MCARE,205
,REF,90837,CPT4,AK01,11,MEHMO,173.83
,HIAA80,90837,CPT4,208,11,MWC,273
,HIAA80,90837,CPT4,553,11,MEHMO,253
,HIAA80,90837,CPT4,488,11,HMO,226
,HIAA80,90837,CPT4,837,11,MEFFS,205
,HIAA80,90837,CPT4,666,11,QPOS,206
,HIAA80,90837,CPT4,290,11,ALL,164
,HIAA80,90837,CPT4,974,11,SLFIN,271
,HIAA80,90837,CPT4,782,11,MBH,241
,HIAA80,90837,CPT4,460,11,VPHMO,205
,HIAA80,90837,CPT4,452,11,USACC,180
,HIAA80,90837,CPT4,522,11,ALL,231
,HIAA80,90837,CPT4,372,11,HMOHRA,277
,HIAA80,90837,CPT4,313,11,HMO,205
,HIAA80,90837,CPT4,293,11,MEPO,154
,HIAA80,90837,CPT4,292,11,MEPO,189
,HIAA80,90837,CPT4,448,11,ALL,175
,REF,90837,CPT4,AK01,11,POS,169.37
,HIAA80,90837,CPT4,893,11,MCAID,257
,REF,90837,CPT4,AK01,11,DHMO,204.5
,HIAA80,90837,CPT4,612,11,MEPOS,231
,HIAA80,90837,CPT4,339,11,MEPOS,337
,HIAA80,90837,CPT4,330,11,TC,273
,HIAA80,90837,CPT4,062,11,MEFFS,201
,HIAA80,90837,CPT4,024,11,TC,256
,HIAA80,90837,CPT4,531,11,ALL,288
,HIAA80,90837,CPT4,532,11,MEPO,287
,HIAA80,90837,CPT4,652,11,MEFFS,154
,HIAA80,90837,CPT4,560,11,MEPO,259
,HIAA80,90837,CPT4,730,11,MC,179
,REF,90837,CPT4,AK01,11,,225.83
,HIAA80,90837,CPT4,013,11,USACC,215
,HIAA80,90837,CPT4,939,11,MC,231
,HIAA80,90837,CPT4,260,11,HMO,226
,HIAA80,90837,CPT4,222,11,MBH,273
,HIAA80,90837,CPT4,294,11,MBH,231
,REF,90837,CPT4,AK01,11,MHMO,169.37
,HIAA80,90837,CPT4,482,11,MEPOS,231
,HIAA80,90837,CPT4,308,11,MHMO,225
,HIAA80,90837,CPT4,436,11,HMOHRA,185
,HIAA80,90837,CPT4,544,11,MEFFS,257
,HIAA80,90837,CPT4,833,11,,215
,HIAA80,90837,CPT4,465,11,MCAID,190
,HIAA80,90837,CPT4,598,11,TRICR,195
,REF,90837,CPT4,AK01,11,,173.83
,HIAA80,90837,CPT4,748,11,,205
,HIAA80,90837,CPT4,551,11,DPPO,251
,HIAA80,90837,CPT4,432,11,EAP,283
,HIAA80,90837,CPT4,290,11,SLFIN,164
,HIAA80,90837,CPT4,531,11,MEPPO,288
,HIAA80,90837,CPT4,921,11,NNHMO,257
,HIAA80,90837,CPT4,496,11,VPHMO,215
,REF,90837,CPT4,AK01,11,MBH,191.95
,REF,90837,CPT4,AK01,11,MCARE,225.83
,HIAA80,90837,CPT4,342,11,HMOAVN,268
,REF,90837,CPT4,AK01,11,MEFFS,169.37
,REF,90837,CPT4,AK01,11,TRICR,204.5
,HIAA80,90837,CPT4,974,11,MBH,271
,HIAA80,90837,CPT4,212,11,MHMO,184
,HIAA80,90837,CPT4,113,11,MWC,308
,REF,90837,CPT4,AK01,11,TRICR,153.38
,HIAA80,90837,CPT4,700,11,,156
,HIAA80,90837,CPT4,017,11,QPOS,226
,HIAA80,90837,CPT4,296,11,SLFIN,185
,HIAA80,90837,CPT4,290,11,USACC,164
,HIAA80,90837,CPT4,298,11,MEPO,257
,REF,90837,CPT4,AK01,11,USACC,204.5
,HIAA80,90837,CPT4,088,11,VPHMO,206
,HIAA80,90837,CPT4,544,11,MCARE,257
,HIAA80,90837,CPT4,316,11,QPOS,241
,REF,90837,CPT4,AK01,11,TRICR,225.83
,HIAA80,90837,CPT4,287,11,MEFFS,222
,HIAA80,90837,CPT4,470,11,HMOAVN,176
,HIAA80,90837,CPT4,388,11,HMOHRA,205
,HIAA80,90837,CPT4,038,11,MCARE,201
,HIAA80,90837,CPT4,910,11,SLFIN,256
,HIAA80,90837,CPT4,296,11,DPPO,185
,HIAA80,90837,CPT4,372,11,POS,277
,HIAA80,90837,CPT4,469,11,MHMO,205
,HIAA80,90837,CPT4,544,11,MPPO,257
,HIAA80,90837,CPT4,065,11,HMOHRA,205
,HIAA80,90837,CPT4,054,11,HMOHRA,154
,HIAA80,90837,CPT4,611,11,DHMO,257
,HIAA80,90837,CPT4,498,11,QPOS,205
,HIAA80,90837,CPT4,910,11,MBH,256
,HIAA80,90837,CPT4,532,11,MBH,287
,HIAA80,90837,CPT4,841,11,TRICR,185
,HIAA80,90837,CPT4,920,11,MPPO,297
,HIAA80,90837,CPT4,437,11,TRICR,205
,HIAA80,90837,CPT4,402,11,MBH,205
,HIAA80,90837,CPT4,260,11,MWC,226
,HIAA80,90837,CPT4,546,11,DPPO,413
,HIAA80,90837,CPT4,352,11,MBH,179
,REF,90837,CPT4,AK01,11,QPOS,153.38
,HIAA80,90837,CPT4,147,11,MPPO,164
,HIAA80,90837,CPT4,484,11,MC,251
,HIAA80,90837,CPT4,601,11,MEPPO,216
,HIAA80,90837,CPT4,611,11,HMOAVN,257
,HIAA80,90837,CPT4,770,11,POS,352
,HIAA80,90837,CPT4,561,11,VPHMO,302
,HIAA80,90837,CPT4,840,11,MWC,185
,REF,90837,CPT4,AK01,11,ALL,204.5
,HIAA80,90837,CPT4,239,11,EAP,256
,REF,90837,CPT4,AK01,11,SLFIN,191.95
,HIAA80,90837,CPT4,370,11,MC,193
,REF,90837,CPT4,AK01,11,MEFFS,225.83
,REF,90837,CPT4,AK01,11,MHMO,153.38
,HIAA80,90837,CPT4,748,11,MEPOS,205
,HIAA80,90837,CPT4,140,11,HMOHRA,201
,HIAA80,90837,CPT4,330,11,MCARE,273
,HIAA80,90837,CPT4,878,11,HMO,231
,HIAA80,90837,CPT4,532,11,HMOAVN,287
,HIAA80,90837,CPT4,086,11,MCAID,261
,HIAA80,90837,CPT4,662,11,SLFIN,205
,HIAA80,90837,CPT4,142,11,MEPOS,204
,HIAA80,90837,CPT4,543,11,POS,437
,HIAA80,90837,CPT4,450,11,QPOS,231
,HIAA80,90837,CPT4,606,11,MEHMO,207
,HIAA80,90837,CPT4,496,11,MCAID,215
,HIAA80,90837,CPT4,535,11,NNHMO,247
,REF,90837,CPT4,AK01,11,DPPO,169.37
,HIAA80,90837,CPT4,601,11,DPPO,216
,HIAA80,90837,CPT4,300,11,QPOS,226
,HIAA80,90837,CPT4,496,11,MEPO,215
,HIAA80,90837,CPT4,469,11,MEFFS,205
,HIAA80,90837,CPT4,441,11,POS,257
,HIAA80,90837,CPT4,775,11,DPPO,205
,HIAA80,90837,CPT4,851,11,MC,226
,REF,90837,CPT4,AK01,11,MCAID,169.37
,HIAA80,90837,CPT4,605,11,MEPOS,256
,HIAA80,90837,CPT4,488,11,MEHMO,226
,HIAA80,90837,CPT4,436,11,MEPO,185
,HIAA80,90837,CPT4,140,11,VPHMO,201
,HIAA80,90837,CPT4,278,11,MCARE,246
,HIAA80,90837,CPT4,221,11,MEPO,205
,HIAA80,90837,CPT4,105,11,MBH,367
,HIAA80,90837,CPT4,981,11,,230
,HIAA80,90837,CPT4,495,11,USACC,205
,HIAA80,90837,CPT4,292,11,,189
,HIAA80,90837,CPT4,330,11,DHMO,273
,HIAA80,90837,CPT4,841,11,MEPPO,185
,HIAA80,90837,CPT4,194,11,MEPOS,205
,HIAA80,90837,CPT4,054,11,MPPO,154
,HIAA80,90837,CPT4,344,11,TRICR,265
,HIAA80,90837,CPT4,290,11,MEPO,164
,HIAA80,90837,CPT4,631,11,MCAID,185
,HIAA80,90837,CPT4,313,11,MEFFS,205
,HIAA80,90837,CPT4,453,11,VPHMO,205
,HIAA80,90837,CPT4,549,11,TRICR,413
,HIAA80,90837,CPT4,600,11,HMO,206
,HIAA80,90837,CPT4,703,11,,154
,HIAA80,90837,CPT4,841,11,SLFIN,185
,HIAA80,90837,CPT4,773,11,SLFIN,241
,HIAA80,90837,CPT4,801,11,TC,274
,REF,90837,CPT4,AK01,11,EAP,225.83
,HIAA80,90837,CPT4,541,11,HMO,449
,HIAA80,90837,CPT4,760,11,MC,225
,REF,90837,CPT4,AK01,11,MPPO,225.83
,HIAA80,90837,CPT4,006,11,USACC,180
,HIAA80,90837,CPT4,287,11,,222
,REF,90837,CPT4,AK01,11,,204.5
,HIAA80,90837,CPT4,437,11,MHMO,205
,REF,90837,CPT4,AK01,11,MCARE,225.83
,HIAA80,90837,CPT4,006,11,VPHMO,180
,HIAA80,90837,CPT4,360,11,MBH,172
,HIAA80,90837,CPT4,067,11,HMOHRA,205
,HIAA80,90837,CPT4,437,11,EAP,205
,REF,90837,CPT4,AK01,11,MC,204.5
,HIAA80,90837,CPT4,420,11,MWC,164
,HIAA80,90837,CPT4,708,11,MBH,154
,HIAA80,90837,CPT4,066,11,MBH,225
,REF,90837,CPT4,AK01,11,MBH,169.37
,HIAA80,90837,CPT4,662,11,MEFFS,205
,HIAA80,90837,CPT4,782,11,DHMO,241
,HIAA80,90837,CPT4,215,11,TC,200
,HIAA80,90837,CPT4,871,11,QPOS,230
,HIAA80,90837,CPT4,140,11,MC,201
,HIAA80,90837,CPT4,553,11,USACC,253
,HIAA80,90837,CPT4,550,11,MBH,257
,HIAA80,90837,CPT4,115,11,HMO,352
,HIAA80,90837,CPT4,856,11,MCARE,226
,HIAA80,90837,CPT4,017,11,HMOHRA,226
,HIAA80,90837,CPT4,775,11,DHMO,205
,HIAA80,90837,CPT4,278,11,ALL,246
,HIAA80,90837,CPT4,215,11,MWC,200
,HIAA80,90837,CPT4,100,11,MHMO,364
,HIAA80,90837,CPT4,328,11,HMO,273
,HIAA80,90837,CPT4,551,11,NNHMO,251
,REF,90837,CPT4,AK01,11,MPPO,191.95
,HIAA80,90837,CPT4,604,11,MPPO,241
,REF,90837,CPT4,AK01,11,MHMO,225.83
,HIAA80,90837,CPT4,530,11,MC,288
,HIAA80,90837,CPT4,150,11,ALL,185
,HIAA80,90837,CPT4,770,11,TRICR,352
,HIAA80,90837,CPT4,458,11,MPPO,196
,REF,90837,CPT4,AK01,11,MBH,225.83
,HIAA80,90837,CPT4,201,11,POS,273
,REF,90837,CPT4,AK01,11,ALL,173.83
,REF,90837,CPT4,AK01,11,DPPO,169.37
,HIAA80,90837,CPT4,486,11,,215
,HIAA80,90837,CPT4,105,11,MEPO,367
,HIAA80,90837,CPT4,616,11,MEFFS,221
,HIAA80,90837,CPT4,800,11,VPHMO,260
,HIAA80,90837,CPT4,920,11,DPPO,297
,REF,90837,CPT4,AK01,11,ALL,169.37
,HIAA80,90837,CPT4,571,11,MCARE,251
,HIAA80,90837,CPT4,631,11,VPHMO,185
,HIAA80,90837,CPT4,232,11,ALL,186
,HIAA80,90837,CPT4,700,11,ALL,156
,HIAA80,90837,CPT4,313,11,,205
,REF,90837,CPT4,AK01,11,QPOS,204.5
,HIAA80,90837,CPT4,339,11,QPOS,337
,HIAA80,90837,CPT4,085,11,MPPO,368
,HIAA80,90837,CPT4,488,11,USACC,226
,HIAA80,90837,CPT4,313,11,MC,205
,HIAA80,90837,CPT4,462,11,MEPPO,222
,HIAA80,90837,CPT4,553,11,MHMO,253
,HIAA80,90837,CPT4,152,11,MC,180
,HIAA80,90837,CPT4,282,11,MEFFS,251
,HIAA80,90837,CPT4,618,11,MEPO,211
,HIAA80,90837,CPT4,308,11,MEPO,225
,HIAA80,90837,CPT4,441,11,MC,257
,HIAA80,90837,CPT4,247,11,MEPOS,231
,REF,90837,CPT4,AK01,11,MHMO,225.83
,HIAA80,90837,CPT4,590,11,TRICR,190
,HIAA80,90837,CPT4,006,11,EAP,180
,HIAA80,90837,CPT4,913,11,DPPO,276
,HIAA80,90837,CPT4,140,11,MEPO,201
,HIAA80,90837,CPT4,601,11,,216
,HIAA80,90837,CPT4,456,11,ALL,212
,HIAA80,90837,CPT4,342,11,MC,268
,HIAA80,90837,CPT4,878,11,MPPO,231
,HIAA80,90837,CPT4,922,11,MBH,256
,HIAA80,90837,CPT4,388,11,MEPO,205
,REF,90837,CPT4,AK01,11,DHMO,191.95
,HIAA80,90837,CPT4,943,11,MEFFS,601
,REF,90837,CPT4,AK01,11,HMOHRA,169.37
,HIAA80,90837,CPT4,710,11,MEHMO,179
,HIAA80,90837,CPT4,995,11,POS,298
,HIAA80,90837,CPT4,344,11,QPOS,265
,HIAA80,90837,CPT4,328,11,MEPO,273
,HIAA80,90837,CPT4,381,11,HMO,201
,HIAA80,90837,CPT4,537,11,MEPO,251
,HIAA80,90837,CPT4,871,11,MCARE,230
,REF,90837,CPT4,AK01,11,SLFIN,153.38
,HIAA80,90837,CPT4,242,11,MEPOS,210
,HIAA80,90837,CPT4,147,11,HMOAVN,164
,HIAA80,90837,CPT4,215,11,ALL,200
,HIAA80,90837,CPT4,549,11,SLFIN,413
,HIAA80,90837,CPT4,363,11,MC,174
,HIAA80,90837,CPT4,387,11,MEHMO,205
,HIAA80,90837,CPT4,550,11,MCARE,257
,REF,90837,CPT4,AK01,11,MBH,225.83
,HIAA80,90837,CPT4,308,11,MEPPO,225
,HIAA80,90837,CPT4,024,11,ALL,256
,REF,90837,CPT4,AK01,11,MEHMO,153.38
,HIAA80,90837,CPT4,531,11,HMOHRA,288
,HIAA80,90837,CPT4,044,11,NNHMO,184
,REF,90837,CPT4,AK01,11,HMOAVN,225.83
,HIAA80,90837,CPT4,560,11,HMOHRA,259
,HIAA80,90837,CPT4,752,11,MBH,220
,HIAA80,90837,CPT4,085,11,USACC,368
,REF,90837,CPT4,AK01,11,EAP,169.37
,HIAA80,90837,CPT4,066,11,HMO,225
,HIAA80,90837,CPT4,498,11,MEPO,205
,HIAA80,90837,CPT4,995,11,DPPO,298
,HIAA80,90837,CPT4,606,11,MEPOS,207
,HIAA80,90837,CPT4,142,11,MCARE,204
,HIAA80,90837,CPT4,703,11,NNHMO,154
,HIAA80,90837,CPT4,554,11,SLFIN,251
,HIAA80,90837,CPT4,111,11,HMOHRA,256
,HIAA80,90837,CPT4,403,11,MCAID,205
,HIAA80,90837,CPT4,996,11,MPPO,266
,HIAA80,90837,CPT4,553,11,SLFIN,253
,HIAA80,90837,CPT4,054,11,ALL,154
,HIAA80,90837,CPT4,553,11,HMO,253
,HIAA80,90837,CPT4,062,11,MCARE,201
,HIAA80,90837,CPT4,936,11,MEFFS,205
,HIAA80,90837,CPT4,050,11,DPPO,174
,HIAA80,90837,CPT4,446,11,POS,181
,HIAA80,90837,CPT4,038,11,USACC,201
,HIAA80,90837,CPT4,602,11,USACC,206
,HIAA80,90837,CPT4,540,11,MWC,257
,HIAA80,90837,CPT4,221,11,EAP,205
,HIAA80,90837,CPT4,622,11,MEHMO,190
,HIAA80,90837,CPT4,152,11,MPPO,180
,HIAA80,90837,CPT4,532,11,TC,287
,HIAA80,90837,CPT4,210,11,TRICR,205
,HIAA80,90837,CPT4,913,11,HMOAVN,276
,HIAA80,90837,CPT4,113,11,VPHMO,308
,HIAA80,90837,CPT4,560,11,MBH,259
,HIAA80,90837,CPT4,602,11,MEFFS,206
,REF,90837,CPT4,AK01,11,NNHMO,153.38
,HIAA80,90837,CPT4,290,11,POS,164
,HIAA80,90837,CPT4,260,11,VPHMO,226
,HIAA80,90837,CPT4,782,11,MHMO,241
,HIAA80,90837,CPT4,458,11,MEFFS,196
,HIAA80,90837,CPT4,394,11,VPHMO,205
,HIAA80,90837,CPT4,710,11,MEPOS,179
,HIAA80,90837,CPT4,064,11,TRICR,201
,HIAA80,90837,CPT4,486,11,POS,215
,HIAA80,90837,CPT4,294,11,POS,231
,REF,90837,CPT4,AK01,11,MCARE,173.83
,HIAA80,90837,CPT4,850,11,HMOAVN,251
,HIAA80,90837,CPT4,475,11,TC,293
,REF,90837,CPT4,AK01,11,TC,153.38
,HIAA80,90837,CPT4,590,11,HMOHRA,190
,HIAA80,90837,CPT4,442,11,VPHMO,186
,HIAA80,90837,CPT4,928,11,MBH,277
,HIAA80,90837,CPT4,561,11,SLFIN,302
,HIAA80,90837,CPT4,088,11,MEHMO,206
,HIAA80,90837,CPT4,768,11,ALL,205
,HIAA80,90837,CPT4,070,11,HMOAVN,301
,HIAA80,90837,CPT4,436,11,MWC,185
,HIAA80,90837,CPT4,462,11,NNHMO,222
,HIAA80,90837,CPT4,647,11,EAP,200
,HIAA80,90837,CPT4,067,11,MHMO,205
,HIAA80,90837,CPT4,456,11,MEPO,212
,HIAA80,90837,CPT4,434,11,ALL,185
,HIAA80,90837,CPT4,750,11,HMOAVN,236
,HIAA80,90837,CPT4,342,11,EAP,268
,HIAA80,90837,CPT4,344,11,MEPPO,265
,HIAA80,90837,CPT4,064,11,MBH,201
,HIAA80,90837,CPT4,394,11,TC,205
,HIAA80,90837,CPT4,553,11,HMOAVN,253
,HIAA80,90837,CPT4,280,11,HMO,251
,HIAA80,90837,CPT4,701,11,MBH,184
,HIAA80,90837,CPT4,495,11,,205
,HIAA80,90837,CPT4,640,11,POS,176
,HIAA80,90837,CPT4,363,11,MCAID,174
,HIAA80,90837,CPT4,316,11,SLFIN,241
,HIAA80,90837,CPT4,465,11,EAP,190
,HIAA80,90837,CPT4,454,11,ALL,179
,HIAA80,90837,CPT4,775,11,QPOS,205
,HIAA80,90837,CPT4,618,11,NNHMO,211
,HIAA80,90837,CPT4,851,11,MEFFS,226
,HIAA80,90837,CPT4,013,11,MEPO,215
,HIAA80,90837,CPT4,230,11,MPPO,204
,HIAA80,90837,CPT4,943,11,MHMO,601
,HIAA80,90837,CPT4,483,11,MCAID,232
,HIAA80,90837,CPT4,535,11,VPHMO,247
,HIAA80,90837,CPT4,021,11,HMOHRA,276
,HIAA80,90837,CPT4,454,11,POS,179
,HIAA80,90837,CPT4,920,11,QPOS,297
,HIAA80,90837,CPT4,932,11,POS,251
,REF,90837,CPT4,AK01,11,EAP,225.83
,HIAA80,90837,CPT4,701,11,HMOAVN,184
,HIAA80,90837,CPT4,335,11,NNHMO,284
,HIAA80,90837,CPT4,462,11,MCARE,222
,HIAA80,90837,CPT4,282,11,HMOHRA,251
,HIAA80,90837,CPT4,296,11,MEPO,185
,HIAA80,90837,CPT4,222,11,SLFIN,273
,HIAA80,90837,CPT4,222,11,EAP,273
,REF,90837,CPT4,AK01,11,SLFIN,153.38
,HIAA80,90837,CPT4,287,11,MEPPO,222
,HIAA80,90837,CPT4,006,11,MPPO,180
,HIAA80,90837,CPT4,150,11,EAP,185
,HIAA80,90837,CPT4,600,11,VPHMO,206
,HIAA80,90837,CPT4,352,11,QPOS,179
,HIAA80,90837,CPT4,454,11,HMOAVN,179
,HIAA80,90837,CPT4,247,11,HMOAVN,231
,HIAA80,90837,CPT4,524,11,ALL,200
,HIAA80,90837,CPT4,298,11,MC,257
,HIAA80,90837,CPT4,850,11,VPHMO,251
,HIAA80,90837,CPT4,088,11,TRICR,206
,HIAA80,90837,CPT4,308,11,USACC,225
,HIAA80,90837,CPT4,967,11,MC,251
,HIAA80,90837,CPT4,115,11,MPPO,352
,HIAA80,90837,CPT4,940,11,MEPO,298
,REF,90837,CPT4,AK01,11,DHMO,153.38
,HIAA80,90837,CPT4,647,11,HMO,200
,REF,90837,CPT4,AK01,11,MHMO,169.37
,HIAA80,90837,CPT4,381,11,TC,201
,HIAA80,90837,CPT4,437,11,ALL,205
,HIAA80,90837,CPT4,013,11,HMOAVN,215
,HIAA80,90837,CPT4,411,11,HMOHRA,204
,REF,90837,CPT4,AK01,11,POS,153.38
,HIAA80,90837,CPT4,561,11,USACC,302
,HIAA80,90837,CPT4,928,11,,277
,HIAA80,90837,CPT4,394,11,HMOHRA,205
,HIAA80,90837,CPT4,140,11,,201
,HIAA80,90837,CPT4,402,11,DPPO,205
,REF,90837,CPT4,AK01,11,DHMO,204.5
,REF,90837,CPT4,AK01,11,MWC,225.83
,HIAA80,90837,CPT4,153,11,MEPO,179
,HIAA80,90837,CPT4,394,11,MEPOS,205
,HIAA80,90837,CPT4,563,11,MCAID,258
,HIAA80,90837,CPT4,147,11,MEHMO,164
,REF,90837,CPT4,AK01,11,MEPPO,204.5
,REF,90837,CPT4,AK01,11,HMO,225.83
,REF,90837,CPT4,AK01,11,MEPO,169.37
,HIAA80,90837,CPT4,335,11,VPHMO,284
,HIAA80,90837,CPT4,372,11,MEPPO,277
,HIAA80,90837,CPT4,210,11,,205
,REF,90837,CPT4,AK01,11,HMO,153.38
,REF,90837,CPT4,AK01,11,NNHMO,153.38
,REF,90837,CPT4,AK01,11,POS,204.5
,HIAA80,90837,CPT4,561,11,ALL,302
,HIAA80,90837,CPT4,360,11,DHMO,172
,HIAA80,90837,CPT4,974,11,MHMO,271
,REF,90837,CPT4,AK01,11,HMOHRA,204.5
,HIAA80,90837,CPT4,604,11,MHMO,241
,HIAA80,90837,CPT4,768,11,MBH,205
,HIAA80,90837,CPT4,752,11,MPPO,220
,HIAA80,90837,CPT4,381,11,POS,201
,HIAA80,90837,CPT4,841,11,,185
,HIAA80,90837,CPT4,550,11,DHMO,257
,HIAA80,90837,CPT4,488,11,EAP,226
,HIAA80,90837,CPT4,430,11,MEPPO,231
,HIAA80,90837,CPT4,936,11,NNHMO,205
,HIAA80,90837,CPT4,437,11,MPPO,205
,HIAA80,90837,CPT4,967,11,EAP,251
,HIAA80,90837,CPT4,606,11,MCARE,207
,HIAA80,90837,CPT4,640,11,HMOHRA,176
,HIAA80,90837,CPT4,550,11,TRICR,257
,REF,90837,CPT4,AK01,11,MPPO,204.5
,HIAA80,90837,CPT4,760,11,TRICR,225
,REF,90837,CPT4,AK01,11,DHMO,204.5
,HIAA80,90837,CPT4,350,11,TRICR,164
,HIAA80,90837,CPT4,943,11,MCAID,601
,HIAA80,90837,CPT4,130,11,HMOHRA,179
,HIAA80,90837,CPT4,194,11,MEPPO,205
,HIAA80,90837,CPT4,647,11,HMOHRA,200
,HIAA80,90837,CPT4,756,11,MEHMO,242
,HIAA80,90837,CPT4,434,11,MEHMO,185
,HIAA80,90837,CPT4,765,11,TRICR,241
,HIAA80,90837,CPT4,441,11,,257
,HIAA80,90837,CPT4,856,11,MCAID,226
,HIAA80,90837,CPT4,222,11,MEHMO,273
,HIAA80,90837,CPT4,038,11,MBH,201
,HIAA80,90837,CPT4,304,11,MCAID,249
,REF,90837,CPT4,AK01,11,TC,225.83
,HIAA80,90837,CPT4,710,11,EAP,179
,REF,90837,CPT4,AK01,11,POS,204.5
,HIAA80,90837,CPT4,921,11,DPPO,257
,HIAA80,90837,CPT4,700,11,MC,156
,HIAA80,90837,CPT4,070,11,MEFFS,301
,HIAA80,90837,CPT4,450,11,HMOHRA,231
,HIAA80,90837,CPT4,077,11,MEFFS,205
,REF,90837,CPT4,AK01,11,USACC,191.95
,HIAA80,90837,CPT4,550,11,MHMO,257
,HIAA80,90837,CPT4,701,11,MHMO,184
,HIAA80,90837,CPT4,300,11,MBH,226
,HIAA80,90837,CPT4,111,11,ALL,256
,HIAA80,90837,CPT4,475,11,QPOS,293
,REF,90837,CPT4,AK01,11,MC,225.83
,HIAA80,90837,CPT4,532,11,MCARE,287
,HIAA80,90837,CPT4,939,11,SLFIN,231
,HIAA80,90837,CPT4,115,11,SLFIN,352
,REF,90837,CPT4,AK01,11,MCAID,169.37
,HIAA80,90837,CPT4,298,11,ALL,257
,HIAA80,90837,CPT4,801,11,MCAID,274
,HIAA80,90837,CPT4,292,11,EAP,189
,HIAA80,90837,CPT4,833,11,MWC,215
,HIAA80,90837,CPT4,543,11,MWC,437
,HIAA80,90837,CPT4,221,11,MEFFS,205
,REF,90837,CPT4,AK01,11,MCARE,225.83
,HIAA80,90837,CPT4,535,11,MHMO,247
,HIAA80,90837,CPT4,522,11,MHMO,231
,REF,90837,CPT4,AK01,11,TC,225.83
,HIAA80,90837,CPT4,130,11,DPPO,179
,HIAA80,90837,CPT4,024,11,POS,256
,REF,90837,CPT4,AK01,11,TC,225.83
,HIAA80,90837,CPT4,981,11,NNHMO,230
,HIAA80,90837,CPT4,115,11,MC,352
,HIAA80,90837,CPT4,407,11,VPHMO,211
,HIAA80,90837,CPT4,701,11,USACC,184
,HIAA80,90837,CPT4,330,11,MEPO,273
,HIAA80,90837,CPT4,247,11,VPHMO,231
,HIAA80,90837,CPT4,600,11,MEHMO,206
,HIAA80,90837,CPT4,701,11,ALL,184
,HIAA80,90837,CPT4,350,11,MEPPO,164
,HIAA80,90837,CPT4,730,11,,179
,HIAA80,90837,CPT4,434,11,HMOAVN,185
,REF,90837,CPT4,AK01,11,HMO,191.95
,HIAA80,90837,CPT4,275,11,HMOAVN,241
,HIAA80,90837,CPT4,604,11,MEPOS,241
,HIAA80,90837,CPT4,498,11,DHMO,205
,REF,90837,CPT4,AK01,11,NNHMO,204.5
,HIAA80,90837,CPT4,454,11,DHMO,179
,HIAA80,90837,CPT4,013,11,MEPPO,215
,HIAA80,90837,CPT4,350,11,ALL,164
,HIAA80,90837,CPT4,669,11,ALL,201
,HIAA80,90837,CPT4,483,11,MEFFS,232
,HIAA80,90837,CPT4,006,11,MHMO,180
,REF,90837,CPT4,AK01,11,MCARE,204.5
,HIAA80,90837,CPT4,945,11,USACC,274
,HIAA80,90837,CPT4,064,11,POS,201
,HIAA80,90837,CPT4,442,11,MEFFS,186
,REF,90837,CPT4,AK01,11,HMO,169.37
,HIAA80,90837,CPT4,441,11,MCARE,257
,HIAA80,90837,CPT4,974,11,NNHMO,271
,REF,90837,CPT4,AK01,11,MCAID,169.37
,HIAA80,90837,CPT4,021,11,MEPO,276
,REF,90837,CPT4,AK01,11,MHMO,204.5
,REF,90837,CPT4,AK01,11,TC,169.37
,HIAA80,90837,CPT4,339,11,TRICR,337
,HIAA80,90837,CPT4,604,11,HMOAVN,241
,HIAA80,90837,CPT4,465,11,DHMO,190
,REF,90837,CPT4,AK01,11,MHMO,204.5
,HIAA80,90837,CPT4,486,11,TC,215
,HIAA80,90837,CPT4,851,11,MCARE,226
,HIAA80,90837,CPT4,341,11,MEHMO,302
,HIAA80,90837,CPT4,293,11,,154
,HIAA80,90837,CPT4,105,11,HMO,367
,HIAA80,90837,CPT4,065,11,QPOS,205
,HIAA80,90837,CPT4,922,11,MEPOS,256
,REF,90837,CPT4,AK01,11,MEPO,173.83
,HIAA80,90837,CPT4,028,11,MEPPO,195
,HIAA80,90837,CPT4,442,11,POS,186
,HIAA80,90837,CPT4,878,11,QPOS,231
,HIAA80,90837,CPT4,551,11,HMO,251
,HIAA80,90837,CPT4,239,11,MPPO,256
,HIAA80,90837,CPT4,660,11,USACC,185
,REF,90837,CPT4,AK01,11,MEHMO,169.37
,REF,90837,CPT4,AK01,11,POS,191.95
,HIAA80,90837,CPT4,044,11,MEHMO,184
,HIAA80,90837,CPT4,337,11,MC,273
,HIAA80,90837,CPT4,940,11,MEPPO,298
,HIAA80,90837,CPT4,762,11,EAP,231
,HIAA80,90837,CPT4,111,11,USACC,256
,HIAA80,90837,CPT4,571,11,VPHMO,251
,HIAA80,90837,CPT4,967,11,VPHMO,251
,HIAA80,90837,CPT4,342,11,TC,268
,HIAA80,90837,CPT4,591,11,HMO,205
,HIAA80,90837,CPT4,482,11,MPPO,231
,HIAA80,90837,CPT4,038,11,MEFFS,201
,HIAA80,90837,CPT4,756,11,MEPPO,242
,HIAA80,90837,CPT4,618,11,MHMO,211
,HIAA80,90837,CPT4,710,11,MEPO,179
,REF,90837,CPT4,AK01,11,NNHMO,225.83
,HIAA80,90837,CPT4,352,11,MEPOS,179
,HIAA80,90837,CPT4,381,11,DPPO,201
,HIAA80,90837,CPT4,611,11,MEHMO,257
,REF,90837,CPT4,AK01,11,DPPO,173.83
,HIAA80,90837,CPT4,481,11,EAP,231
,HIAA80,90837,CPT4,275,11,MC,241
,HIAA80,90837,CPT4,221,11,HMOAVN,205
,HIAA80,90837,CPT4,840,11,HMOHRA,185
,HIAA80,90837,CPT4,463,11,MEHMO,232
,HIAA80,90837,CPT4,232,11,MEPOS,186
,HIAA80,90837,CPT4,522,11,SLFIN,231
,HIAA80,90837,CPT4,407,11,NNHMO,211
,HIAA80,90837,CPT4,770,11,HMO,352
,HIAA80,90837,CPT4,606,11,MEPO,207
,HIAA80,90837,CPT4,782,11,DPPO,241
,HIAA80,90837,CPT4,215,11,HMO,200
,HIAA80,90837,CPT4,524,11,MEPPO,200
,HIAA80,90837,CPT4,295,11,MWC,179
,HIAA80,90837,CPT4,446,11,TRICR,181
,HIAA80,90837,CPT4,024,11,MCAID,256
,HIAA80,90837,CPT4,871,11,EAP,230
,HIAA80,90837,CPT4,498,11,MC,205
,HIAA80,90837,CPT4,432,11,ALL,283
,HIAA80,90837,CPT4,290,11,MEHMO,164
,HIAA80,90837,CPT4,434,11,EAP,185
,HIAA80,90837,CPT4,716,11,VPHMO,245
,HIAA80,90837,CPT4,647,11,SLFIN,200
,REF,90837,CPT4,AK01,11,TC,169.37
,HIAA80,90837,CPT4,201,11,HMOAVN,273
,HIAA80,90837,CPT4,647,11,USACC,200
,HIAA80,90837,CPT4,441,11,MEPPO,257
,HIAA80,90837,CPT4,300,11,DPPO,226
,HIAA80,90837,CPT4,716,11,MWC,245
,HIAA80,90837,CPT4,939,11,MCARE,231
,REF,90837,CPT4,AK01,11,TC,169.37
,HIAA80,90837,CPT4,105,11,MWC,367
,HIAA80,90837,CPT4,038,11,TRICR,201
,HIAA80,90837,CPT4,768,11,MEPOS,205
,HIAA80,90837,CPT4,006,11,,180
,HIAA80,90837,CPT4,403,11,MBH,205
,HIAA80,90837,CPT4,208,11,USACC,273
,HIAA80,90837,CPT4,080,11,VPHMO,226
,HIAA80,90837,CPT4,280,11,TRICR,251
,HIAA80,90837,CPT4,532,11,MC,287
,HIAA80,90837,CPT4,242,11,TC,210
,HIAA80,90837,CPT4,940,11,MCAID,298
,REF,90837,CPT4,AK01,11,TRICR,153.38
,HIAA80,90837,CPT4,669,11,DHMO,201
,HIAA80,90837,CPT4,442,11,MBH,186
,HIAA80,90837,CPT4,440,11,ALL,216
,HIAA80,90837,CPT4,446,11,DPPO,181
,HIAA80,90837,CPT4,381,11,MEPPO,201
,HIAA80,90837,CPT4,716,11,QPOS,245
,REF,90837,CPT4,AK01,11,MEFFS,191.95
,HIAA80,90837,CPT4,300,11,EAP,226
,HIAA80,90837,CPT4,943,11,NNHMO,601
,HIAA80,90837,CPT4,066,11,TC,225
,HIAA80,90837,CPT4,420,11,EAP,164
,HIAA80,90837,CPT4,480,11,MCARE,231
,HIAA80,90837,CPT4,064,11,MWC,201
,HIAA80,90837,CPT4,105,11,USACC,367
,REF,90837,CPT4,AK01,11,MCARE,169.37
,HIAA80,90837,CPT4,981,11,SLFIN,230
,HIAA80,90837,CPT4,062,11,QPOS,201
,HIAA80,90837,CPT4,850,11,POS,251
,HIAA80,90837,CPT4,708,11,ALL,154
,HIAA80,90837,CPT4,570,11,MC,231
,HIAA80,90837,CPT4,616,11,MWC,221
,HIAA80,90837,CPT4,770,11,MEPO,352
,HIAA80,90837,CPT4,044,11,MHMO,184
,HIAA80,90837,CPT4,981,11,QPOS,230
,HIAA80,90837,CPT4,611,11,MEPPO,257
,HIAA80,90837,CPT4,853,11,MCAID,241
,HIAA80,90837,CPT4,295,11,HMOHRA,179
,REF,90837,CPT4,AK01,11,MEPOS,204.5
,HIAA80,90837,CPT4,446,11,MEHMO,181
,HIAA80,90837,CPT4,100,11,TRICR,364
,HIAA80,90837,CPT4,298,11,MEPPO,257
,HIAA80,90837,CPT4,939,11,POS,231
,HIAA80,90837,CPT4,760,11,MEPO,225
,HIAA80,90837,CPT4,444,11,DHMO,200
,HIAA80,90837,CPT4,065,11,MPPO,205
,HIAA80,90837,CPT4,481,11,TRICR,231
,REF,90837,CPT4,AK01,11,MEPPO,204.5
,HIAA80,90837,CPT4,932,11,MCAID,251
,HIAA80,90837,CPT4,450,11,DHMO,231
,REF,90837,CPT4,AK01,11,DPPO,225.83
,REF,90837,CPT4,AK01,11,HMO,225.83
,REF,90837,CPT4,AK01,11,ALL,191.95
,HIAA80,90837,CPT4,553,11,DPPO,253
,HIAA80,90837,CPT4,940,11,MPPO,298
,HIAA80,90837,CPT4,932,11,TRICR,251
,HIAA80,90837,CPT4,710,11,MC,179
,HIAA80,90837,CPT4,669,11,MCARE,201
,HIAA80,90837,CPT4,077,11,QPOS,205
,REF,90837,CPT4,AK01,11,HMO,169.37
,HIAA80,90837,CPT4,308,11,HMO,225
,HIAA80,90837,CPT4,591,11,QPOS,205
,HIAA80,90837,CPT4,841,11,EAP,185
,HIAA80,90837,CPT4,730,11,POS,179
,HIAA80,90837,CPT4,446,11,MC,181
,REF,90837,CPT4,AK01,11,DPPO,153.38
,HIAA80,90837,CPT4,561,11,TC,302
,HIAA80,90837,CPT4,559,11,MEPOS,256
,HIAA80,90837,CPT4,140,11,TC,201
,HIAA80,90837,CPT4,212,11,HMO,184
,REF,90837,CPT4,AK01,11,POS,173.83
,REF,90837,CPT4,AK01,11,MHMO,153.38
,HIAA80,90837,CPT4,341,11,HMOHRA,302
,HIAA80,90837,CPT4,606,11,MHMO,207
,HIAA80,90837,CPT4,922,11,QPOS,256
,HIAA80,90837,CPT4,152,11,USACC,180
,HIAA80,90837,CPT4,420,11,SLFIN,164
,HIAA80,90837,CPT4,954,11,MC,205
,HIAA80,90837,CPT4,232,11,MCARE,186
,HIAA80,90837,CPT4,540,11,DPPO,257
,HIAA80,90837,CPT4,480,11,DHMO,231
,REF,90837,CPT4,AK01,11,ALL,191.95
,HIAA80,90837,CPT4,403,11,TC,205
,HIAA80,90837,CPT4,532,11,MPPO,287
,HIAA80,90837,CPT4,021,11,POS,276
,HIAA80,90837,CPT4,716,11,NNHMO,245
,HIAA80,90837,CPT4,550,11,USACC,257
,HIAA80,90837,CPT4,616,11,HMO,221
,HIAA80,90837,CPT4,434,11,VPHMO,185
,HIAA80,90837,CPT4,458,11,TRICR,196
,HIAA80,90837,CPT4,475,11,MC,293
,HIAA80,90837,CPT4,631,11,QPOS,185
,HIAA80,90837,CPT4,602,11,MEPPO,206
,HIAA80,90837,CPT4,394,11,SLFIN,205
,HIAA80,90837,CPT4,482,11,VPHMO,231
,HIAA80,90837,CPT4,226,11,POS,233
,HIAA80,90837,CPT4,387,11,EAP,205
,HIAA80,90837,CPT4,113,11,USACC,308
,HIAA80,90837,CPT4,044,11,MEPOS,184
,HIAA80,90837,CPT4,446,11,NNHMO,181
,HIAA80,90837,CPT4,768,11,EAP,205
,HIAA80,90837,CPT4,666,11,VPHMO,206
,HIAA80,90837,CPT4,543,11,ALL,437
,HIAA80,90837,CPT4,287,11,TC,222
,REF,90837,CPT4,AK01,11,MCARE,225.83
,HIAA80,90837,CPT4,208,11,MBH,273
,HIAA80,90837,CPT4,756,11,TC,242
,HIAA80,90837,CPT4,640,11,MCARE,176
,HIAA80,90837,CPT4,939,11,MPPO,231
,HIAA80,90837,CPT4,054,11,MEPO,154
,HIAA80,90837,CPT4,936,11,MHMO,205
,REF,90837,CPT4,AK01,11,,169.37
,HIAA80,90837,CPT4,017,11,MEPOS,226
,HIAA80,90837,CPT4,551,11,MEPOS,251
,HIAA80,90837,CPT4,300,11,MHMO,226
,HIAA80,90837,CPT4,563,11,MEHMO,258
,HIAA80,90837,CPT4,851,11,DHMO,226
,REF,90837,CPT4,AK01,11,QPOS,225.83
,HIAA80,90837,CPT4,441,11,MHMO,257
,HIAA80,90837,CPT4,085,11,MC,368
,HIAA80,90837,CPT4,067,11,MC,205
,REF,90837,CPT4,AK01,11,MEFFS,225.83
,HIAA80,90837,CPT4,910,11,NNHMO,256
,HIAA80,90837,CPT4,363,11,MCARE,174
,HIAA80,90837,CPT4,563,11,ALL,258
,HIAA80,90837,CPT4,611,11,USACC,257
,HIAA80,90837,CPT4,298,11,TRICR,257
,HIAA80,90837,CPT4,890,11,VPHMO,215
,HIAA80,90837,CPT4,840,11,DHMO,185
,HIAA80,90837,CPT4,448,11,HMOHRA,175
,HIAA80,90837,CPT4,710,11,DPPO,179
,HIAA80,90837,CPT4,853,11,MEPPO,241
,HIAA80,90837,CPT4,381,11,USACC,201
,HIAA80,90837,CPT4,787,11,MBH,273
,REF,90837,CPT4,AK01,11,TRICR,225.83
,HIAA80,90837,CPT4,105,11,MEFFS,367
,HIAA80,90837,CPT4,448,11,DPPO,175
,HIAA80,90837,CPT4,221,11,MEHMO,205
,HIAA80,90837,CPT4,328,11,TRICR,273
,HIAA80,90837,CPT4,495,11,DHMO,205
,HIAA80,90837,CPT4,546,11,SLFIN,413
,HIAA80,90837,CPT4,210,11,VPHMO,205
,HIAA80,90837,CPT4,313,11,MHMO,205
,HIAA80,90837,CPT4,140,11,MEFFS,201
,HIAA80,90837,CPT4,295,11,MPPO,179
,HIAA80,90837,CPT4,522,11,MEPPO,231
,HIAA80,90837,CPT4,330,11,POS,273
,HIAA80,90837,CPT4,612,11,QPOS,231
,HIAA80,90837,CPT4,444,11,MCARE,200
,HIAA80,90837,CPT4,212,11,MEPPO,184
,HIAA80,90837,CPT4,330,11,TRICR,273
,HIAA80,90837,CPT4,100,11,POS,364
,HIAA80,90837,CPT4,463,11,NNHMO,232
,HIAA80,90837,CPT4,545,11,MEFFS,262
,HIAA80,90837,CPT4,066,11,MEPO,225
,HIAA80,90837,CPT4,210,11,HMOAVN,205
,HIAA80,90837,CPT4,433,11,MEPOS,180
,HIAA80,90837,CPT4,337,11,DHMO,273
,REF,90837,CPT4,AK01,11,HMO,225.83
,HIAA80,90837,CPT4,537,11,MBH,251
,HIAA80,90837,CPT4,458,11,MWC,196
,HIAA80,90837,CPT4,760,11,MHMO,225
,HIAA80,90837,CPT4,201,11,MWC,273
,HIAA80,90837,CPT4,006,11,NNHMO,180
,HIAA80,90837,CPT4,233,11,TC,251
,REF,90837,CPT4,AK01,11,HMO,153.38
,HIAA80,90837,CPT4,458,11,MEPOS,196
,HIAA80,90837,CPT4,760,11,SLFIN,225
,HIAA80,90837,CPT4,945,11,MBH,274
,HIAA80,90837,CPT4,801,11,MEFFS,274
,HIAA80,90837,CPT4,467,11,POS,180
,HIAA80,90837,CPT4,540,11,MEPOS,257
,HIAA80,90837,CPT4,550,11,,257
,HIAA80,90837,CPT4,995,11,MCARE,298
,HIAA80,90837,CPT4,841,11,ALL,185
,HIAA80,90837,CPT4,444,11,ALL,200
,HIAA80,90837,CPT4,200,11,EAP,257
,HIAA80,90837,CPT4,571,11,DHMO,251
,REF,90837,CPT4,AK01,11,TRICR,204.5
,HIAA80,90837,CPT4,606,11,TC,207
,HIAA80,90837,CPT4,787,11,MPPO,273
,HIAA80,90837,CPT4,647,11,MEHMO,200
,HIAA80,90837,CPT4,331,11,TRICR,358
,REF,90837,CPT4,AK01,11,MEPOS,225.83
,HIAA80,90837,CPT4,701,11,VPHMO,184
,REF,90837,CPT4,AK01,11,MPPO,153.38
,REF,90837,CPT4,AK01,11,MWC,173.83
,HIAA80,90837,CPT4,773,11,MHMO,241
,HIAA80,90837,CPT4,544,11,MWC,257
,REF,90837,CPT4,AK01,11,MPPO,204.5
,HIAA80,90837,CPT4,612,11,HMOHRA,231
,HIAA80,90837,CPT4,550,11,MCAID,257
,HIAA80,90837,CPT4,708,11,MCARE,154
,HIAA80,90837,CPT4,605,11,MEPO,256
,HIAA80,90837,CPT4,360,11,MEPOS,172
,HIAA80,90837,CPT4,921,11,MWC,257
,HIAA80,90837,CPT4,531,11,TC,288
,HIAA80,90837,CPT4,498,11,MCAID,205
,HIAA80,90837,CPT4,631,11,MBH,185
,HIAA80,90837,CPT4,602,11,MCARE,206
,HIAA80,90837,CPT4,085,11,MEPPO,368
,HIAA80,90837,CPT4,070,11,TC,301
,HIAA80,90837,CPT4,537,11,MPPO,251
,HIAA80,90837,CPT4,295,11,POS,179
,HIAA80,90837,CPT4,652,11,TC,154
,HIAA80,90837,CPT4,372,11,MHMO,277
,HIAA80,90837,CPT4,224,11,MEPPO,195
,HIAA80,90837,CPT4,730,11,MPPO,179
,REF,90837,CPT4,AK01,11,MCARE,169.37
,HIAA80,90837,CPT4,701,11,DPPO,184
,HIAA80,90837,CPT4,871,11,DHMO,230
,HIAA80,90837,CPT4,387,11,HMO,205
,HIAA80,90837,CPT4,945,11,QPOS,274
,HIAA80,90837,CPT4,085,11,TRICR,368
,HIAA80,90837,CPT4,153,11,MEFFS,179
,HIAA80,90837,CPT4,531,11,MWC,288
,HIAA80,90837,CPT4,287,11,ALL,222
,HIAA80,90837,CPT4,363,11,MEHMO,174
,HIAA80,90837,CPT4,190,11,MEPOS,205
,HIAA80,90837,CPT4,050,11,NNHMO,174
,HIAA80,90837,CPT4,330,11,MBH,273
,HIAA80,90837,CPT4,054,11,QPOS,154
,HIAA80,90837,CPT4,922,11,MPPO,256
,HIAA80,90837,CPT4,201,11,ALL,273
,HIAA80,90837,CPT4,105,11,HMOAVN,367
,HIAA80,90837,CPT4,748,11,EAP,205
,REF,90837,CPT4,AK01,11,MHMO,225.83
,REF,90837,CPT4,AK01,11,HMOAVN,225.83
,HIAA80,90837,CPT4,893,11,DHMO,257
,HIAA80,90837,CPT4,537,11,NNHMO,251
,HIAA80,90837,CPT4,943,11,TRICR,601
,HIAA80,90837,CPT4,220,11,MEPOS,231
,HIAA80,90837,CPT4,620,11,NNHMO,195
,HIAA80,90837,CPT4,292,11,DPPO,189
,HIAA80,90837,CPT4,939,11,HMOHRA,231
,HIAA80,90837,CPT4,226,11,HMO,233
,HIAA80,90837,CPT4,475,11,MEPOS,293
,HIAA80,90837,CPT4,465,11,USACC,190
,HIAA80,90837,CPT4,710,11,,179
,HIAA80,90837,CPT4,208,11,MPPO,273
,HIAA80,90837,CPT4,226,11,MWC,233
,HIAA80,90837,CPT4,496,11,DHMO,215
,HIAA80,90837,CPT4,762,11,USACC,231
,HIAA80,90837,CPT4,598,11,SLFIN,195
,HIAA80,90837,CPT4,890,11,DHMO,215
,HIAA80,90837,CPT4,460,11,MEPO,205
,HIAA80,90837,CPT4,300,11,ALL,226
,HIAA80,90837,CPT4,851,11,POS,226
,HIAA80,90837,CPT4,222,11,HMO,273
,HIAA80,90837,CPT4,522,11,MPPO,231
,HIAA80,90837,CPT4,420,11,USACC,164
,HIAA80,90837,CPT4,201,11,NNHMO,273
,HIAA80,90837,CPT4,488,11,TRICR,226
,HIAA80,90837,CPT4,535,11,DPPO,247
,HIAA80,90837,CPT4,841,11,MBH,185
,HIAA80,90837,CPT4,856,11,DHMO,226
,HIAA80,90837,CPT4,388,11,MEFFS,205
,HIAA80,90837,CPT4,458,11,SLFIN,196
,HIAA80,90837,CPT4,407,11,SLFIN,211
,HIAA80,90837,CPT4,540,11,MEPPO,257
,REF,90837,CPT4,AK01,11,MEPO,204.5
,REF,90837,CPT4,AK01,11,USACC,204.5
,HIAA80,90837,CPT4,620,11,MCARE,195
,HIAA80,90837,CPT4,768,11,MPPO,205
,HIAA80,90837,CPT4,152,11,MCAID,180
,HIAA80,90837,CPT4,543,11,MC,437
,HIAA80,90837,CPT4,044,11,SLFIN,184
,HIAA80,90837,CPT4,770,11,MBH,352
,HIAA80,90837,CPT4,308,11,HMOAVN,225
,HIAA80,90837,CPT4,436,11,HMO,185
,HIAA80,90837,CPT4,080,11,,226
,HIAA80,90837,CPT4,878,11,TC,231
,HIAA80,90837,CPT4,773,11,HMOHRA,241
,HIAA80,90837,CPT4,430,11,MPPO,231
,HIAA80,90837,CPT4,936,11,MCARE,205
,HIAA80,90837,CPT4,920,11,MCAID,297
,HIAA80,90837,CPT4,328,11,VPHMO,273
,HIAA80,90837,CPT4,939,11,MCAID,231
,REF,90837,CPT4,AK01,11,MCARE,153.38
,HIAA80,90837,CPT4,113,11,MEPO,308
,HIAA80,90837,CPT4,765,11,MEPOS,241
,HIAA80,90837,CPT4,602,11,VPHMO,206
,HIAA80,90837,CPT4,335,11,SLFIN,284
,HIAA80,90837,CPT4,341,11,MBH,302
,HIAA80,90837,CPT4,922,11,MEPO,256
,HIAA80,90837,CPT4,543,11,MPPO,437
,HIAA80,90837,CPT4,612,11,POS,231
,HIAA80,90837,CPT4,336,11,DHMO,282
,HIAA80,90837,CPT4,140,11,MEHMO,201
,HIAA80,90837,CPT4,387,11,MEPPO,205
,HIAA80,90837,CPT4,756,11,HMOHRA,242
,REF,90837,CPT4,AK01,11,MHMO,153.38
,HIAA80,90837,CPT4,153,11,MEPOS,179
,HIAA80,90837,CPT4,294,11,MEHMO,231
,HIAA80,90837,CPT4,560,11,MEPPO,259
,HIAA80,90837,CPT4,028,11,SLFIN,195
,HIAA80,90837,CPT4,387,11,MEFFS,205
,REF,90837,CPT4,AK01,11,MEPPO,204.5
,REF,90837,CPT4,AK01,11,MEHMO,204.5
,REF,90837,CPT4,AK01,11,MEFFS,225.83
,HIAA80,90837,CPT4,113,11,TC,308
,REF,90837,CPT4,AK01,11,MCARE,153.38
,HIAA80,90837,CPT4,559,11,MCAID,256
,HIAA80,90837,CPT4,550,11,MEPPO,257
,HIAA80,90837,CPT4,282,11,MCAID,251
,HIAA80,90837,CPT4,535,11,MCAID,247
,HIAA80,90837,CPT4,954,11,MCARE,205
,HIAA80,90837,CPT4,561,11,MEPOS,302
,REF,90837,CPT4,AK01,11,TRICR,204.5
,HIAA80,90837,CPT4,561,11,,302
,HIAA80,90837,CPT4,212,11,TC,184
,HIAA80,90837,CPT4,544,11,ALL,257
,HIAA80,90837,CPT4,774,11,MCAID,230
,HIAA80,90837,CPT4,535,11,,247
,HIAA80,90837,CPT4,293,11,MCAID,154
,HIAA80,90837,CPT4,437,11,POS,205
,HIAA80,90837,CPT4,147,11,MWC,164
,HIAA80,90837,CPT4,524,11,DHMO,200
,REF,90837,CPT4,AK01,11,MHMO,169.37
,HIAA80,90837,CPT4,522,11,MEPO,231
,HIAA80,90837,CPT4,616,11,MEHMO,221
,HIAA80,90837,CPT4,716,11,MBH,245
,HIAA80,90837,CPT4,411,11,MEPOS,204
,HIAA80,90837,CPT4,945,11,MWC,274
,HIAA80,90837,CPT4,024,11,HMOHRA,256
,HIAA80,90837,CPT4,434,11,NNHMO,185
,HIAA80,90837,CPT4,222,11,,273
,HIAA80,90837,CPT4,805,11,POS,274
,REF,90837,CPT4,AK01,11,USACC,169.37
,HIAA80,90837,CPT4,752,11,DPPO,220
,HIAA80,90837,CPT4,559,11,MEPO,256
,HIAA80,90837,CPT4,936,11,TRICR,205
,HIAA80,90837,CPT4,928,11,POS,277
,HIAA80,90837,CPT4,920,11,NNHMO,297
,HIAA80,90837,CPT4,590,11,MEPOS,190
,HIAA80,90837,CPT4,308,11,VPHMO,225
,HIAA80,90837,CPT4,543,11,MCAID,437
,HIAA80,90837,CPT4,077,11,MEPPO,205
,HIAA80,90837,CPT4,308,11,HMOHRA,225
,HIAA80,90837,CPT4,200,11,MBH,257
,HIAA80,90837,CPT4,801,11,MEHMO,274
,HIAA80,90837,CPT4,130,11,MC,179
,HIAA80,90837,CPT4,224,11,MCARE,195
,HIAA80,90837,CPT4,247,11,MWC,231
,REF,90837,CPT4,AK01,11,DHMO,169.37
,HIAA80,90837,CPT4,226,11,USACC,233
,HIAA80,90837,CPT4,591,11,MHMO,205
,HIAA80,90837,CPT4,805,11,TC,274
,HIAA80,90837,CPT4,602,11,MC,206
,HIAA80,90837,CPT4,467,11,MCAID,180
,HIAA80,90837,CPT4,878,11,MBH,231
,REF,90837,CPT4,AK01,11,HMOHRA,191.95
,HIAA80,90837,CPT4,456,11,MEPPO,212
,HIAA80,90837,CPT4,945,11,MCAID,274
,HIAA80,90837,CPT4,086,11,HMOHRA,261
,HIAA80,90837,CPT4,226,11,MCARE,233
,HIAA80,90837,CPT4,233,11,DHMO,251
,HIAA80,90837,CPT4,432,11,DPPO,283
,HIAA80,90837,CPT4,910,11,MHMO,256
,REF,90837,CPT4,AK01,11,HMO,169.37
,HIAA80,90837,CPT4,563,11,MHMO,258
,HIAA80,90837,CPT4,239,11,MEHMO,256
,HIAA80,90837,CPT4,496,11,SLFIN,215
,HIAA80,90837,CPT4,616,11,MEPO,221
,REF,90837,CPT4,AK01,11,MEPOS,191.95
,HIAA80,90837,CPT4,981,11,MEPPO,230
,HIAA80,90837,CPT4,855,11,MEFFS,275
,REF,90837,CPT4,AK01,11,DPPO,225.83
,HIAA80,90837,CPT4,222,11,QPOS,273
,HIAA80,90837,CPT4,201,11,VPHMO,273
,REF,90837,CPT4,AK01,11,MBH,153.38
,HIAA80,90837,CPT4,201,11,HMOHRA,273
,HIAA80,90837,CPT4,467,11,MWC,180
,HIAA80,90837,CPT4,981,11,USACC,230
,HIAA80,90837,CPT4,335,11,QPOS,284
,HIAA80,90837,CPT4,787,11,QPOS,273
,HIAA80,90837,CPT4,893,11,VPHMO,257
,HIAA80,90837,CPT4,402,11,NNHMO,205
,HIAA80,90837,CPT4,327,11,DPPO,199
,HIAA80,90837,CPT4,441,11,HMO,257
,HIAA80,90837,CPT4,330,11,MEHMO,273
,REF,90837,CPT4,AK01,11,MC,153.38
,REF,90837,CPT4,AK01,11,QPOS,173.83
,HIAA80,90837,CPT4,067,11,MEHMO,205
,HIAA80,90837,CPT4,524,11,MEFFS,200
,HIAA80,90837,CPT4,850,11,HMO,251
,REF,90837,CPT4,AK01,11,MPPO,225.83
,HIAA80,90837,CPT4,940,11,QPOS,298
,HIAA80,90837,CPT4,450,11,VPHMO,231
,HIAA80,90837,CPT4,440,11,DPPO,216
,HIAA80,90837,CPT4,064,11,DPPO,201
,HIAA80,90837,CPT4,313,11,MEPPO,205
,HIAA80,90837,CPT4,545,11,POS,262
,HIAA80,90837,CPT4,550,11,MWC,257
,REF,90837,CPT4,AK01,11,MEPO,204.5
,HIAA80,90837,CPT4,490,11,TRICR,206
,HIAA80,90837,CPT4,996,11,MC,266
,HIAA80,90837,CPT4,774,11,MWC,230
,REF,90837,CPT4,AK01,11,DPPO,225.83
,HIAA80,90837,CPT4,762,11,,231
,HIAA80,90837,CPT4,352,11,SLFIN,179
,HIAA80,90837,CPT4,088,11,MHMO,206
,HIAA80,90837,CPT4,298,11,MEFFS,257
,HIAA80,90837,CPT4,328,11,DHMO,273
,REF,90837,CPT4,AK01,11,MEFFS,225.83
,REF,90837,CPT4,AK01,11,NNHMO,169.37
,HIAA80,90837,CPT4,190,11,EAP,205
,HIAA80,90837,CPT4,088,11,DHMO,206
,HIAA80,90837,CPT4,065,11,MBH,205
,HIAA80,90837,CPT4,194,11,MBH,205
,HIAA80,90837,CPT4,469,11,MBH,205
,HIAA80,90837,CPT4,708,11,QPOS,154
,HIAA80,90837,CPT4,300,11,MCAID,226
,HIAA80,90837,CPT4,871,11,HMOHRA,230
,REF,90837,CPT4,AK01,11,DHMO,169.37
,HIAA80,90837,CPT4,200,11,MC,257
,HIAA80,90837,CPT4,381,11,MCAID,201
,REF,90837,CPT4,AK01,11,SLFIN,225.83
,HIAA80,90837,CPT4,600,11,TRICR,206
,HIAA80,90837,CPT4,893,11,MCARE,257
,HIAA80,90837,CPT4,782,11,SLFIN,241
,HIAA80,90837,CPT4,606,11,,207
,REF,90837,CPT4,AK01,11,POS,204.5
,REF,90837,CPT4,AK01,11,MC,204.5
,HIAA80,90837,CPT4,201,11,,273
,HIAA80,90837,CPT4,444,11,MEPOS,200
,HIAA80,90837,CPT4,316,11,EAP,241
,HIAA80,90837,CPT4,295,11,MCAID,179
,HIAA80,90837,CPT4,064,11,HMOAVN,201
,HIAA80,90837,CPT4,606,11,MWC,207
,HIAA80,90837,CPT4,086,11,SLFIN,261
,HIAA80,90837,CPT4,600,11,USACC,206
,HIAA80,90837,CPT4,467,11,QPOS,180
,HIAA80,90837,CPT4,652,11,TRICR,154
,HIAA80,90837,CPT4,482,11,MBH,231
,HIAA80,90837,CPT4,800,11,MHMO,260
,HIAA80,90837,CPT4,540,11,MCARE,257
,HIAA80,90837,CPT4,450,11,SLFIN,231
,HIAA80,90837,CPT4,591,11,MEHMO,205
,HIAA80,90837,CPT4,065,11,NNHMO,205
,HIAA80,90837,CPT4,282,11,MC,251
,HIAA80,90837,CPT4,275,11,USACC,241
,HIAA80,90837,CPT4,540,11,,257
,HIAA80,90837,CPT4,701,11,MPPO,184
,HIAA80,90837,CPT4,837,11,EAP,205
,HIAA80,90837,CPT4,327,11,NNHMO,199
,REF,90837,CPT4,AK01,11,MCAID,225.83
,HIAA80,90837,CPT4,300,11,NNHMO,226
,HIAA80,90837,CPT4,442,11,DPPO,186
,HIAA80,90837,CPT4,760,11,MCAID,225
,HIAA80,90837,CPT4,700,11,VPHMO,156
,HIAA80,90837,CPT4,210,11,MCAID,205
,HIAA80,90837,CPT4,215,11,DPPO,200
,HIAA80,90837,CPT4,598,11,MEHMO,195
,HIAA80,90837,CPT4,453,11,MC,205
,HIAA80,90837,CPT4,210,11,MC,205
,HIAA80,90837,CPT4,550,11,ALL,257
,REF,90837,CPT4,AK01,11,USACC,204.5
,HIAA80,90837,CPT4,028,11,TC,195
,REF,90837,CPT4,AK01,11,MPPO,153.38
,HIAA80,90837,CPT4,111,11,EAP,256
,HIAA80,90837,CPT4,450,11,TRICR,231
,REF,90837,CPT4,AK01,11,QPOS,204.5
,HIAA80,90837,CPT4,436,11,TC,185
,REF,90837,CPT4,AK01,11,USACC,204.5
,HIAA80,90837,CPT4,381,11,EAP,201
,HIAA80,90837,CPT4,605,11,NNHMO,256
,HIAA80,90837,CPT4,486,11,DHMO,215
,HIAA80,90837,CPT4,444,11,DPPO,200
,HIAA80,90837,CPT4,194,11,MC,205
,HIAA80,90837,CPT4,295,11,,179
,HIAA80,90837,CPT4,590,11,MEHMO,190
,HIAA80,90837,CPT4,932,11,MEPOS,251
,HIAA80,90837,CPT4,480,11,MEFFS,231
,HIAA80,90837,CPT4,465,11,ALL,190
,REF,90837,CPT4,AK01,11,USACC,225.83
,HIAA80,90837,CPT4,801,11,DHMO,274
,HIAA80,90837,CPT4,388,11,POS,205
,HIAA80,90837,CPT4,913,11,SLFIN,276
,HIAA80,90837,CPT4,388,11,MPPO,205
,HIAA80,90837,CPT4,456,11,MHMO,212
,HIAA80,90837,CPT4,247,11,DHMO,231
,HIAA80,90837,CPT4,532,11,,287
,HIAA80,90837,CPT4,669,11,MBH,201
,HIAA80,90837,CPT4,372,11,MC,277
,HIAA80,90837,CPT4,580,11,MEPOS,334
,HIAA80,90837,CPT4,454,11,MPPO,179
,REF,90837,CPT4,AK01,11,QPOS,169.37
,HIAA80,90837,CPT4,495,11,MEFFS,205
,REF,90837,CPT4,AK01,11,MCAID,225.83
,HIAA80,90837,CPT4,260,11,SLFIN,226
,HIAA80,90837,CPT4,080,11,EAP,226
,HIAA80,90837,CPT4,278,11,MWC,246
,HIAA80,90837,CPT4,837,11,HMOAVN,205
,HIAA80,90837,CPT4,841,11,HMOAVN,185
,HIAA80,90837,CPT4,130,11,MEPPO,179
,HIAA80,90837,CPT4,943,11,MCARE,601
,HIAA80,90837,CPT4,077,11,MCARE,205
,HIAA80,90837,CPT4,773,11,VPHMO,241
,REF,90837,CPT4,AK01,11,MEHMO,153.38
,HIAA80,90837,CPT4,066,11,ALL,225
,HIAA80,90837,CPT4,871,11,MPPO,230
,HIAA80,90837,CPT4,201,11,MCARE,273
,HIAA80,90837,CPT4,890,11,QPOS,215
,HIAA80,90837,CPT4,475,11,HMOAVN,293
,HIAA80,90837,CPT4,222,11,MCAID,273
,HIAA80,90837,CPT4,773,11,ALL,241
,HIAA80,90837,CPT4,606,11,HMO,207
,HIAA80,90837,CPT4,480,11,HMOAVN,231
,HIAA80,90837,CPT4,921,11,MEPO,257
,HIAA80,90837,CPT4,448,11,MEPPO,175
,HIAA80,90837,CPT4,890,11,MC,215
,REF,90837,CPT4,AK01,11,HMO,204.5
,REF,90837,CPT4,AK01,11,MEFFS,153.38
,HIAA80,90837,CPT4,215,11,HMOAVN,200
,HIAA80,90837,CPT4,328,11,HMOAVN,273
,HIAA80,90837,CPT4,446,11,MCAID,181
,HIAA80,90837,CPT4,701,11,MCARE,184
,HIAA80,90837,CPT4,498,11,MWC,205
,HIAA80,90837,CPT4,240,11,MC,189
,HIAA80,90837,CPT4,561,11,MWC,302
,HIAA80,90837,CPT4,456,11,MEPOS,212
,HIAA80,90837,CPT4,304,11,MEPOS,249
,HIAA80,90837,CPT4,221,11,,205
,HIAA80,90837,CPT4,444,11,MEPPO,200
,HIAA80,90837,CPT4,752,11,EAP,220
,HIAA80,90837,CPT4,462,11,MEHMO,222
,HIAA80,90837,CPT4,433,11,HMOAVN,180
,HIAA80,90837,CPT4,590,11,MEPO,190
,HIAA80,90837,CPT4,631,11,MPPO,185
,HIAA80,90837,CPT4,483,11,MHMO,232
,REF,90837,CPT4,AK01,11,MEPO,225.83
,HIAA80,90837,CPT4,498,11,MPPO,205
,HIAA80,90837,CPT4,522,11,HMO,231
,HIAA80,90837,CPT4,620,11,MEPPO,195
,HIAA80,90837,CPT4,530,11,MWC,288
,HIAA80,90837,CPT4,981,11,MEFFS,230
,HIAA80,90837,CPT4,381,11,MEFFS,201
,HIAA80,90837,CPT4,298,11,MHMO,257
,HIAA80,90837,CPT4,239,11,QPOS,256
,REF,90837,CPT4,AK01,11,SLFIN,173.83
,HIAA80,90837,CPT4,433,11,NNHMO,180
,HIAA80,90837,CPT4,070,11,VPHMO,301
,HIAA80,90837,CPT4,282,11,DHMO,251
,HIAA80,90837,CPT4,618,11,QPOS,211
,HIAA80,90837,CPT4,446,11,HMOAVN,181
,REF,90837,CPT4,AK01,11,DHMO,225.83
,HIAA80,90837,CPT4,765,11,MHMO,241
,HIAA80,90837,CPT4,453,11,TRICR,205
,HIAA80,90837,CPT4,604,11,MWC,241
,HIAA80,90837,CPT4,442,11,TC,186
,REF,90837,CPT4,AK01,11,HMOHRA,173.83
,HIAA80,90837,CPT4,910,11,MCAID,256
,HIAA80,90837,CPT4,394,11,EAP,205
,HIAA80,90837,CPT4,077,11,MBH,205
,HIAA80,90837,CPT4,327,11,QPOS,199
,HIAA80,90837,CPT4,313,11,ALL,205
,HIAA80,90837,CPT4,598,11,VPHMO,195
,REF,90837,CPT4,AK01,11,MEHMO,225.83
,HIAA80,90837,CPT4,113,11,,308
,HIAA80,90837,CPT4,530,11,MCARE,288
,HIAA80,90837,CPT4,456,11,MEFFS,212
,HIAA80,90837,CPT4,560,11,TC,259
,HIAA80,90837,CPT4,440,11,USACC,216
,HIAA80,90837,CPT4,936,11,POS,205
,HIAA80,90837,CPT4,974,11,HMO,271
,HIAA80,90837,CPT4,580,11,MCAID,334
,REF,90837,CPT4,AK01,11,POS,191.95
,HIAA80,90837,CPT4,486,11,MEPO,215
,REF,90837,CPT4,AK01,11,MEPOS,204.5
,HIAA80,90837,CPT4,647,11,DHMO,200
,HIAA80,90837,CPT4,153,11,ALL,179
,REF,90837,CPT4,AK01,11,MEFFS,173.83
,HIAA80,90837,CPT4,105,11,MPPO,367
,HIAA80,90837,CPT4,531,11,MC,288
,HIAA80,90837,CPT4,602,11,,206
,REF,90837,CPT4,AK01,11,MPPO,173.83
,HIAA80,90837,CPT4,851,11,ALL,226
,HIAA80,90837,CPT4,524,11,MPPO,200
,HIAA80,90837,CPT4,313,11,POS,205
,HIAA80,90837,CPT4,062,11,HMO,201
,REF,90837,CPT4,AK01,11,QPOS,153.38
,REF,90837,CPT4,AK01,11,MHMO,153.38
,HIAA80,90837,CPT4,448,11,MC,175
,HIAA80,90837,CPT4,287,11,MHMO,222
,HIAA80,90837,CPT4,716,11,MPPO,245
,HIAA80,90837,CPT4,437,11,MWC,205
,HIAA80,90837,CPT4,342,11,SLFIN,268
,HIAA80,90837,CPT4,878,11,SLFIN,231
,HIAA80,90837,CPT4,612,11,MEHMO,231
,HIAA80,90837,CPT4,551,11,HMOAVN,251
,HIAA80,90837,CPT4,066,11,MWC,225
,HIAA80,90837,CPT4,370,11,TRICR,193
,HIAA80,90837,CPT4,430,11,HMOAVN,231
,HIAA80,90837,CPT4,652,11,MBH,154
,HIAA80,90837,CPT4,142,11,MEFFS,204
,HIAA80,90837,CPT4,760,11,POS,225
,HIAA80,90837,CPT4,543,11,TRICR,437
,HIAA80,90837,CPT4,750,11,MPPO,236
,HIAA80,90837,CPT4,220,11,DPPO,231
,HIAA80,90837,CPT4,403,11,MC,205
,HIAA80,90837,CPT4,532,11,SLFIN,287
,HIAA80,90837,CPT4,224,11,HMOAVN,195
,HIAA80,90837,CPT4,381,11,NNHMO,201
,HIAA80,90837,CPT4,652,11,DHMO,154
,HIAA80,90837,CPT4,922,11,USACC,256
,HIAA80,90837,CPT4,411,11,EAP,204
,HIAA80,90837,CPT4,294,11,SLFIN,231
,HIAA80,90837,CPT4,910,11,MCARE,256
,HIAA80,90837,CPT4,387,11,MHMO,205
,HIAA80,90837,CPT4,775,11,MEPOS,205
,HIAA80,90837,CPT4,622,11,QPOS,190
,HIAA80,90837,CPT4,038,11,SLFIN,201
,REF,90837,CPT4,AK01,11,TRICR,225.83
,REF,90837,CPT4,AK01,11,MCARE,225.83
,REF,90837,CPT4,AK01,11,HMOAVN,204.5
,HIAA80,90837,CPT4,222,11,MHMO,273
,HIAA80,90837,CPT4,554,11,MBH,251
,HIAA80,90837,CPT4,013,11,MEPOS,215
,HIAA80,90837,CPT4,215,11,MPPO,200
,HIAA80,90837,CPT4,350,11,MWC,164
,REF,90837,CPT4,AK01,11,MEFFS,191.95
,HIAA80,90837,CPT4,774,11,MC,230
,HIAA80,90837,CPT4,571,11,MHMO,251
,HIAA80,90837,CPT4,066,11,,225
,REF,90837,CPT4,AK01,11,HMO,204.5
,HIAA80,90837,CPT4,210,11,SLFIN,205
,REF,90837,CPT4,AK01,11,MEHMO,173.83
,HIAA80,90837,CPT4,631,11,MEPOS,185
,HIAA80,90837,CPT4,388,11,VPHMO,205
,HIAA80,90837,CPT4,194,11,MCARE,205
,HIAA80,90837,CPT4,531,11,MEPO,288
,REF,90837,CPT4,AK01,11,TRICR,173.83
,HIAA80,90837,CPT4,440,11,MEPO,216
,HIAA80,90837,CPT4,115,11,TRICR,352
,HIAA80,90837,CPT4,530,11,EAP,288
,REF,90837,CPT4,AK01,11,POS,225.83
,HIAA80,90837,CPT4,820,11,MCAID,256
,HIAA80,90837,CPT4,559,11,EAP,256
,HIAA80,90837,CPT4,308,11,MBH,225
,HIAA80,90837,CPT4,024,11,,256
,HIAA80,90837,CPT4,522,11,DPPO,231
,HIAA80,90837,CPT4,631,11,MHMO,185
,HIAA80,90837,CPT4,233,11,HMOAVN,251
,HIAA80,90837,CPT4,304,11,DPPO,249
,HIAA80,90837,CPT4,260,11,EAP,226
,HIAA80,90837,CPT4,922,11,MCARE,256
,HIAA80,90837,CPT4,660,11,MEHMO,185
,HIAA80,90837,CPT4,543,11,MEPO,437
,HIAA80,90837,CPT4,545,11,MEPOS,262
,REF,90837,CPT4,AK01,11,MEHMO,204.5
,REF,90837,CPT4,AK01,11,TC,153.38
,HIAA80,90837,CPT4,088,11,NNHMO,206
,REF,90837,CPT4,AK01,11,MEFFS,169.37
,HIAA80,90837,CPT4,553,11,MEPPO,253
,HIAA80,90837,CPT4,242,11,MC,210
,HIAA80,90837,CPT4,450,11,HMOAVN,231
,REF,90837,CPT4,AK01,11,MEFFS,225.83
,HIAA80,90837,CPT4,239,11,HMOAVN,256
,HIAA80,90837,CPT4,402,11,TC,205
,REF,90837,CPT4,AK01,11,MBH,173.83
,HIAA80,90837,CPT4,590,11,VPHMO,190
,HIAA80,90837,CPT4,344,11,USACC,265
,HIAA80,90837,CPT4,936,11,MEHMO,205
,HIAA80,90837,CPT4,878,11,MC,231
,HIAA80,90837,CPT4,465,11,TRICR,190
,HIAA80,90837,CPT4,065,11,,205
,HIAA80,90837,CPT4,388,11,TRICR,205
,HIAA80,90837,CPT4,493,11,MEPO,201
,HIAA80,90837,CPT4,220,11,,231
,HIAA80,90837,CPT4,490,11,NNHMO,206
,HIAA80,90837,CPT4,486,11,HMOHRA,215
,HIAA80,90837,CPT4,448,11,MCARE,175
,HIAA80,90837,CPT4,113,11,HMO,308
,REF,90837,CPT4,AK01,11,DHMO,204.5
,HIAA80,90837,CPT4,313,11,USACC,205
,HIAA80,90837,CPT4,066,11,POS,225
,HIAA80,90837,CPT4,600,11,HMOHRA,206
,HIAA80,90837,CPT4,787,11,MC,273
,HIAA80,90837,CPT4,561,11,MEPPO,302
,REF,90837,CPT4,AK01,11,MEPO,153.38
,REF,90837,CPT4,AK01,11,MEPOS,153.38
,REF,90837,CPT4,AK01,11,HMOHRA,225.83
,HIAA80,90837,CPT4,490,11,DPPO,206
,HIAA80,90837,CPT4,606,11,MC,207
,HIAA80,90837,CPT4,247,11,HMO,231
,REF,90837,CPT4,AK01,11,DHMO,153.38
,HIAA80,90837,CPT4,731,11,,194
,HIAA80,90837,CPT4,201,11,EAP,273
,HIAA80,90837,CPT4,768,11,TC,205
,HIAA80,90837,CPT4,805,11,MPPO,274
,HIAA80,90837,CPT4,770,11,MWC,352
,HIAA80,90837,CPT4,481,11,MHMO,231
,HIAA80,90837,CPT4,017,11,MEFFS,226
,HIAA80,90837,CPT4,531,11,USACC,288
,HIAA80,90837,CPT4,335,11,DHMO,284
,HIAA80,90837,CPT4,290,11,MEPPO,164
,REF,90837,CPT4,AK01,11,MEPOS,173.83
,HIAA80,90837,CPT4,537,11,MWC,251
,HIAA80,90837,CPT4,652,11,MHMO,154
,HIAA80,90837,CPT4,220,11,EAP,231
,HIAA80,90837,CPT4,024,11,MWC,256
,HIAA80,90837,CPT4,402,11,USACC,205
,HIAA80,90837,CPT4,287,11,DPPO,222
,HIAA80,90837,CPT4,224,11,USACC,195
,REF,90837,CPT4,AK01,11,MEFFS,204.5
,HIAA80,90837,CPT4,304,11,QPOS,249
,HIAA80,90837,CPT4,890,11,MWC,215
,HIAA80,90837,CPT4,077,11,DPPO,205
,HIAA80,90837,CPT4,701,11,MEHMO,184
,HIAA80,90837,CPT4,801,11,QPOS,274
,HIAA80,90837,CPT4,490,11,MEPO,206
,HIAA80,90837,CPT4,752,11,HMOHRA,220
,HIAA80,90837,CPT4,394,11,NNHMO,205
,HIAA80,90837,CPT4,448,11,MEHMO,175
,REF,90837,CPT4,AK01,11,POS,173.83
,REF,90837,CPT4,AK01,11,MHMO,204.5
,HIAA80,90837,CPT4,496,11,MEHMO,215
,HIAA80,90837,CPT4,604,11,TC,241
,HIAA80,90837,CPT4,570,11,EAP,231
,HIAA80,90837,CPT4,458,11,MHMO,196
,HIAA80,90837,CPT4,774,11,QPOS,230
,HIAA80,90837,CPT4,113,11,DHMO,308
,HIAA80,90837,CPT4,967,11,MEPO,251
,HIAA80,90837,CPT4,194,11,QPOS,205
,HIAA80,90837,CPT4,710,11,MHMO,179
,HIAA80,90837,CPT4,553,11,EAP,253
,HIAA80,90837,CPT4,748,11,HMOAVN,205
,HIAA80,90837,CPT4,442,11,HMOHRA,186
,REF,90837,CPT4,AK01,11,QPOS,225.83
,HIAA80,90837,CPT4,212,11,DHMO,184
,HIAA80,90837,CPT4,050,11,HMOAVN,174
,REF,90837,CPT4,AK01,11,ALL,191.95
,HIAA80,90837,CPT4,787,11,ALL,273
,HIAA80,90837,CPT4,407,11,EAP,211
,REF,90837,CPT4,AK01,11,MEPOS,153.38
,HIAA80,90837,CPT4,062,11,HMOHRA,201
,HIAA80,90837,CPT4,387,11,SLFIN,205
,HIAA80,90837,CPT4,337,11,HMOHRA,273
,HIAA80,90837,CPT4,601,11,MHMO,216
,HIAA80,90837,CPT4,021,11,,276
,HIAA80,90837,CPT4,756,11,USACC,242
,HIAA80,90837,CPT4,337,11,SLFIN,273
,HIAA80,90837,CPT4,050,11,MEFFS,174
,REF,90837,CPT4,AK01,11,ALL,204.5
,HIAA80,90837,CPT4,618,11,MEPOS,211
,HIAA80,90837,CPT4,242,11,MEPPO,210
,HIAA80,90837,CPT4,467,11,MEPPO,180
,HIAA80,90837,CPT4,130,11,MEFFS,179
,REF,90837,CPT4,AK01,11,NNHMO,191.95
,REF,90837,CPT4,AK01,11,SLFIN,204.5
,HIAA80,90837,CPT4,787,11,MEFFS,273
,HIAA80,90837,CPT4,710,11,VPHMO,179
,HIAA80,90837,CPT4,801,11,MC,274
,HIAA80,90837,CPT4,130,11,ALL,179
,REF,90837,CPT4,AK01,11,,153.38
,HIAA80,90837,CPT4,601,11,USACC,216
,HIAA80,90837,CPT4,200,11,MHMO,257
,HIAA80,90837,CPT4,618,11,USACC,211
,HIAA80,90837,CPT4,939,11,USACC,231
,HIAA80,90837,CPT4,190,11,POS,205
,HIAA80,90837,CPT4,021,11,DPPO,276
,HIAA80,90837,CPT4,260,11,NNHMO,226
,HIAA80,90837,CPT4,208,11,ALL,273
,HIAA80,90837,CPT4,878,11,NNHMO,231
,HIAA80,90837,CPT4,153,11,VPHMO,179
,HIAA80,90837,CPT4,622,11,HMOAVN,190
,HIAA80,90837,CPT4,981,11,TC,230
,HIAA80,90837,CPT4,222,11,TRICR,273
,HIAA80,90837,CPT4,756,11,MCAID,242
,HIAA80,90837,CPT4,456,11,NNHMO,212
,REF,90837,CPT4,AK01,11,HMOHRA,225.83
,HIAA80,90837,CPT4,622,11,MEPOS,190
,HIAA80,90837,CPT4,748,11,MHMO,205
,HIAA80,90837,CPT4,480,11,MC,231
,HIAA80,90837,CPT4,336,11,MBH,282
,HIAA80,90837,CPT4,363,11,TRICR,174
,HIAA80,90837,CPT4,800,11,DHMO,260
,HIAA80,90837,CPT4,801,11,MCARE,274
,HIAA80,90837,CPT4,402,11,MEHMO,205
,HIAA80,90837,CPT4,640,11,HMO,176
,HIAA80,90837,CPT4,460,11,TC,205
,HIAA80,90837,CPT4,890,11,POS,215
,HIAA80,90837,CPT4,730,11,MWC,179
,HIAA80,90837,CPT4,481,11,USACC,231
,REF,90837,CPT4,AK01,11,MWC,225.83
,HIAA80,90837,CPT4,541,11,MCAID,449
,HIAA80,90837,CPT4,200,11,,257
,HIAA80,90837,CPT4,483,11,TRICR,232
,REF,90837,CPT4,AK01,11,MCARE,173.83
,HIAA80,90837,CPT4,484,11,USACC,251
,HIAA80,90837,CPT4,498,11,HMOHRA,205
,HIAA80,90837,CPT4,921,11,HMOHRA,257
,HIAA80,90837,CPT4,456,11,POS,212
,HIAA80,90837,CPT4,295,11,MEFFS,179
,HIAA80,90837,CPT4,921,11,ALL,257
,HIAA80,90837,CPT4,850,11,MEFFS,251
,HIAA80,90837,CPT4,700,11,MHMO,156
,REF,90837,CPT4,AK01,11,,153.38
,HIAA80,90837,CPT4,701,11,NNHMO,184
,HIAA80,90837,CPT4,403,11,MEPPO,205
,HIAA80,90837,CPT4,436,11,MEPOS,185
,HIAA80,90837,CPT4,611,11,TC,257
,HIAA80,90837,CPT4,140,11,HMO,201
,HIAA80,90837,CPT4,893,11,,257
,HIAA80,90837,CPT4,611,11,MEPOS,257
,HIAA80,90837,CPT4,360,11,HMOHRA,172
,HIAA80,90837,CPT4,493,11,NNHMO,201
,HIAA80,90837,CPT4,153,11,HMOHRA,179
,HIAA80,90837,CPT4,086,11,MPPO,261
,HIAA80,90837,CPT4,560,11,EAP,259
,HIAA80,90837,CPT4,710,11,MWC,179
,HIAA80,90837,CPT4,700,11,TC,156
,HIAA80,90837,CPT4,662,11,QPOS,205
,HIAA80,90837,CPT4,430,11,EAP,231
,HIAA80,90837,CPT4,293,11,USACC,154
,HIAA80,90837,CPT4,221,11,MCARE,205
,HIAA80,90837,CPT4,954,11,POS,205
,HIAA80,90837,CPT4,215,11,USACC,200
,HIAA80,90837,CPT4,561,11,MEFFS,302
,HIAA80,90837,CPT4,481,11,SLFIN,231
,HIAA80,90837,CPT4,730,11,ALL,179
,REF,90837,CPT4,AK01,11,ALL,169.37
,HIAA80,90837,CPT4,490,11,USACC,206
,HIAA80,90837,CPT4,856,11,HMO,226
,HIAA80,90837,CPT4,954,11,MEFFS,205
,HIAA80,90837,CPT4,598,11,MEPOS,195
,HIAA80,90837,CPT4,921,11,MCARE,257
,HIAA80,90837,CPT4,611,11,VPHMO,257
,REF,90837,CPT4,AK01,11,MEPO,153.38
,REF,90837,CPT4,AK01,11,,169.37
,HIAA80,90837,CPT4,708,11,HMOAVN,154
,HIAA80,90837,CPT4,660,11,EAP,185
,HIAA80,90837,CPT4,820,11,SLFIN,256
,HIAA80,90837,CPT4,878,11,EAP,231
,HIAA80,90837,CPT4,936,11,MC,205
,HIAA80,90837,CPT4,300,11,SLFIN,226
,HIAA80,90837,CPT4,339,11,SLFIN,337
,HIAA80,90837,CPT4,770,11,MCAID,352
,HIAA80,90837,CPT4,604,11,TRICR,241
,HIAA80,90837,CPT4,278,11,MCAID,246
,HIAA80,90837,CPT4,602,11,MHMO,206
,HIAA80,90837,CPT4,152,11,EAP,180
,HIAA80,90837,CPT4,598,11,MBH,195
,HIAA80,90837,CPT4,239,11,DPPO,256
,HIAA80,90837,CPT4,601,11,NNHMO,216
,HIAA80,90837,CPT4,024,11,HMO,256
,REF,90837,CPT4,AK01,11,NNHMO,169.37
,HIAA80,90837,CPT4,462,11,MEPO,222
,HIAA80,90837,CPT4,290,11,MC,164
,HIAA80,90837,CPT4,226,11,MPPO,233
,HIAA80,90837,CPT4,554,11,NNHMO,251
,HIAA80,90837,CPT4,407,11,MEFFS,211
,HIAA80,90837,CPT4,150,11,MPPO,185
,HIAA80,90837,CPT4,452,11,MHMO,180
,HIAA80,90837,CPT4,606,11,USACC,207
,HIAA80,90837,CPT4,890,11,MEPO,215
,HIAA80,90837,CPT4,292,11,HMOAVN,189
,HIAA80,90837,CPT4,147,11,USACC,164
,HIAA80,90837,CPT4,432,11,VPHMO,283
,HIAA80,90837,CPT4,350,11,MEPOS,164
,HIAA80,90837,CPT4,762,11,MPPO,231
,HIAA80,90837,CPT4,344,11,MPPO,265
,HIAA80,90837,CPT4,666,11,ALL,206
,HIAA80,90837,CPT4,210,11,MEPO,205
,HIAA80,90837,CPT4,787,11,VPHMO,273
,HIAA80,90837,CPT4,662,11,DHMO,205
,HIAA80,90837,CPT4,605,11,MEHMO,256
,HIAA80,90837,CPT4,475,11,TRICR,293
,HIAA80,90837,CPT4,833,11,MEPOS,215
,REF,90837,CPT4,AK01,11,EAP,204.5
,HIAA80,90837,CPT4,871,11,MEFFS,230
,HIAA80,90837,CPT4,352,11,,179
,HIAA80,90837,CPT4,247,11,USACC,231
,HIAA80,90837,CPT4,313,11,SLFIN,205
,HIAA80,90837,CPT4,805,11,QPOS,274
,HIAA80,90837,CPT4,296,11,MCAID,185
,HIAA80,90837,CPT4,021,11,MWC,276
,HIAA80,90837,CPT4,465,11,POS,190
,HIAA80,90837,CPT4,482,11,ALL,231
,HIAA80,90837,CPT4,085,11,HMO,368
,HIAA80,90837,CPT4,140,11,MEPOS,201
,HIAA80,90837,CPT4,488,11,NNHMO,226
,HIAA80,90837,CPT4,450,11,MEPO,231
,HIAA80,90837,CPT4,294,11,HMO,231
,HIAA80,90837,CPT4,339,11,POS,337
,HIAA80,90837,CPT4,600,11,HMOAVN,206
,HIAA80,90837,CPT4,278,11,,246
,HIAA80,90837,CPT4,130,11,MCAID,179
,REF,90837,CPT4,AK01,11,MC,191.95
,REF,90837,CPT4,AK01,11,SLFIN,191.95
,HIAA80,90837,CPT4,580,11,TC,334
,REF,90837,CPT4,AK01,11,MCARE,225.83
,HIAA80,90837,CPT4,856,11,USACC,226
,HIAA80,90837,CPT4,220,11,HMOHRA,231
,HIAA80,90837,CPT4,088,11,MC,206
,HIAA80,90837,CPT4,652,11,SLFIN,154
,HIAA80,90837,CPT4,995,11,MC,298
,HIAA80,90837,CPT4,480,11,ALL,231
,HIAA80,90837,CPT4,652,11,POS,154
,HIAA80,90837,CPT4,550,11,QPOS,257
,HIAA80,90837,CPT4,967,11,MCAID,251
,HIAA80,90837,CPT4,458,11,ALL,196
,HIAA80,90837,CPT4,394,11,MHMO,205
,HIAA80,90837,CPT4,631,11,MC,185
,HIAA80,90837,CPT4,475,11,MEHMO,293
,HIAA80,90837,CPT4,298,11,USACC,257
,HIAA80,90837,CPT4,411,11,QPOS,204
,HIAA80,90837,CPT4,292,11,MEHMO,189
,HIAA80,90837,CPT4,820,11,MCARE,256
,HIAA80,90837,CPT4,600,11,MEPOS,206
,HIAA80,90837,CPT4,411,11,SLFIN,204
,HIAA80,90837,CPT4,232,11,MC,186
,HIAA80,90837,CPT4,038,11,EAP,201
,REF,90837,CPT4,AK01,11,TRICR,204.5
,HIAA80,90837,CPT4,833,11,MBH,215
,HIAA80,90837,CPT4,388,11,,205
,HIAA80,90837,CPT4,444,11,MPPO,200
,HIAA80,90837,CPT4,484,11,MPPO,251
,HIAA80,90837,CPT4,105,11,TRICR,367
,HIAA80,90837,CPT4,666,11,DPPO,206
,HIAA80,90837,CPT4,496,11,MEPOS,215
,HIAA80,90837,CPT4,563,11,MBH,258
,REF,90837,CPT4,AK01,11,DPPO,191.95
,HIAA80,90837,CPT4,570,11,MEPOS,231
,HIAA80,90837,CPT4,342,11,VPHMO,268
,HIAA80,90837,CPT4,452,11,MEHMO,180
,HIAA80,90837,CPT4,640,11,TRICR,176
,HIAA80,90837,CPT4,652,11,QPOS,154
,REF,90837,CPT4,AK01,11,MPPO,204.5
,HIAA80,90837,CPT4,996,11,HMOAVN,266
,HIAA80,90837,CPT4,967,11,MPPO,251
,HIAA80,90837,CPT4,316,11,HMOHRA,241
,HIAA80,90837,CPT4,077,11,HMOAVN,205
,HIAA80,90837,CPT4,115,11,MBH,352
,HIAA80,90837,CPT4,700,11,MEPPO,156
,HIAA80,90837,CPT4,456,11,USACC,212
,HIAA80,90837,CPT4,006,11,DPPO,180
,HIAA80,90837,CPT4,275,11,MHMO,241
,HIAA80,90837,CPT4,434,11,DPPO,185
,HIAA80,90837,CPT4,475,11,SLFIN,293
,HIAA80,90837,CPT4,662,11,MEPPO,205
,REF,90837,CPT4,AK01,11,HMOHRA,173.83
,HIAA80,90837,CPT4,541,11,EAP,449
,HIAA80,90837,CPT4,954,11,MEPO,205
,HIAA80,90837,CPT4,620,11,MEPOS,195
,HIAA80,90837,CPT4,774,11,MEHMO,230
,HIAA80,90837,CPT4,296,11,MPPO,185
,HIAA80,90837,CPT4,943,11,USACC,601
,HIAA80,90837,CPT4,549,11,MCARE,413
,HIAA80,90837,CPT4,481,11,MEPO,231
,REF,90837,CPT4,AK01,11,DPPO,153.38
,HIAA80,90837,CPT4,773,11,USACC,241
,HIAA80,90837,CPT4,551,11,EAP,251
,HIAA80,90837,CPT4,411,11,MEPPO,204
,HIAA80,90837,CPT4,446,11,USACC,181
,HIAA80,90837,CPT4,088,11,MEPPO,206
,HIAA80,90837,CPT4,488,11,MCAID,226
,HIAA80,90837,CPT4,833,11,VPHMO,215
,HIAA80,90837,CPT4,152,11,HMOHRA,180
,HIAA80,90837,CPT4,496,11,POS,215
,HIAA80,90837,CPT4,028,11,MCARE,195
,HIAA80,90837,CPT4,024,11,SLFIN,256
,HIAA80,90837,CPT4,153,11,USACC,179
,HIAA80,90837,CPT4,554,11,USACC,251
,REF,90837,CPT4,AK01,11,EAP,191.95
,HIAA80,90837,CPT4,220,11,VPHMO,231
,HIAA80,90837,CPT4,524,11,HMOAVN,200
,REF,90837,CPT4,AK01,11,MEPPO,191.95
,HIAA80,90837,CPT4,928,11,MC,277
,HIAA80,90837,CPT4,337,11,QPOS,273
,REF,90837,CPT4,AK01,11,QPOS,191.95
,REF,90837,CPT4,AK01,11,QPOS,169.37
,REF,90837,CPT4,AK01,11,MPPO,225.83
,HIAA80,90837,CPT4,433,11,MPPO,180
,REF,90837,CPT4,AK01,11,USACC,191.95
,HIAA80,90837,CPT4,304,11,MBH,249
,HIAA80,90837,CPT4,142,11,HMOHRA,204
,HIAA80,90837,CPT4,113,11,MBH,308
,REF,90837,CPT4,AK01,11,MEPOS,225.83
,HIAA80,90837,CPT4,612,11,TC,231
,HIAA80,90837,CPT4,077,11,HMOHRA,205
,HIAA80,90837,CPT4,017,11,MCAID,226
,HIAA80,90837,CPT4,762,11,DPPO,231
,HIAA80,90837,CPT4,590,11,EAP,190
,HIAA80,90837,CPT4,454,11,HMO,179
,REF,90837,CPT4,AK01,11,DHMO,225.83
,HIAA80,90837,CPT4,290,11,MCARE,164
,REF,90837,CPT4,AK01,11,EAP,153.38
,HIAA80,90837,CPT4,591,11,MPPO,205
,HIAA80,90837,CPT4,294,11,MEFFS,231
,HIAA80,90837,CPT4,436,11,MEPPO,185
,HIAA80,90837,CPT4,210,11,MBH,205
,HIAA80,90837,CPT4,943,11,EAP,601
,REF,90837,CPT4,AK01,11,MHMO,225.83
,HIAA80,90837,CPT4,662,11,ALL,205
,HIAA80,90837,CPT4,660,11,MC,185
,REF,90837,CPT4,AK01,11,MCAID,169.37
,HIAA80,90837,CPT4,488,11,VPHMO,226
,HIAA80,90837,CPT4,212,11,HMOHRA,184
,HIAA80,90837,CPT4,403,11,USACC,205
,HIAA80,90837,CPT4,150,11,MCAID,185
,HIAA80,90837,CPT4,441,11,TC,257
,HIAA80,90837,CPT4,456,11,EAP,212
,HIAA80,90837,CPT4,606,11,DHMO,207
,HIAA80,90837,CPT4,537,11,DHMO,251
,HIAA80,90837,CPT4,921,11,MEFFS,257
,HIAA80,90837,CPT4,666,11,POS,206
,HIAA80,90837,CPT4,111,11,MPPO,256
,HIAA80,90837,CPT4,024,11,QPOS,256
,HIAA80,90837,CPT4,939,11,MEPO,231
,HIAA80,90837,CPT4,215,11,MBH,200
,HIAA80,90837,CPT4,640,11,NNHMO,176
,HIAA80,90837,CPT4,300,11,DHMO,226
,HIAA80,90837,CPT4,563,11,HMOAVN,258
,HIAA80,90837,CPT4,600,11,MEPO,206
,HIAA80,90837,CPT4,549,11,POS,413
,REF,90837,CPT4,AK01,11,MBH,225.83
,HIAA80,90837,CPT4,496,11,MWC,215
,REF,90837,CPT4,AK01,11,TC,191.95
,HIAA80,90837,CPT4,470,11,MWC,176
,REF,90837,CPT4,AK01,11,MEPOS,204.5
,HIAA80,90837,CPT4,936,11,MCAID,205
,HIAA80,90837,CPT4,336,11,TC,282
,HIAA80,90837,CPT4,038,11,HMOHRA,201
,HIAA80,90837,CPT4,837,11,VPHMO,205
,REF,90837,CPT4,AK01,11,MC,204.5
,HIAA80,90837,CPT4,913,11,HMOHRA,276
,HIAA80,90837,CPT4,762,11,MEPPO,231
,HIAA80,90837,CPT4,850,11,MCARE,251
,HIAA80,90837,CPT4,524,11,MWC,200
,HIAA80,90837,CPT4,488,11,MHMO,226
,HIAA80,90837,CPT4,782,11,VPHMO,241
,REF,90837,CPT4,AK01,11,HMO,153.38
,HIAA80,90837,CPT4,851,11,MEHMO,226
,HIAA80,90837,CPT4,440,11,MEPPO,216
,HIAA80,90837,CPT4,928,11,DPPO,277
,HIAA80,90837,CPT4,467,11,MEFFS,180
,HIAA80,90837,CPT4,922,11,NNHMO,256
,HIAA80,90837,CPT4,434,11,MEPPO,185
,HIAA80,90837,CPT4,140,11,NNHMO,201
,HIAA80,90837,CPT4,062,11,MWC,201
,HIAA80,90837,CPT4,545,11,MCARE,262
,HIAA80,90837,CPT4,434,11,MEFFS,185
,HIAA80,90837,CPT4,541,11,QPOS,449
,HIAA80,90837,CPT4,616,11,HMOHRA,221
,HIAA80,90837,CPT4,456,11,SLFIN,212
,HIAA80,90837,CPT4,086,11,VPHMO,261
,HIAA80,90837,CPT4,801,11,VPHMO,274
,HIAA80,90837,CPT4,298,11,MPPO,257
,HIAA80,90837,CPT4,530,11,HMOHRA,288
,HIAA80,90837,CPT4,330,11,QPOS,273
,REF,90837,CPT4,AK01,11,,169.37
,HIAA80,90837,CPT4,372,11,ALL,277
,REF,90837,CPT4,AK01,11,ALL,225.83
,HIAA80,90837,CPT4,313,11,QPOS,205
,REF,90837,CPT4,AK01,11,DPPO,204.5
,HIAA80,90837,CPT4,065,11,DPPO,205
,HIAA80,90837,CPT4,841,11,DPPO,185
,HIAA80,90837,CPT4,703,11,DPPO,154
,HIAA80,90837,CPT4,240,11,HMO,189
,HIAA80,90837,CPT4,088,11,HMO,206
,HIAA80,90837,CPT4,444,11,MWC,200
,HIAA80,90837,CPT4,559,11,DPPO,256
,REF,90837,CPT4,AK01,11,TC,225.83
,HIAA80,90837,CPT4,164,11,USACC,176
,HIAA80,90837,CPT4,996,11,MHMO,266
,HIAA80,90837,CPT4,496,11,EAP,215
,HIAA80,90837,CPT4,748,11,TC,205
,HIAA80,90837,CPT4,352,11,MCARE,179
,HIAA80,90837,CPT4,062,11,USACC,201
,HIAA80,90837,CPT4,077,11,MPPO,205
,REF,90837,CPT4,AK01,11,MHMO,225.83
,REF,90837,CPT4,AK01,11,,204.5
,HIAA80,90837,CPT4,222,11,MCARE,273
,HIAA80,90837,CPT4,850,11,MEPO,251
,HIAA80,90837,CPT4,350,11,NNHMO,164
,HIAA80,90837,CPT4,437,11,TC,205
,HIAA80,90837,CPT4,233,11,MEFFS,251
,HIAA80,90837,CPT4,748,11,MWC,205
,HIAA80,90837,CPT4,616,11,SLFIN,221
,REF,90837,CPT4,AK01,11,MWC,204.5
,HIAA80,90837,CPT4,278,11,QPOS,246
,HIAA80,90837,CPT4,498,11,MCARE,205
,HIAA80,90837,CPT4,752,11,SLFIN,220
,HIAA80,90837,CPT4,770,11,MCARE,352
,HIAA80,90837,CPT4,541,11,MCARE,449
,HIAA80,90837,CPT4,086,11,MHMO,261
,HIAA80,90837,CPT4,287,11,MEPO,222
,HIAA80,90837,CPT4,561,11,EAP,302
,HIAA80,90837,CPT4,411,11,NNHMO,204
,HIAA80,90837,CPT4,545,11,HMO,262
,HIAA80,90837,CPT4,549,11,MEPOS,413
,HIAA80,90837,CPT4,370,11,EAP,193
,REF,90837,CPT4,AK01,11,NNHMO,225.83
,REF,90837,CPT4,AK01,11,QPOS,153.38
,HIAA80,90837,CPT4,974,11,MEHMO,271
,HIAA80,90837,CPT4,403,11,MWC,205
,HIAA80,90837,CPT4,330,11,HMOHRA,273
,HIAA80,90837,CPT4,308,11,EAP,225
,HIAA80,90837,CPT4,855,11,DPPO,275
,REF,90837,CPT4,AK01,11,MWC,225.83
,HIAA80,90837,CPT4,540,11,MHMO,257
,HIAA80,90837,CPT4,038,11,MPPO,201
,HIAA80,90837,CPT4,922,11,TRICR,256
,HIAA80,90837,CPT4,233,11,MEPPO,251
,REF,90837,CPT4,AK01,11,MHMO,225.83
,HIAA80,90837,CPT4,496,11,ALL,215
,HIAA80,90837,CPT4,591,11,HMOHRA,205
,HIAA80,90837,CPT4,467,11,MEPOS,180
,HIAA80,90837,CPT4,006,11,TRICR,180
,HIAA80,90837,CPT4,280,11,EAP,251
,HIAA80,90837,CPT4,448,11,MHMO,175
,HIAA80,90837,CPT4,446,11,MCARE,181
,HIAA80,90837,CPT4,932,11,HMOAVN,251
,HIAA80,90837,CPT4,921,11,EAP,257
,HIAA80,90837,CPT4,939,11,MEPPO,231
,HIAA80,90837,CPT4,147,11,MEPPO,164
,HIAA80,90837,CPT4,483,11,MBH,232
,HIAA80,90837,CPT4,750,11,VPHMO,236
,HIAA80,90837,CPT4,432,11,MBH,283
,HIAA80,90837,CPT4,434,11,HMOHRA,185
,HIAA80,90837,CPT4,430,11,MWC,231
,HIAA80,90837,CPT4,660,11,MPPO,185
,REF,90837,CPT4,AK01,11,NNHMO,169.37
,HIAA80,90837,CPT4,731,11,DPPO,194
,HIAA80,90837,CPT4,701,11,HMO,184
,HIAA80,90837,CPT4,065,11,MEPOS,205
,HIAA80,90837,CPT4,871,11,MBH,230
,HIAA80,90837,CPT4,308,11,ALL,225
,REF,90837,CPT4,AK01,11,MWC,173.83
,HIAA80,90837,CPT4,878,11,MEHMO,231
,REF,90837,CPT4,AK01,11,MPPO,204.5
,HIAA80,90837,CPT4,928,11,MHMO,277
,HIAA80,90837,CPT4,601,11,MC,216
,HIAA80,90837,CPT4,150,11,MC,185
,HIAA80,90837,CPT4,224,11,MBH,195
,HIAA80,90837,CPT4,560,11,TRICR,259
,HIAA80,90837,CPT4,388,11,MWC,205
,REF,90837,CPT4,AK01,11,MHMO,153.38
,HIAA80,90837,CPT4,294,11,DHMO,231
,HIAA80,90837,CPT4,331,11,POS,358
,HIAA80,90837,CPT4,890,11,MCARE,215
,HIAA80,90837,CPT4,805,11,EAP,274
,HIAA80,90837,CPT4,871,11,TRICR,230
,HIAA80,90837,CPT4,537,11,ALL,251
,REF,90837,CPT4,AK01,11,MEPO,204.5
,HIAA80,90837,CPT4,703,11,MEFFS,154
,HIAA80,90837,CPT4,981,11,VPHMO,230
,HIAA80,90837,CPT4,546,11,MEHMO,413
,HIAA80,90837,CPT4,456,11,VPHMO,212
,HIAA80,90837,CPT4,065,11,MCAID,205
,HIAA80,90837,CPT4,021,11,MC,276
,HIAA80,90837,CPT4,716,11,MEHMO,245
,HIAA80,90837,CPT4,893,11,TRICR,257
,REF,90837,CPT4,AK01,11,DHMO,169.37
,HIAA80,90837,CPT4,190,11,DPPO,205
,HIAA80,90837,CPT4,622,11,DPPO,190
,HIAA80,90837,CPT4,050,11,TRICR,174
,HIAA80,90837,CPT4,522,11,TC,231
,HIAA80,90837,CPT4,044,11,MWC,184
,HIAA80,90837,CPT4,420,11,MEPOS,164
,HIAA80,90837,CPT4,618,11,HMO,211
,HIAA80,90837,CPT4,549,11,HMOHRA,413
,HIAA80,90837,CPT4,215,11,HMOHRA,200
,HIAA80,90837,CPT4,070,11,,301
,HIAA80,90837,CPT4,335,11,TRICR,284
,REF,90837,CPT4,AK01,11,MEHMO,225.83
,REF,90837,CPT4,AK01,11,MC,169.37
,REF,90837,CPT4,AK01,11,SLFIN,225.83
,HIAA80,90837,CPT4,164,11,VPHMO,176
,REF,90837,CPT4,AK01,11,,225.83
,HIAA80,90837,CPT4,085,11,ALL,368
,HIAA80,90837,CPT4,070,11,MWC,301
,HIAA80,90837,CPT4,620,11,POS,195
,HIAA80,90837,CPT4,710,11,MBH,179
,HIAA80,90837,CPT4,331,11,MBH,358
,HIAA80,90837,CPT4,316,11,ALL,241
,HIAA80,90837,CPT4,493,11,DHMO,201
,HIAA80,90837,CPT4,855,11,QPOS,275
,REF,90837,CPT4,AK01,11,MEPOS,169.37
,HIAA80,90837,CPT4,463,11,MEPOS,232
,HIAA80,90837,CPT4,344,11,EAP,265
,REF,90837,CPT4,AK01,11,USACC,225.83
,HIAA80,90837,CPT4,331,11,HMO,358
,HIAA80,90837,CPT4,247,11,HMOHRA,231
,REF,90837,CPT4,AK01,11,SLFIN,204.5
,HIAA80,90837,CPT4,853,11,,241
,HIAA80,90837,CPT4,666,11,MBH,206
,REF,90837,CPT4,AK01,11,MEPOS,225.83
,HIAA80,90837,CPT4,765,11,MWC,241
,HIAA80,90837,CPT4,604,11,MCAID,241
,HIAA80,90837,CPT4,038,11,MHMO,201
,HIAA80,90837,CPT4,282,11,SLFIN,251
,HIAA80,90837,CPT4,147,11,MHMO,164
,HIAA80,90837,CPT4,601,11,DHMO,216
,HIAA80,90837,CPT4,292,11,MC,189
,HIAA80,90837,CPT4,444,11,SLFIN,200
,HIAA80,90837,CPT4,454,11,HMOHRA,179
,HIAA80,90837,CPT4,460,11,MEPPO,205
,HIAA80,90837,CPT4,215,11,MEHMO,200
,HIAA80,90837,CPT4,403,11,HMOHRA,205
,HIAA80,90837,CPT4,560,11,MCAID,259
,HIAA80,90837,CPT4,530,11,POS,288
,HIAA80,90837,CPT4,622,11,MEPO,190
,HIAA80,90837,CPT4,850,11,DHMO,251
,HIAA80,90837,CPT4,013,11,POS,215
,HIAA80,90837,CPT4,342,11,USACC,268
,HIAA80,90837,CPT4,833,11,MEFFS,215
,HIAA80,90837,CPT4,080,11,MEFFS,226
,HIAA80,90837,CPT4,453,11,EAP,205
,HIAA80,90837,CPT4,304,11,,249
,HIAA80,90837,CPT4,945,11,MEPPO,274
,HIAA80,90837,CPT4,066,11,MC,225
,HIAA80,90837,CPT4,105,11,QPOS,367
,REF,90837,CPT4,AK01,11,HMOAVN,191.95
,HIAA80,90837,CPT4,620,11,,195
,HIAA80,90837,CPT4,240,11,MWC,189
,HIAA80,90837,CPT4,105,11,POS,367
,HIAA80,90837,CPT4,945,11,HMOHRA,274
,REF,90837,CPT4,AK01,11,MC,225.83
,REF,90837,CPT4,AK01,11,SLFIN,169.37
,HIAA80,90837,CPT4,470,11,QPOS,176
,HIAA80,90837,CPT4,606,11,QPOS,207
,HIAA80,90837,CPT4,483,11,HMO,232
,HIAA80,90837,CPT4,532,11,MWC,287
,HIAA80,90837,CPT4,430,11,POS,231
,HIAA80,90837,CPT4,631,11,TRICR,185
,HIAA80,90837,CPT4,372,11,MEFFS,277
,HIAA80,90837,CPT4,100,11,MPPO,364
,HIAA80,90837,CPT4,932,11,DPPO,251
,HIAA80,90837,CPT4,342,11,DHMO,268
,HIAA80,90837,CPT4,407,11,POS,211
,HIAA80,90837,CPT4,760,11,MCARE,225
,HIAA80,90837,CPT4,493,11,VPHMO,201
,REF,90837,CPT4,AK01,11,HMOAVN,169.37
,HIAA80,90837,CPT4,430,11,MBH,231
,HIAA80,90837,CPT4,050,11,EAP,174
,HIAA80,90837,CPT4,801,11,HMO,274
,HIAA80,90837,CPT4,600,11,MWC,206
,HIAA80,90837,CPT4,928,11,VPHMO,277
,HIAA80,90837,CPT4,411,11,MEFFS,204
,HIAA80,90837,CPT4,546,11,MHMO,413
,HIAA80,90837,CPT4,086,11,HMO,261
,HIAA80,90837,CPT4,452,11,EAP,180
,HIAA80,90837,CPT4,921,11,MEPOS,257
,HIAA80,90837,CPT4,840,11,EAP,185
,REF,90837,CPT4,AK01,11,MHMO,225.83
,REF,90837,CPT4,AK01,11,HMO,204.5
,HIAA80,90837,CPT4,300,11,VPHMO,226
,HIAA80,90837,CPT4,212,11,POS,184
,HIAA80,90837,CPT4,571,11,HMOHRA,251
,HIAA80,90837,CPT4,612,11,MWC,231
,HIAA80,90837,CPT4,113,11,MCARE,308
,HIAA80,90837,CPT4,570,11,TRICR,231
,HIAA80,90837,CPT4,920,11,HMOHRA,297
,REF,90837,CPT4,AK01,11,USACC,173.83
,HIAA80,90837,CPT4,546,11,MCARE,413
,REF,90837,CPT4,AK01,11,MEFFS,225.83
,HIAA80,90837,CPT4,147,11,MEFFS,164
,HIAA80,90837,CPT4,537,11,MEFFS,251
,REF,90837,CPT4,AK01,11,QPOS,173.83
,HIAA80,90837,CPT4,775,11,MHMO,205
,HIAA80,90837,CPT4,215,11,TRICR,200
,HIAA80,90837,CPT4,620,11,HMOHRA,195
,HIAA80,90837,CPT4,878,11,POS,231
,HIAA80,90837,CPT4,295,11,MEPOS,179
,HIAA80,90837,CPT4,050,11,TC,174
,HIAA80,90837,CPT4,756,11,MHMO,242
,HIAA80,90837,CPT4,293,11,POS,154
,HIAA80,90837,CPT4,601,11,MWC,216
,HIAA80,90837,CPT4,768,11,,205
,HIAA80,90837,CPT4,940,11,HMO,298
,HIAA80,90837,CPT4,604,11,HMOHRA,241
,HIAA80,90837,CPT4,945,11,MEHMO,274
,HIAA80,90837,CPT4,150,11,DPPO,185
,REF,90837,CPT4,AK01,11,QPOS,225.83
,HIAA80,90837,CPT4,150,11,MCARE,185
,HIAA80,90837,CPT4,142,11,MEHMO,204
,HIAA80,90837,CPT4,841,11,MEPO,185
,HIAA80,90837,CPT4,571,11,USACC,251
,HIAA80,90837,CPT4,344,11,MC,265
,HIAA80,90837,CPT4,652,11,HMO,154
,HIAA80,90837,CPT4,560,11,NNHMO,259
,HIAA80,90837,CPT4,701,11,MWC,184
,HIAA80,90837,CPT4,130,11,TC,179
,HIAA80,90837,CPT4,921,11,,257
,HIAA80,90837,CPT4,201,11,TC,273
,HIAA80,90837,CPT4,774,11,EAP,230
,REF,90837,CPT4,AK01,11,MWC,153.38
,HIAA80,90837,CPT4,647,11,ALL,200
,HIAA80,90837,CPT4,077,11,USACC,205
,HIAA80,90837,CPT4,531,11,,288
,HIAA80,90837,CPT4,967,11,MEHMO,251
,HIAA80,90837,CPT4,403,11,MEPOS,205
,HIAA80,90837,CPT4,017,11,MEPO,226
,HIAA80,90837,CPT4,837,11,MHMO,205
,HIAA80,90837,CPT4,837,11,MWC,205
,HIAA80,90837,CPT4,336,11,MCARE,282
,HIAA80,90837,CPT4,775,11,MCARE,205
,REF,90837,CPT4,AK01,11,HMOAVN,153.38
,HIAA80,90837,CPT4,444,11,USACC,200
,HIAA80,90837,CPT4,441,11,MEPO,257
,HIAA80,90837,CPT4,600,11,NNHMO,206
,HIAA80,90837,CPT4,618,11,MCARE,211
,HIAA80,90837,CPT4,590,11,DPPO,190
,HIAA80,90837,CPT4,024,11,HMOAVN,256
,HIAA80,90837,CPT4,448,11,,175
,HIAA80,90837,CPT4,541,11,HMOHRA,449
,HIAA80,90837,CPT4,546,11,POS,413
,HIAA80,90837,CPT4,066,11,MCAID,225
,HIAA80,90837,CPT4,770,11,,352
,HIAA80,90837,CPT4,710,11,MPPO,179
,REF,90837,CPT4,AK01,11,MEFFS,225.83
,HIAA80,90837,CPT4,820,11,HMOAVN,256
,HIAA80,90837,CPT4,560,11,HMOAVN,259
,HIAA80,90837,CPT4,230,11,MEPO,204
,HIAA80,90837,CPT4,147,11,MEPO,164
,HIAA80,90837,CPT4,913,11,HMO,276
,HIAA80,90837,CPT4,910,11,TC,256
,HIAA80,90837,CPT4,330,11,MEFFS,273
,REF,90837,CPT4,AK01,11,NNHMO,173.83
,HIAA80,90837,CPT4,194,11,DPPO,205
,HIAA80,90837,CPT4,532,11,MEPPO,287
,HIAA80,90837,CPT4,152,11,MEPPO,180
,HIAA80,90837,CPT4,070,11,MEHMO,301
,HIAA80,90837,CPT4,150,11,MEPO,185
,REF,90837,CPT4,AK01,11,TC,225.83
,HIAA80,90837,CPT4,647,11,,200
,HIAA80,90837,CPT4,062,11,EAP,201
,HIAA80,90837,CPT4,411,11,POS,204
,HIAA80,90837,CPT4,282,11,EAP,251
,HIAA80,90837,CPT4,190,11,USACC,205
,HIAA80,90837,CPT4,563,11,NNHMO,258
,HIAA80,90837,CPT4,085,11,HMOAVN,368
,HIAA80,90837,CPT4,553,11,QPOS,253
,HIAA80,90837,CPT4,403,11,POS,205
,HIAA80,90837,CPT4,480,11,MCAID,231
,REF,90837,CPT4,AK01,11,SLFIN,191.95
,HIAA80,90837,CPT4,050,11,POS,174
,HIAA80,90837,CPT4,936,11,HMOAVN,205
,HIAA80,90837,CPT4,522,11,VPHMO,231
,HIAA80,90837,CPT4,294,11,MEPPO,231
,REF,90837,CPT4,AK01,11,MCAID,173.83
,HIAA80,90837,CPT4,731,11,TC,194
,HIAA80,90837,CPT4,024,11,MBH,256
,HIAA80,90837,CPT4,066,11,TRICR,225
,HIAA80,90837,CPT4,164,11,MBH,176
,HIAA80,90837,CPT4,453,11,MEPPO,205
,HIAA80,90837,CPT4,748,11,MCARE,205
,HIAA80,90837,CPT4,350,11,DHMO,164
,HIAA80,90837,CPT4,954,11,USACC,205
,HIAA80,90837,CPT4,230,11,MBH,204
,HIAA80,90837,CPT4,943,11,MEPO,601
,REF,90837,CPT4,AK01,11,MEHMO,153.38
,HIAA80,90837,CPT4,242,11,HMOHRA,210
,REF,90837,CPT4,AK01,11,MEHMO,225.83
,REF,90837,CPT4,AK01,11,DHMO,225.83
,HIAA80,90837,CPT4,282,11,MPPO,251
,HIAA80,90837,CPT4,563,11,MEPO,258
,HIAA80,90837,CPT4,208,11,TRICR,273
,HIAA80,90837,CPT4,571,11,MEHMO,251
,HIAA80,90837,CPT4,452,11,QPOS,180
,HIAA80,90837,CPT4,460,11,TRICR,205
,REF,90837,CPT4,AK01,11,ALL,153.38
,HIAA80,90837,CPT4,463,11,MBH,232
,HIAA80,90837,CPT4,618,11,MEHMO,211
,REF,90837,CPT4,AK01,11,MCAID,225.83
,HIAA80,90837,CPT4,200,11,DPPO,257
,REF,90837,CPT4,AK01,11,HMO,225.83
,HIAA80,90837,CPT4,774,11,MBH,230
,REF,90837,CPT4,AK01,11,SLFIN,169.37
,HIAA80,90837,CPT4,086,11,MEHMO,261
,HIAA80,90837,CPT4,837,11,MEPO,205
,HIAA80,90837,CPT4,339,11,MHMO,337
,HIAA80,90837,CPT4,436,11,MEHMO,185
,HIAA80,90837,CPT4,611,11,DPPO,257
,HIAA80,90837,CPT4,921,11,DHMO,257
,HIAA80,90837,CPT4,756,11,MC,242
,HIAA80,90837,CPT4,088,11,DPPO,206
,HIAA80,90837,CPT4,021,11,MEPPO,276
,HIAA80,90837,CPT4,913,11,MEPPO,276
,REF,90837,CPT4,AK01,11,ALL,225.83
,HIAA80,90837,CPT4,631,11,TC,185
,HIAA80,90837,CPT4,233,11,MHMO,251
,REF,90837,CPT4,AK01,11,,225.83
,HIAA80,90837,CPT4,038,11,NNHMO,201
,HIAA80,90837,CPT4,490,11,MEPOS,206
,HIAA80,90837,CPT4,640,11,EAP,176
,HIAA80,90837,CPT4,352,11,DHMO,179
,HIAA80,90837,CPT4,611,11,MCAID,257
,HIAA80,90837,CPT4,085,11,VPHMO,368
,REF,90837,CPT4,AK01,11,ALL,153.38
,HIAA80,90837,CPT4,475,11,DPPO,293
,REF,90837,CPT4,AK01,11,QPOS,153.38
,HIAA80,90837,CPT4,316,11,TRICR,241
,HIAA80,90837,CPT4,820,11,MC,256
,HIAA80,90837,CPT4,939,11,ALL,231
,HIAA80,90837,CPT4,402,11,MEPOS,205
,HIAA80,90837,CPT4,666,11,HMOHRA,206
,HIAA80,90837,CPT4,017,11,NNHMO,226
,HIAA80,90837,CPT4,460,11,MEHMO,205
,HIAA80,90837,CPT4,437,11,VPHMO,205
,HIAA80,90837,CPT4,298,11,DHMO,257
,HIAA80,90837,CPT4,496,11,NNHMO,215
,HIAA80,90837,CPT4,232,11,MEHMO,186
,HIAA80,90837,CPT4,242,11,MPPO,210
,HIAA80,90837,CPT4,017,11,DHMO,226
,HIAA80,90837,CPT4,622,11,ALL,190
,HIAA80,90837,CPT4,532,11,EAP,287
,HIAA80,90837,CPT4,922,11,SLFIN,256
,HIAA80,90837,CPT4,453,11,MEPO,205
,HIAA80,90837,CPT4,856,11,MEPO,226
,HIAA80,90837,CPT4,495,11,HMOHRA,205
,HIAA80,90837,CPT4,631,11,NNHMO,185
,REF,90837,CPT4,AK01,11,MEPPO,204.5
,REF,90837,CPT4,AK01,11,HMO,225.83
,HIAA80,90837,CPT4,436,11,DHMO,185
,HIAA80,90837,CPT4,017,11,MCARE,226
,HIAA80,90837,CPT4,469,11,MWC,205
,HIAA80,90837,CPT4,242,11,DPPO,210
,REF,90837,CPT4,AK01,11,NNHMO,204.5
,HIAA80,90837,CPT4,360,11,TRICR,172
,HIAA80,90837,CPT4,462,11,MC,222
,HIAA80,90837,CPT4,296,11,MEPOS,185
,HIAA80,90837,CPT4,853,11,HMOHRA,241
,HIAA80,90837,CPT4,201,11,MEPOS,273
,HIAA80,90837,CPT4,932,11,VPHMO,251
,REF,90837,CPT4,AK01,11,HMOAVN,204.5
,HIAA80,90837,CPT4,462,11,TC,222
,HIAA80,90837,CPT4,226,11,MEFFS,233
,REF,90837,CPT4,AK01,11,SLFIN,225.83
,REF,90837,CPT4,AK01,11,POS,225.83
,REF,90837,CPT4,AK01,11,MEPOS,204.5
,HIAA80,90837,CPT4,775,11,HMOAVN,205
,HIAA80,90837,CPT4,800,11,DPPO,260
,HIAA80,90837,CPT4,442,11,DHMO,186
,HIAA80,90837,CPT4,212,11,MCARE,184
,HIAA80,90837,CPT4,910,11,MEPPO,256
,HIAA80,90837,CPT4,372,11,VPHMO,277
,HIAA80,90837,CPT4,220,11,MBH,231
,HIAA80,90837,CPT4,152,11,MEPO,180
,HIAA80,90837,CPT4,535,11,MWC,247
,HIAA80,90837,CPT4,666,11,,206
,HIAA80,90837,CPT4,618,11,MEPPO,211
,HIAA80,90837,CPT4,065,11,VPHMO,205
,HIAA80,90837,CPT4,936,11,MEPOS,205
,HIAA80,90837,CPT4,787,11,,273
,HIAA80,90837,CPT4,352,11,EAP,179
,HIAA80,90837,CPT4,230,11,MWC,204
,HIAA80,90837,CPT4,430,11,VPHMO,231
,HIAA80,90837,CPT4,490,11,TC,206
,REF,90837,CPT4,AK01,11,HMOHRA,169.37
,REF,90837,CPT4,AK01,11,ALL,204.5
,HIAA80,90837,CPT4,750,11,MCARE,236
,REF,90837,CPT4,AK01,11,MCARE,169.37
,HIAA80,90837,CPT4,530,11,TRICR,288
,REF,90837,CPT4,AK01,11,MCAID,204.5
,HIAA80,90837,CPT4,247,11,ALL,231
,REF,90837,CPT4,AK01,11,DHMO,225.83
,HIAA80,90837,CPT4,017,11,MBH,226
,HIAA80,90837,CPT4,945,11,MHMO,274
,HIAA80,90837,CPT4,363,11,HMO,174
,HIAA80,90837,CPT4,463,11,HMOAVN,232
,HIAA80,90837,CPT4,111,11,HMO,256
,HIAA80,90837,CPT4,221,11,MPPO,205
,HIAA80,90837,CPT4,381,11,MCARE,201
,HIAA80,90837,CPT4,549,11,QPOS,413
,HIAA80,90837,CPT4,070,11,SLFIN,301
,HIAA80,90837,CPT4,932,11,HMO,251
,HIAA80,90837,CPT4,077,11,MHMO,205
,HIAA80,90837,CPT4,448,11,MWC,175
,HIAA80,90837,CPT4,448,11,NNHMO,175
,HIAA80,90837,CPT4,105,11,HMOHRA,367
,HIAA80,90837,CPT4,064,11,MEPO,201
,HIAA80,90837,CPT4,602,11,MEHMO,206
,REF,90837,CPT4,AK01,11,MEPOS,225.83
,HIAA80,90837,CPT4,411,11,MEPO,204
,HIAA80,90837,CPT4,142,11,MPPO,204
,HIAA80,90837,CPT4,554,11,MWC,251
,HIAA80,90837,CPT4,940,11,MBH,298
,HIAA80,90837,CPT4,430,11,MEFFS,231
,HIAA80,90837,CPT4,820,11,POS,256
,HIAA80,90837,CPT4,363,11,MPPO,174
,REF,90837,CPT4,AK01,11,TRICR,191.95
,HIAA80,90837,CPT4,028,11,QPOS,195
,HIAA80,90837,CPT4,442,11,MEHMO,186
,HIAA80,90837,CPT4,524,11,HMOHRA,200
,HIAA80,90837,CPT4,775,11,MEPO,205
,HIAA80,90837,CPT4,465,11,MEHMO,190
,HIAA80,90837,CPT4,530,11,DPPO,288
,HIAA80,90837,CPT4,855,11,MEHMO,275
,HIAA80,90837,CPT4,590,11,HMO,190
,HIAA80,90837,CPT4,580,11,MBH,334
,HIAA80,90837,CPT4,360,11,MC,172
,HIAA80,90837,CPT4,605,11,POS,256
,HIAA80,90837,CPT4,544,11,POS,257
,HIAA80,90837,CPT4,570,11,ALL,231
,HIAA80,90837,CPT4,221,11,DHMO,205
,HIAA80,90837,CPT4,922,11,HMOHRA,256
,HIAA80,90837,CPT4,833,11,EAP,215
,HIAA80,90837,CPT4,339,11,TC,337
,HIAA80,90837,CPT4,522,11,MEFFS,231
,HIAA80,90837,CPT4,448,11,EAP,175
,HIAA80,90837,CPT4,013,11,MCARE,215
,HIAA80,90837,CPT4,669,11,EAP,201
,HIAA80,90837,CPT4,070,11,MHMO,301
,HIAA80,90837,CPT4,920,11,VPHMO,297
,HIAA80,90837,CPT4,147,11,MEPOS,164
,REF,90837,CPT4,AK01,11,MEPO,225.83
,HIAA80,90837,CPT4,388,11,MEHMO,205
,HIAA80,90837,CPT4,446,11,EAP,181
,HIAA80,90837,CPT4,411,11,MCAID,204
,HIAA80,90837,CPT4,070,11,DPPO,301
,HIAA80,90837,CPT4,337,11,DPPO,273
,REF,90837,CPT4,AK01,11,MHMO,191.95
,HIAA80,90837,CPT4,450,11,MEFFS,231
,HIAA80,90837,CPT4,540,11,SLFIN,257
,HIAA80,90837,CPT4,290,11,MBH,164
,HIAA80,90837,CPT4,450,11,MBH,231
,REF,90837,CPT4,AK01,11,ALL,204.5
,HIAA80,90837,CPT4,470,11,MEPO,176
,HIAA80,90837,CPT4,298,11,NNHMO,257
,REF,90837,CPT4,AK01,11,SLFIN,225.83
,HIAA80,90837,CPT4,606,11,NNHMO,207
,HIAA80,90837,CPT4,708,11,MEPPO,154
,HIAA80,90837,CPT4,940,11,POS,298
,HIAA80,90837,CPT4,394,11,MCARE,205
,HIAA80,90837,CPT4,363,11,DPPO,174
,HIAA80,90837,CPT4,450,11,MC,231
,HIAA80,90837,CPT4,495,11,QPOS,205
,HIAA80,90837,CPT4,550,11,MEHMO,257
,HIAA80,90837,CPT4,571,11,HMOAVN,251
,HIAA80,90837,CPT4,756,11,VPHMO,242
,HIAA80,90837,CPT4,551,11,MPPO,251
,HIAA80,90837,CPT4,598,11,,195
,HIAA80,90837,CPT4,498,11,VPHMO,205
,REF,90837,CPT4,AK01,11,POS,169.37
,HIAA80,90837,CPT4,387,11,MCAID,205
,HIAA80,90837,CPT4,448,11,USACC,175
,HIAA80,90837,CPT4,130,11,USACC,179
,HIAA80,90837,CPT4,021,11,USACC,276
,HIAA80,90837,CPT4,200,11,NNHMO,257
,HIAA80,90837,CPT4,111,11,MCARE,256
,HIAA80,90837,CPT4,750,11,MEFFS,236
,HIAA80,90837,CPT4,088,11,,206
,REF,90837,CPT4,AK01,11,HMOAVN,191.95
,HIAA80,90837,CPT4,774,11,HMO,230
,HIAA80,90837,CPT4,475,11,HMOHRA,293
,HIAA80,90837,CPT4,201,11,HMO,273
,HIAA80,90837,CPT4,932,11,,251
,HIAA80,90837,CPT4,551,11,MEPPO,251
,HIAA80,90837,CPT4,462,11,QPOS,222
,HIAA80,90837,CPT4,853,11,QPOS,241
,REF,90837,CPT4,AK01,11,NNHMO,225.83
,HIAA80,90837,CPT4,856,11,MEHMO,226
,HIAA80,90837,CPT4,580,11,ALL,334
,HIAA80,90837,CPT4,762,11,SLFIN,231
,HIAA80,90837,CPT4,130,11,HMO,179
,HIAA80,90837,CPT4,620,11,USACC,195
,HIAA80,90837,CPT4,372,11,QPOS,277
,HIAA80,90837,CPT4,768,11,USACC,205
,HIAA80,90837,CPT4,190,11,HMO,205
,HIAA80,90837,CPT4,224,11,HMO,195
,HIAA80,90837,CPT4,559,11,,256
,REF,90837,CPT4,AK01,11,HMOAVN,169.37
,HIAA80,90837,CPT4,458,11,MEHMO,196
,HIAA80,90837,CPT4,604,11,SLFIN,241
,HIAA80,90837,CPT4,441,11,EAP,257
,HIAA80,90837,CPT4,130,11,QPOS,179
,HIAA80,90837,CPT4,928,11,MCARE,277
,HIAA80,90837,CPT4,775,11,MBH,205
,REF,90837,CPT4,AK01,11,MCAID,204.5
,HIAA80,90837,CPT4,194,11,HMO,205
,REF,90837,CPT4,AK01,11,QPOS,204.5
,HIAA80,90837,CPT4,194,11,MEFFS,205
,HIAA80,90837,CPT4,590,11,DHMO,190
,HIAA80,90837,CPT4,703,11,DHMO,154
,HIAA80,90837,CPT4,612,11,MCAID,231
,HIAA80,90837,CPT4,278,11,VPHMO,246
,HIAA80,90837,CPT4,787,11,MEPPO,273
,REF,90837,CPT4,AK01,11,MEPOS,169.37
,HIAA80,90837,CPT4,756,11,EAP,242
,HIAA80,90837,CPT4,370,11,MEPOS,193
,HIAA80,90837,CPT4,967,11,,251
,HIAA80,90837,CPT4,387,11,NNHMO,205
,HIAA80,90837,CPT4,855,11,TC,275
,HIAA80,90837,CPT4,851,11,MPPO,226
,HIAA80,90837,CPT4,316,11,MWC,241
,HIAA80,90837,CPT4,113,11,HMOHRA,308
,HIAA80,90837,CPT4,765,11,SLFIN,241
,HIAA80,90837,CPT4,530,11,ALL,288
,HIAA80,90837,CPT4,620,11,MCAID,195
,HIAA80,90837,CPT4,436,11,HMOAVN,185
,REF,90837,CPT4,AK01,11,MBH,225.83
,REF,90837,CPT4,AK01,11,MCARE,204.5
,HIAA80,90837,CPT4,855,11,MEPO,275
,HIAA80,90837,CPT4,387,11,MC,205
,HIAA80,90837,CPT4,201,11,MEFFS,273
,REF,90837,CPT4,AK01,11,MEFFS,204.5
,HIAA80,90837,CPT4,801,11,MHMO,274
,HIAA80,90837,CPT4,837,11,MCARE,205
,HIAA80,90837,CPT4,463,11,EAP,232
,REF,90837,CPT4,AK01,11,MC,225.83
,HIAA80,90837,CPT4,337,11,MBH,273
,HIAA80,90837,CPT4,316,11,MPPO,241
,HIAA80,90837,CPT4,840,11,MEFFS,185
,REF,90837,CPT4,AK01,11,MBH,169.37
,HIAA80,90837,CPT4,105,11,TC,367
,HIAA80,90837,CPT4,080,11,MWC,226
,HIAA80,90837,CPT4,208,11,MC,273
,HIAA80,90837,CPT4,308,11,MC,225
,HIAA80,90837,CPT4,660,11,NNHMO,185
,HIAA80,90837,CPT4,341,11,ALL,302
,HIAA80,90837,CPT4,430,11,MCAID,231
,HIAA80,90837,CPT4,805,11,MEPO,274
,HIAA80,90837,CPT4,928,11,HMO,277
,REF,90837,CPT4,AK01,11,MBH,191.95
,HIAA80,90837,CPT4,337,11,MEPPO,273
,HIAA80,90837,CPT4,294,11,MCARE,231
,HIAA80,90837,CPT4,841,11,TC,185
,HIAA80,90837,CPT4,024,11,MHMO,256
,HIAA80,90837,CPT4,716,11,EAP,245
,HIAA80,90837,CPT4,622,11,MEPPO,190
,HIAA80,90837,CPT4,631,11,DHMO,185
,HIAA80,90837,CPT4,453,11,ALL,205
,HIAA80,90837,CPT4,044,11,MPPO,184
,HIAA80,90837,CPT4,580,11,QPOS,334
,HIAA80,90837,CPT4,605,11,HMOAVN,256
,HIAA80,90837,CPT4,290,11,HMO,164
,HIAA80,90837,CPT4,430,11,TRICR,231
,HIAA80,90837,CPT4,226,11,MCAID,233
,HIAA80,90837,CPT4,570,11,DHMO,231
,HIAA80,90837,CPT4,230,11,TC,204
,HIAA80,90837,CPT4,232,11,EAP,186
,HIAA80,90837,CPT4,446,11,DHMO,181
,HIAA80,90837,CPT4,437,11,MBH,205
,HIAA80,90837,CPT4,591,11,MEPO,205
,HIAA80,90837,CPT4,331,11,DPPO,358
,HIAA80,90837,CPT4,190,11,QPOS,205
,HIAA80,90837,CPT4,703,11,VPHMO,154
,HIAA80,90837,CPT4,752,11,POS,220
,HIAA80,90837,CPT4,140,11,MBH,201
,HIAA80,90837,CPT4,350,11,HMOHRA,164
,HIAA80,90837,CPT4,580,11,,334
,HIAA80,90837,CPT4,298,11,MCARE,257
,HIAA80,90837,CPT4,647,11,VPHMO,200
,REF,90837,CPT4,AK01,11,USACC,169.37
,REF,90837,CPT4,AK01,11,ALL,204.5
,HIAA80,90837,CPT4,954,11,MPPO,205
,HIAA80,90837,CPT4,541,11,,449
,HIAA80,90837,CPT4,153,11,HMOAVN,179
,HIAA80,90837,CPT4,605,11,ALL,256
,HIAA80,90837,CPT4,278,11,MBH,246
,HIAA80,90837,CPT4,066,11,HMOAVN,225
,HIAA80,90837,CPT4,524,11,MEPOS,200
,HIAA80,90837,CPT4,981,11,MPPO,230
,HIAA80,90837,CPT4,469,11,HMO,205
,HIAA80,90837,CPT4,773,11,MEPO,241
,HIAA80,90837,CPT4,703,11,MEPO,154
,HIAA80,90837,CPT4,436,11,MEFFS,185
,HIAA80,90837,CPT4,760,11,QPOS,225
,HIAA80,90837,CPT4,600,11,,206
,HIAA80,90837,CPT4,540,11,HMOHRA,257
,HIAA80,90837,CPT4,482,11,DPPO,231
,HIAA80,90837,CPT4,086,11,EAP,261
,HIAA80,90837,CPT4,442,11,MPPO,186
,HIAA80,90837,CPT4,631,11,MEHMO,185
,HIAA80,90837,CPT4,620,11,MEHMO,195
,HIAA80,90837,CPT4,240,11,TRICR,189
,HIAA80,90837,CPT4,932,11,MEPO,251
,HIAA80,90837,CPT4,774,11,MEPOS,230
,HIAA80,90837,CPT4,147,11,MCAID,164
,HIAA80,90837,CPT4,612,11,HMOAVN,231
,HIAA80,90837,CPT4,782,11,MCARE,241
,HIAA80,90837,CPT4,856,11,MC,226
,HIAA80,90837,CPT4,293,11,DHMO,154
,HIAA80,90837,CPT4,708,11,HMOHRA,154
,HIAA80,90837,CPT4,666,11,MEFFS,206
,HIAA80,90837,CPT4,370,11,MEHMO,193
,HIAA80,90837,CPT4,570,11,MEFFS,231
,HIAA80,90837,CPT4,194,11,TC,205
,HIAA80,90837,CPT4,936,11,VPHMO,205
,HIAA80,90837,CPT4,871,11,MEHMO,230
,HIAA80,90837,CPT4,402,11,MEFFS,205
,HIAA80,90837,CPT4,701,11,HMOHRA,184
,REF,90837,CPT4,AK01,11,MEPO,225.83
,HIAA80,90837,CPT4,496,11,TC,215
,HIAA80,90837,CPT4,062,11,HMOAVN,201
,HIAA80,90837,CPT4,943,11,HMOHRA,601
,HIAA80,90837,CPT4,469,11,HMOHRA,205
,HIAA80,90837,CPT4,450,11,USACC,231
,HIAA80,90837,CPT4,762,11,MHMO,231
,HIAA80,90837,CPT4,210,11,MEHMO,205
,HIAA80,90837,CPT4,290,11,TC,164
,REF,90837,CPT4,AK01,11,DPPO,153.38
,HIAA80,90837,CPT4,840,11,SLFIN,185
,HIAA80,90837,CPT4,293,11,MEFFS,154
,HIAA80,90837,CPT4,062,11,MEHMO,201
,HIAA80,90837,CPT4,080,11,NNHMO,226
,HIAA80,90837,CPT4,543,11,MHMO,437
,HIAA80,90837,CPT4,293,11,MCARE,154
,HIAA80,90837,CPT4,462,11,EAP,222
,HIAA80,90837,CPT4,774,11,MEFFS,230
,REF,90837,CPT4,AK01,11,HMO,225.83
,HIAA80,90837,CPT4,495,11,POS,205
,HIAA80,90837,CPT4,363,11,,174
,HIAA80,90837,CPT4,768,11,MCARE,205
,HIAA80,90837,CPT4,403,11,NNHMO,205
,HIAA80,90837,CPT4,304,11,DHMO,249
,HIAA80,90837,CPT4,335,11,MEFFS,284
,HIAA80,90837,CPT4,851,11,EAP,226
,HIAA80,90837,CPT4,602,11,EAP,206
,REF,90837,CPT4,AK01,11,ALL,225.83
,HIAA80,90837,CPT4,943,11,VPHMO,601
,REF,90837,CPT4,AK01,11,MC,169.37
,HIAA80,90837,CPT4,945,11,MEPO,274
,REF,90837,CPT4,AK01,11,MPPO,153.38
,HIAA80,90837,CPT4,437,11,MEHMO,205
,HIAA80,90837,CPT4,580,11,MPPO,334
,HIAA80,90837,CPT4,446,11,MHMO,181
,HIAA80,90837,CPT4,282,11,MWC,251
,HIAA80,90837,CPT4,465,11,TC,190
,HIAA80,90837,CPT4,341,11,DPPO,302
,HIAA80,90837,CPT4,748,11,MCAID,205
,HIAA80,90837,CPT4,381,11,VPHMO,201
,HIAA80,90837,CPT4,700,11,MWC,156
,HIAA80,90837,CPT4,493,11,TC,201
,HIAA80,90837,CPT4,433,11,HMO,180
,HIAA80,90837,CPT4,532,11,HMOHRA,287
,HIAA80,90837,CPT4,660,11,VPHMO,185
,HIAA80,90837,CPT4,430,11,HMOHRA,231
,HIAA80,90837,CPT4,452,11,TRICR,180
,HIAA80,90837,CPT4,469,11,DPPO,205
,HIAA80,90837,CPT4,100,11,MC,364
,HIAA80,90837,CPT4,801,11,HMOAVN,274
,HIAA80,90837,CPT4,147,11,TC,164
,HIAA80,90837,CPT4,070,11,MC,301
,REF,90837,CPT4,AK01,11,HMO,153.38
,HIAA80,90837,CPT4,837,11,NNHMO,205
,HIAA80,90837,CPT4,316,11,USACC,241
,HIAA80,90837,CPT4,493,11,HMO,201
,HIAA80,90837,CPT4,282,11,MBH,251
,HIAA80,90837,CPT4,295,11,DPPO,179
,HIAA80,90837,CPT4,038,11,,201
,HIAA80,90837,CPT4,280,11,VPHMO,251
,HIAA80,90837,CPT4,920,11,HMOAVN,297
,HIAA80,90837,CPT4,531,11,MEPOS,288
,HIAA80,90837,CPT4,537,11,EAP,251
,HIAA80,90837,CPT4,833,11,MC,215
,HIAA80,90837,CPT4,981,11,DPPO,230
,HIAA80,90837,CPT4,486,11,MEPOS,215
,HIAA80,90837,CPT4,760,11,VPHMO,225
,HIAA80,90837,CPT4,140,11,MPPO,201
,HIAA80,90837,CPT4,337,11,HMOAVN,273
,HIAA80,90837,CPT4,647,11,MHMO,200
,HIAA80,90837,CPT4,088,11,QPOS,206
,HIAA80,90837,CPT4,077,11,HMO,205
,HIAA80,90837,CPT4,773,11,MWC,241
,REF,90837,CPT4,AK01,11,MEHMO,153.38
,HIAA80,90837,CPT4,851,11,MEPPO,226
,REF,90837,CPT4,AK01,11,MEHMO,204.5
,HIAA80,90837,CPT4,652,11,VPHMO,154
,HIAA80,90837,CPT4,363,11,POS,174
,HIAA80,90837,CPT4,590,11,MHMO,190
,HIAA80,90837,CPT4,222,11,MEPOS,273
,HIAA80,90837,CPT4,402,11,VPHMO,205
,HIAA80,90837,CPT4,433,11,MC,180
,HIAA80,90837,CPT4,967,11,HMOAVN,251
,HIAA80,90837,CPT4,701,11,MEPOS,184
,HIAA80,90837,CPT4,893,11,MEPO,257
,HIAA80,90837,CPT4,974,11,DPPO,271
,HIAA80,90837,CPT4,212,11,MEPO,184
,HIAA80,90837,CPT4,481,11,MEPOS,231
,HIAA80,90837,CPT4,540,11,MC,257
,HIAA80,90837,CPT4,453,11,HMOHRA,205
,HIAA80,90837,CPT4,601,11,MBH,216
,REF,90837,CPT4,AK01,11,TC,169.37
,HIAA80,90837,CPT4,910,11,USACC,256
,HIAA80,90837,CPT4,222,11,NNHMO,273
,HIAA80,90837,CPT4,543,11,VPHMO,437
,HIAA80,90837,CPT4,221,11,DPPO,205
,HIAA80,90837,CPT4,782,11,MEPO,241
,HIAA80,90837,CPT4,488,11,DHMO,226
,HIAA80,90837,CPT4,280,11,MC,251
,REF,90837,CPT4,AK01,11,MCAID,204.5
,HIAA80,90837,CPT4,437,11,MEPPO,205
,HIAA80,90837,CPT4,495,11,MCARE,205
,HIAA80,90837,CPT4,631,11,MCARE,185
,HIAA80,90837,CPT4,484,11,SLFIN,251
,HIAA80,90837,CPT4,660,11,QPOS,185
,HIAA80,90837,CPT4,750,11,MEPOS,236
,HIAA80,90837,CPT4,463,11,MEFFS,232
,HIAA80,90837,CPT4,232,11,MPPO,186
,HIAA80,90837,CPT4,483,11,MEPPO,232
,HIAA80,90837,CPT4,066,11,MPPO,225
,HIAA80,90837,CPT4,841,11,MHMO,185
,HIAA80,90837,CPT4,336,11,SLFIN,282
,HIAA80,90837,CPT4,062,11,MCAID,201
,HIAA80,90837,CPT4,484,11,,251
,HIAA80,90837,CPT4,559,11,USACC,256
,HIAA80,90837,CPT4,444,11,MEPO,200
,HIAA80,90837,CPT4,604,11,EAP,241
,HIAA80,90837,CPT4,113,11,MEPPO,308
,HIAA80,90837,CPT4,278,11,DPPO,246
,REF,90837,CPT4,AK01,11,EAP,169.37
,REF,90837,CPT4,AK01,11,SLFIN,169.37
,HIAA80,90837,CPT4,140,11,MHMO,201
,HIAA80,90837,CPT4,296,11,MEFFS,185
,HIAA80,90837,CPT4,878,11,MEPOS,231
,HIAA80,90837,CPT4,336,11,MEPOS,282
,HIAA80,90837,CPT4,350,11,HMOAVN,164
,HIAA80,90837,CPT4,498,11,DPPO,205
,HIAA80,90837,CPT4,150,11,MWC,185
,HIAA80,90837,CPT4,775,11,MC,205
,HIAA80,90837,CPT4,493,11,MEPOS,201
,HIAA80,90837,CPT4,463,11,MCARE,232
,HIAA80,90837,CPT4,070,11,ALL,301
,HIAA80,90837,CPT4,434,11,MPPO,185
,REF,90837,CPT4,AK01,11,MCARE,225.83
,HIAA80,90837,CPT4,210,11,EAP,205
,HIAA80,90837,CPT4,570,11,MBH,231
,HIAA80,90837,CPT4,275,11,MEPO,241
,HIAA80,90837,CPT4,853,11,MWC,241
,HIAA80,90837,CPT4,910,11,HMOHRA,256
,HIAA80,90837,CPT4,111,11,MEFFS,256
,HIAA80,90837,CPT4,936,11,MWC,205
,HIAA80,90837,CPT4,411,11,,204
,REF,90837,CPT4,AK01,11,EAP,225.83
,HIAA80,90837,CPT4,433,11,MEPO,180
,HIAA80,90837,CPT4,563,11,MPPO,258
,HIAA80,90837,CPT4,215,11,,200
,HIAA80,90837,CPT4,762,11,VPHMO,231
,HIAA80,90837,CPT4,260,11,MC,226
,HIAA80,90837,CPT4,247,11,SLFIN,231
,HIAA80,90837,CPT4,496,11,QPOS,215
,HIAA80,90837,CPT4,774,11,SLFIN,230
,REF,90837,CPT4,AK01,11,USACC,169.37
,HIAA80,90837,CPT4,662,11,,205
,HIAA80,90837,CPT4,062,11,MBH,201
,HIAA80,90837,CPT4,452,11,VPHMO,180
,REF,90837,CPT4,AK01,11,,173.83
,HIAA80,90837,CPT4,153,11,DPPO,179
,REF,90837,CPT4,AK01,11,DPPO,225.83
,HIAA80,90837,CPT4,750,11,MWC,236
,HIAA80,90837,CPT4,316,11,NNHMO,241
,HIAA80,90837,CPT4,452,11,DPPO,180
,HIAA80,90837,CPT4,021,11,TC,276
,REF,90837,CPT4,AK01,11,EAP,169.37
,HIAA80,90837,CPT4,943,11,MBH,601
,HIAA80,90837,CPT4,800,11,HMO,260
,HIAA80,90837,CPT4,606,11,EAP,207
,HIAA80,90837,CPT4,940,11,SLFIN,298
,HIAA80,90837,CPT4,662,11,MHMO,205
,HIAA80,90837,CPT4,622,11,TC,190
,HIAA80,90837,CPT4,044,11,VPHMO,184
,HIAA80,90837,CPT4,436,11,ALL,185
,HIAA80,90837,CPT4,551,11,MCARE,251
,HIAA80,90837,CPT4,606,11,VPHMO,207
,HIAA80,90837,CPT4,652,11,MPPO,154
,HIAA80,90837,CPT4,981,11,HMOHRA,230
,HIAA80,90837,CPT4,537,11,MEPPO,251
,REF,90837,CPT4,AK01,11,HMOAVN,204.5
,HIAA80,90837,CPT4,407,11,MEPO,211
,HIAA80,90837,CPT4,805,11,MEPPO,274
,HIAA80,90837,CPT4,750,11,TC,236
,HIAA80,90837,CPT4,420,11,QPOS,164
,HIAA80,90837,CPT4,194,11,USACC,205
,HIAA80,90837,CPT4,708,11,MWC,154
,REF,90837,CPT4,AK01,11,,204.5
,REF,90837,CPT4,AK01,11,POS,204.5
,HIAA80,90837,CPT4,524,11,USACC,200
,HIAA80,90837,CPT4,774,11,MCARE,230
,HIAA80,90837,CPT4,493,11,HMOAVN,201
,HIAA80,90837,CPT4,890,11,USACC,215
,HIAA80,90837,CPT4,232,11,USACC,186
,HIAA80,90837,CPT4,700,11,NNHMO,156
,HIAA80,90837,CPT4,465,11,MBH,190
,HIAA80,90837,CPT4,775,11,ALL,205
,HIAA80,90837,CPT4,604,11,HMO,241
,HIAA80,90837,CPT4,855,11,NNHMO,275
,HIAA80,90837,CPT4,750,11,HMO,236
,HIAA80,90837,CPT4,522,11,QPOS,231
,REF,90837,CPT4,AK01,11,MEFFS,225.83
,REF,90837,CPT4,AK01,11,MEPOS,153.38
,HIAA80,90837,CPT4,560,11,DHMO,259
,HIAA80,90837,CPT4,765,11,HMOHRA,241
,HIAA80,90837,CPT4,563,11,MEPOS,258
,HIAA80,90837,CPT4,546,11,HMOAVN,413
,HIAA80,90837,CPT4,851,11,TC,226
,REF,90837,CPT4,AK01,11,HMOAVN,173.83
,HIAA80,90837,CPT4,411,11,MHMO,204
,HIAA80,90837,CPT4,605,11,DPPO,256
,HIAA80,90837,CPT4,028,11,MBH,195
,HIAA80,90837,CPT4,275,11,NNHMO,241
,HIAA80,90837,CPT4,222,11,USACC,273
,HIAA80,90837,CPT4,433,11,DHMO,180
,HIAA80,90837,CPT4,616,11,HMOAVN,221
,HIAA80,90837,CPT4,434,11,POS,185
,HIAA80,90837,CPT4,290,11,DHMO,164
,HIAA80,90837,CPT4,708,11,VPHMO,154
,HIAA80,90837,CPT4,152,11,MEPOS,180
,HIAA80,90837,CPT4,150,11,QPOS,185
,HIAA80,90837,CPT4,444,11,HMOHRA,200
,HIAA80,90837,CPT4,330,11,HMO,273
,REF,90837,CPT4,AK01,11,MCARE,191.95
,HIAA80,90837,CPT4,336,11,MHMO,282
,HIAA80,90837,CPT4,488,11,MC,226
,HIAA80,90837,CPT4,768,11,SLFIN,205
,HIAA80,90837,CPT4,600,11,MEFFS,206
,HIAA80,90837,CPT4,201,11,MC,273
,HIAA80,90837,CPT4,913,11,MPPO,276
,HIAA80,90837,CPT4,342,11,MWC,268
,HIAA80,90837,CPT4,313,11,DHMO,205
,HIAA80,90837,CPT4,038,11,DPPO,201
,HIAA80,90837,CPT4,774,11,ALL,230
,HIAA80,90837,CPT4,666,11,MC,206
,HIAA80,90837,CPT4,540,11,MEFFS,257
,REF,90837,CPT4,AK01,11,USACC,225.83
,HIAA80,90837,CPT4,044,11,MCAID,184
,HIAA80,90837,CPT4,480,11,TC,231
,HIAA80,90837,CPT4,247,11,MEFFS,231
,HIAA80,90837,CPT4,298,11,MEPOS,257
,HIAA80,90837,CPT4,111,11,VPHMO,256
,HIAA80,90837,CPT4,086,11,MBH,261
,HIAA80,90837,CPT4,088,11,ALL,206
,REF,90837,CPT4,AK01,11,MEHMO,191.95
,HIAA80,90837,CPT4,050,11,USACC,174
,HIAA80,90837,CPT4,469,11,NNHMO,205
,REF,90837,CPT4,AK01,11,TC,204.5
,HIAA80,90837,CPT4,878,11,,231
,REF,90837,CPT4,AK01,11,TRICR,191.95
,HIAA80,90837,CPT4,920,11,MCARE,297
,HIAA80,90837,CPT4,436,11,,185
,REF,90837,CPT4,AK01,11,SLFIN,169.37
,HIAA80,90837,CPT4,647,11,MEFFS,200
,HIAA80,90837,CPT4,750,11,MBH,236
,REF,90837,CPT4,AK01,11,ALL,225.83
,HIAA80,90837,CPT4,470,11,MCAID,176
,HIAA80,90837,CPT4,495,11,MPPO,205
,HIAA80,90837,CPT4,496,11,MC,215
,HIAA80,90837,CPT4,490,11,MCAID,206
,HIAA80,90837,CPT4,480,11,EAP,231
,HIAA80,90837,CPT4,775,11,MEPPO,205
,REF,90837,CPT4,AK01,11,QPOS,225.83
,REF,90837,CPT4,AK01,11,HMOAVN,173.83
,HIAA80,90837,CPT4,327,11,MEHMO,199
,HIAA80,90837,CPT4,337,11,MEFFS,273
,REF,90837,CPT4,AK01,11,SLFIN,225.83
,REF,90837,CPT4,AK01,11,MEPPO,169.37
,REF,90837,CPT4,AK01,11,MEPOS,204.5
,HIAA80,90837,CPT4,054,11,MEFFS,154
,HIAA80,90837,CPT4,327,11,MEPOS,199
,HIAA80,90837,CPT4,327,11,MHMO,199
,HIAA80,90837,CPT4,910,11,MWC,256
,HIAA80,90837,CPT4,488,11,HMOHRA,226
,HIAA80,90837,CPT4,498,11,POS,205
,HIAA80,90837,CPT4,545,11,MPPO,262
,HIAA80,90837,CPT4,050,11,MCAID,174
,HIAA80,90837,CPT4,756,11,MPPO,242
,REF,90837,CPT4,AK01,11,MPPO,225.83
,HIAA80,90837,CPT4,064,11,MC,201
,HIAA80,90837,CPT4,920,11,POS,297
,HIAA80,90837,CPT4,773,11,HMOAVN,241
,HIAA80,90837,CPT4,730,11,MBH,179
,HIAA80,90837,CPT4,013,11,HMOHRA,215
,HIAA80,90837,CPT4,910,11,HMO,256
,HIAA80,90837,CPT4,402,11,ALL,205
,HIAA80,90837,CPT4,553,11,ALL,253
,HIAA80,90837,CPT4,222,11,MEPPO,273
,HIAA80,90837,CPT4,841,11,MWC,185
,HIAA80,90837,CPT4,430,11,MEPO,231
,HIAA80,90837,CPT4,890,11,MEHMO,215
,HIAA80,90837,CPT4,372,11,DHMO,277
,HIAA80,90837,CPT4,800,11,USACC,260
,REF,90837,CPT4,AK01,11,MHMO,173.83
,REF,90837,CPT4,AK01,11,MEPO,169.37
,HIAA80,90837,CPT4,381,11,ALL,201
,REF,90837,CPT4,AK01,11,TRICR,225.83
,HIAA80,90837,CPT4,370,11,POS,193
,HIAA80,90837,CPT4,293,11,EAP,154
,HIAA80,90837,CPT4,805,11,HMO,274
,HIAA80,90837,CPT4,940,11,TRICR,298
,HIAA80,90837,CPT4,768,11,MCAID,205
,HIAA80,90837,CPT4,220,11,HMO,231
,REF,90837,CPT4,AK01,11,HMOAVN,225.83
,HIAA80,90837,CPT4,150,11,MEFFS,185
,HIAA80,90837,CPT4,232,11,MWC,186
,HIAA80,90837,CPT4,544,11,NNHMO,257
,HIAA80,90837,CPT4,067,11,DPPO,205
,REF,90837,CPT4,AK01,11,MBH,204.5
,HIAA80,90837,CPT4,551,11,MWC,251
,REF,90837,CPT4,AK01,11,MEHMO,204.5
,HIAA80,90837,CPT4,996,11,,266
,HIAA80,90837,CPT4,616,11,DPPO,221
,HIAA80,90837,CPT4,482,11,HMOAVN,231
,REF,90837,CPT4,AK01,11,EAP,225.83
,HIAA80,90837,CPT4,458,11,VPHMO,196
,HIAA80,90837,CPT4,598,11,TC,195
,HIAA80,90837,CPT4,294,11,TRICR,231
,HIAA80,90837,CPT4,300,11,HMOAVN,226
,REF,90837,CPT4,AK01,11,MEPO,204.5
,HIAA80,90837,CPT4,598,11,ALL,195
,HIAA80,90837,CPT4,242,11,MEHMO,210
,HIAA80,90837,CPT4,878,11,MCAID,231
,HIAA80,90837,CPT4,463,11,MWC,232
,REF,90837,CPT4,AK01,11,MPPO,169.37
,HIAA80,90837,CPT4,496,11,HMOHRA,215
,HIAA80,90837,CPT4,407,11,MPPO,211
,HIAA80,90837,CPT4,855,11,EAP,275
,HIAA80,90837,CPT4,495,11,VPHMO,205
,HIAA80,90837,CPT4,540,11,USACC,257
,HIAA80,90837,CPT4,460,11,MCARE,205
,HIAA80,90837,CPT4,543,11,MEHMO,437
,HIAA80,90837,CPT4,851,11,USACC,226
,HIAA80,90837,CPT4,065,11,MCARE,205
,HIAA80,90837,CPT4,070,11,HMO,301
,HIAA80,90837,CPT4,105,11,MEPPO,367
,HIAA80,90837,CPT4,050,11,MEPPO,174
,HIAA80,90837,CPT4,606,11,MPPO,207
,HIAA80,90837,CPT4,612,11,,231
,HIAA80,90837,CPT4,805,11,MEPOS,274
,REF,90837,CPT4,AK01,11,TC,204.5
,HIAA80,90837,CPT4,065,11,MEFFS,205
,HIAA80,90837,CPT4,871,11,ALL,230
,HIAA80,90837,CPT4,483,11,,232
,HIAA80,90837,CPT4,201,11,MBH,273
,HIAA80,90837,CPT4,233,11,HMO,251
,HIAA80,90837,CPT4,220,11,MEPPO,231
,HIAA80,90837,CPT4,545,11,DPPO,262
,HIAA80,90837,CPT4,208,11,MEPOS,273
,HIAA80,90837,CPT4,067,11,MEPO,205
,HIAA80,90837,CPT4,710,11,TRICR,179
,HIAA80,90837,CPT4,541,11,ALL,449
,HIAA80,90837,CPT4,420,11,MEPO,164
,HIAA80,90837,CPT4,469,11,POS,205
,HIAA80,90837,CPT4,370,11,,193
,HIAA80,90837,CPT4,762,11,POS,231
,HIAA80,90837,CPT4,570,11,HMOHRA,231
,HIAA80,90837,CPT4,554,11,HMOHRA,251
,HIAA80,90837,CPT4,662,11,HMO,205
,HIAA80,90837,CPT4,640,11,QPOS,176
,HIAA80,90837,CPT4,563,11,DHMO,258
,HIAA80,90837,CPT4,230,11,HMO,204
,HIAA80,90837,CPT4,230,11,EAP,204
,HIAA80,90837,CPT4,280,11,QPOS,251
,HIAA80,90837,CPT4,444,11,QPOS,200
,HIAA80,90837,CPT4,484,11,MEHMO,251
,HIAA80,90837,CPT4,381,11,DHMO,201
,REF,90837,CPT4,AK01,11,DPPO,204.5
,HIAA80,90837,CPT4,164,11,NNHMO,176
,HIAA80,90837,CPT4,433,11,MHMO,180
,HIAA80,90837,CPT4,430,11,MHMO,231
,HIAA80,90837,CPT4,837,11,POS,205
,REF,90837,CPT4,AK01,11,MPPO,173.83
,HIAA80,90837,CPT4,331,11,MCAID,358
,REF,90837,CPT4,AK01,11,MEPOS,225.83
,HIAA80,90837,CPT4,327,11,DHMO,199
,HIAA80,90837,CPT4,335,11,MBH,284
,HIAA80,90837,CPT4,440,11,TC,216
,REF,90837,CPT4,AK01,11,MCAID,204.5
,REF,90837,CPT4,AK01,11,DPPO,204.5
,HIAA80,90837,CPT4,050,11,MPPO,174
,HIAA80,90837,CPT4,551,11,MEPO,251
,HIAA80,90837,CPT4,224,11,MEHMO,195
,HIAA80,90837,CPT4,483,11,MEPOS,232
,HIAA80,90837,CPT4,598,11,MC,195
,HIAA80,90837,CPT4,605,11,DHMO,256
,HIAA80,90837,CPT4,851,11,VPHMO,226
,HIAA80,90837,CPT4,669,11,NNHMO,201
,REF,90837,CPT4,AK01,11,TRICR,173.83
,HIAA80,90837,CPT4,360,11,MWC,172
,HIAA80,90837,CPT4,239,11,MEPPO,256
,HIAA80,90837,CPT4,456,11,MC,212
,HIAA80,90837,CPT4,752,11,USACC,220
,HIAA80,90837,CPT4,543,11,QPOS,437
,HIAA80,90837,CPT4,456,11,DPPO,212
,REF,90837,CPT4,AK01,11,MWC,169.37
,HIAA80,90837,CPT4,328,11,,273
,REF,90837,CPT4,AK01,11,NNHMO,204.5
,HIAA80,90837,CPT4,932,11,MEFFS,251
,HIAA80,90837,CPT4,331,11,MCARE,358
,HIAA80,90837,CPT4,432,11,MEFFS,283
,HIAA80,90837,CPT4,328,11,MCAID,273
,HIAA80,90837,CPT4,616,11,MCAID,221
,HIAA80,90837,CPT4,331,11,NNHMO,358
,HIAA80,90837,CPT4,490,11,MCARE,206
,HIAA80,90837,CPT4,631,11,POS,185
,REF,90837,CPT4,AK01,11,MEPPO,225.83
,REF,90837,CPT4,AK01,11,DPPO,204.5
,HIAA80,90837,CPT4,710,11,HMO,179
,HIAA80,90837,CPT4,616,11,MEPPO,221
,HIAA80,90837,CPT4,085,11,MCARE,368
,HIAA80,90837,CPT4,463,11,ALL,232
,HIAA80,90837,CPT4,442,11,MCARE,186
,HIAA80,90837,CPT4,224,11,MEPO,195
,REF,90837,CPT4,AK01,11,MEFFS,204.5
,HIAA80,90837,CPT4,013,11,MWC,215
,HIAA80,90837,CPT4,247,11,,231
,HIAA80,90837,CPT4,640,11,TC,176
,HIAA80,90837,CPT4,893,11,HMOAVN,257
,HIAA80,90837,CPT4,290,11,VPHMO,164
,HIAA80,90837,CPT4,456,11,HMOHRA,212
,HIAA80,90837,CPT4,469,11,MCAID,205
,HIAA80,90837,CPT4,282,11,MEPOS,251
,HIAA80,90837,CPT4,147,11,VPHMO,164
,HIAA80,90837,CPT4,430,11,NNHMO,231
,HIAA80,90837,CPT4,164,11,POS,176
,HIAA80,90837,CPT4,230,11,NNHMO,204
,REF,90837,CPT4,AK01,11,EAP,191.95
,REF,90837,CPT4,AK01,11,MEPPO,173.83
,HIAA80,90837,CPT4,554,11,VPHMO,251
,HIAA80,90837,CPT4,760,11,MEPOS,225
,HIAA80,90837,CPT4,453,11,MEHMO,205
,HIAA80,90837,CPT4,150,11,MBH,185
,HIAA80,90837,CPT4,775,11,MCAID,205
,HIAA80,90837,CPT4,420,11,HMOAVN,164
,REF,90837,CPT4,AK01,11,QPOS,204.5
,HIAA80,90837,CPT4,437,11,NNHMO,205
,HIAA80,90837,CPT4,545,11,MHMO,262
,HIAA80,90837,CPT4,773,11,DPPO,241
,HIAA80,90837,CPT4,444,11,HMO,200
,HIAA80,90837,CPT4,954,11,TRICR,205
,HIAA80,90837,CPT4,350,11,SLFIN,164
,HIAA80,90837,CPT4,335,11,HMOHRA,284
,HIAA80,90837,CPT4,773,11,MEFFS,241
,HIAA80,90837,CPT4,640,11,SLFIN,176
,HIAA80,90837,CPT4,224,11,VPHMO,195
,HIAA80,90837,CPT4,436,11,USACC,185
,REF,90837,CPT4,AK01,11,NNHMO,204.5
,HIAA80,90837,CPT4,890,11,MPPO,215
,HIAA80,90837,CPT4,152,11,TC,180
,HIAA80,90837,CPT4,360,11,MHMO,172
,HIAA80,90837,CPT4,327,11,ALL,199
,HIAA80,90837,CPT4,336,11,USACC,282
,HIAA80,90837,CPT4,444,11,,200
,HIAA80,90837,CPT4,856,11,MEPOS,226
,REF,90837,CPT4,AK01,11,SLFIN,204.5
,HIAA80,90837,CPT4,308,11,MEFFS,225
,REF,90837,CPT4,AK01,11,SLFIN,204.5
,HIAA80,90837,CPT4,496,11,USACC,215
,HIAA80,90837,CPT4,543,11,MEPPO,437
,HIAA80,90837,CPT4,647,11,MWC,200
,HIAA80,90837,CPT4,483,11,MEPO,232
,HIAA80,90837,CPT4,280,11,MHMO,251
,HIAA80,90837,CPT4,328,11,MEHMO,273
,HIAA80,90837,CPT4,913,11,EAP,276
,HIAA80,90837,CPT4,708,11,MHMO,154
,HIAA80,90837,CPT4,543,11,,437
,REF,90837,CPT4,AK01,11,USACC,204.5
,HIAA80,90837,CPT4,370,11,MHMO,193
,HIAA80,90837,CPT4,469,11,MEPO,205
,HIAA80,90837,CPT4,545,11,VPHMO,262
,HIAA80,90837,CPT4,590,11,NNHMO,190
,HIAA80,90837,CPT4,130,11,POS,179
,HIAA80,90837,CPT4,590,11,MBH,190
,HIAA80,90837,CPT4,239,11,DHMO,256
,HIAA80,90837,CPT4,313,11,MEHMO,205
,HIAA80,90837,CPT4,221,11,HMO,205
,HIAA80,90837,CPT4,222,11,MPPO,273
,HIAA80,90837,CPT4,752,11,DHMO,220
,REF,90837,CPT4,AK01,11,HMO,204.5
,HIAA80,90837,CPT4,028,11,VPHMO,195
,HIAA80,90837,CPT4,467,11,MPPO,180
,HIAA80,90837,CPT4,841,11,VPHMO,185
,HIAA80,90837,CPT4,304,11,VPHMO,249
,HIAA80,90837,CPT4,604,11,DHMO,241
,HIAA80,90837,CPT4,437,11,USACC,205
,HIAA80,90837,CPT4,484,11,MCAID,251
,HIAA80,90837,CPT4,954,11,HMOAVN,205
,HIAA80,90837,CPT4,239,11,,256
,HIAA80,90837,CPT4,620,11,MEFFS,195
,HIAA80,90837,CPT4,530,11,,288
,HIAA80,90837,CPT4,436,11,MC,185
,HIAA80,90837,CPT4,142,11,HMOAVN,204
,HIAA80,90837,CPT4,402,11,HMOAVN,205
,HIAA80,90837,CPT4,770,11,NNHMO,352
,HIAA80,90837,CPT4,940,11,MCARE,298
,HIAA80,90837,CPT4,300,11,MC,226
,HIAA80,90837,CPT4,481,11,NNHMO,231
,HIAA80,90837,CPT4,328,11,MCARE,273
,HIAA80,90837,CPT4,486,11,ALL,215
,HIAA80,90837,CPT4,080,11,QPOS,226
,HIAA80,90837,CPT4,200,11,VPHMO,257
,HIAA80,90837,CPT4,294,11,,231
,HIAA80,90837,CPT4,441,11,MEPOS,257
,HIAA80,90837,CPT4,337,11,MCAID,273
,REF,90837,CPT4,AK01,11,MC,225.83
,REF,90837,CPT4,AK01,11,SLFIN,204.5
,HIAA80,90837,CPT4,928,11,TC,277
,HIAA80,90837,CPT4,150,11,MEPOS,185
,REF,90837,CPT4,AK01,11,MPPO,153.38
,HIAA80,90837,CPT4,605,11,,256
,HIAA80,90837,CPT4,701,11,DHMO,184
,HIAA80,90837,CPT4,708,11,MEPO,154
,REF,90837,CPT4,AK01,11,MCARE,204.5
,HIAA80,90837,CPT4,221,11,SLFIN,205
,HIAA80,90837,CPT4,662,11,MC,205
,REF,90837,CPT4,AK01,11,TRICR,204.5
,REF,90837,CPT4,AK01,11,HMO,204.5
,HIAA80,90837,CPT4,350,11,HMO,164
,HIAA80,90837,CPT4,981,11,HMO,230
,HIAA80,90837,CPT4,853,11,MC,241
,HIAA80,90837,CPT4,298,11,POS,257
,HIAA80,90837,CPT4,194,11,VPHMO,205
,REF,90837,CPT4,AK01,11,MCARE,169.37
,HIAA80,90837,CPT4,442,11,ALL,186
,HIAA80,90837,CPT4,308,11,TRICR,225
,HIAA80,90837,CPT4,913,11,MEPOS,276
,HIAA80,90837,CPT4,407,11,DHMO,211
,REF,90837,CPT4,AK01,11,MCAID,225.83
,HIAA80,90837,CPT4,006,11,MEPO,180
,HIAA80,90837,CPT4,765,11,NNHMO,241
,HIAA80,90837,CPT4,605,11,SLFIN,256
,HIAA80,90837,CPT4,488,11,MCARE,226
,REF,90837,CPT4,AK01,11,NNHMO,191.95
,REF,90837,CPT4,AK01,11,MEFFS,204.5
,REF,90837,CPT4,AK01,11,NNHMO,204.5
,HIAA80,90837,CPT4,939,11,MEHMO,231
,HIAA80,90837,CPT4,298,11,SLFIN,257
,HIAA80,90837,CPT4,498,11,MEHMO,205
,HIAA80,90837,CPT4,545,11,MBH,262
,HIAA80,90837,CPT4,341,11,SLFIN,302
,HIAA80,90837,CPT4,050,11,ALL,174
,HIAA80,90837,CPT4,240,11,NNHMO,189
,HIAA80,90837,CPT4,537,11,MC,251
,REF,90837,CPT4,AK01,11,HMOAVN,153.38
,HIAA80,90837,CPT4,044,11,HMO,184
,HIAA80,90837,CPT4,559,11,ALL,256
,HIAA80,90837,CPT4,530,11,QPOS,288
,HIAA80,90837,CPT4,260,11,DPPO,226
,HIAA80,90837,CPT4,233,11,,251
,HIAA80,90837,CPT4,150,11,,185
,HIAA80,90837,CPT4,403,11,ALL,205
,REF,90837,CPT4,AK01,11,HMOHRA,204.5
,REF,90837,CPT4,AK01,11,MHMO,204.5
,HIAA80,90837,CPT4,381,11,MEPOS,201
,HIAA80,90837,CPT4,910,11,POS,256
,HIAA80,90837,CPT4,470,11,MC,176
,HIAA80,90837,CPT4,524,11,POS,200
,HIAA80,90837,CPT4,130,11,MBH,179
,HIAA80,90837,CPT4,232,11,POS,186
,HIAA80,90837,CPT4,337,11,EAP,273
,HIAA80,90837,CPT4,201,11,MHMO,273
,HIAA80,90837,CPT4,945,11,DPPO,274
,HIAA80,90837,CPT4,282,11,MHMO,251
,REF,90837,CPT4,AK01,11,MEHMO,204.5
,HIAA80,90837,CPT4,350,11,EAP,164
,HIAA80,90837,CPT4,388,11,MEPOS,205
,HIAA80,90837,CPT4,050,11,MWC,174
,HIAA80,90837,CPT4,775,11,,205
,HIAA80,90837,CPT4,570,11,MCAID,231
,HIAA80,90837,CPT4,871,11,MHMO,230
,HIAA80,90837,CPT4,070,11,MBH,301
,HIAA80,90837,CPT4,616,11,POS,221
,HIAA80,90837,CPT4,571,11,NNHMO,251
,REF,90837,CPT4,AK01,11,HMOHRA,153.38
,HIAA80,90837,CPT4,598,11,USACC,195
,HIAA80,90837,CPT4,080,11,DHMO,226
,HIAA80,90837,CPT4,407,11,ALL,211
,HIAA80,90837,CPT4,996,11,MEPOS,266
,REF,90837,CPT4,AK01,11,DPPO,225.83
,HIAA80,90837,CPT4,605,11,TRICR,256
,HIAA80,90837,CPT4,470,11,TC,176
,HIAA80,90837,CPT4,327,11,TC,199
,HIAA80,90837,CPT4,387,11,MPPO,205
,HIAA80,90837,CPT4,571,11,QPOS,251
,HIAA80,90837,CPT4,800,11,QPOS,260
,REF,90837,CPT4,AK01,11,HMO,191.95
,HIAA80,90837,CPT4,932,11,ALL,251
,HIAA80,90837,CPT4,247,11,MEPPO,231
,HIAA80,90837,CPT4,458,11,MCAID,196
,HIAA80,90837,CPT4,666,11,MCARE,206
,HIAA80,90837,CPT4,201,11,DHMO,273
,HIAA80,90837,CPT4,535,11,MPPO,247
,HIAA80,90837,CPT4,580,11,MEHMO,334
,HIAA80,90837,CPT4,452,11,MEPO,180
,HIAA80,90837,CPT4,604,11,MCARE,241
,HIAA80,90837,CPT4,221,11,MEPOS,205
,HIAA80,90837,CPT4,463,11,DHMO,232
,HIAA80,90837,CPT4,605,11,HMOHRA,256
,HIAA80,90837,CPT4,448,11,TRICR,175
,HIAA80,90837,CPT4,387,11,DHMO,205
,REF,90837,CPT4,AK01,11,NNHMO,204.5
,HIAA80,90837,CPT4,932,11,MEHMO,251
,HIAA80,90837,CPT4,292,11,HMOHRA,189
,HIAA80,90837,CPT4,342,11,,268
,HIAA80,90837,CPT4,296,11,QPOS,185
,HIAA80,90837,CPT4,282,11,QPOS,251
,HIAA80,90837,CPT4,730,11,MEPPO,179
,HIAA80,90837,CPT4,631,11,MEPPO,185
,HIAA80,90837,CPT4,995,11,MEHMO,298
,HIAA80,90837,CPT4,150,11,MEHMO,185
,HIAA80,90837,CPT4,287,11,MC,222
,HIAA80,90837,CPT4,640,11,,176
,HIAA80,90837,CPT4,922,11,MC,256
,HIAA80,90837,CPT4,936,11,QPOS,205
,HIAA80,90837,CPT4,437,11,DHMO,205
,HIAA80,90837,CPT4,631,11,ALL,185
,HIAA80,90837,CPT4,606,11,HMOHRA,207
,HIAA80,90837,CPT4,434,11,MC,185
,HIAA80,90837,CPT4,050,11,VPHMO,174
,HIAA80,90837,CPT4,054,11,MWC,154
,HIAA80,90837,CPT4,220,11,TC,231
,HIAA80,90837,CPT4,298,11,MEHMO,257
,HIAA80,90837,CPT4,024,11,NNHMO,256
,HIAA80,90837,CPT4,640,11,MBH,176
,HIAA80,90837,CPT4,495,11,HMO,205
,HIAA80,90837,CPT4,430,11,MC,231
,HIAA80,90837,CPT4,563,11,TC,258
,HIAA80,90837,CPT4,640,11,MEPO,176
,HIAA80,90837,CPT4,805,11,MWC,274
,HIAA80,90837,CPT4,407,11,USACC,211
,HIAA80,90837,CPT4,028,11,HMOAVN,195
,HIAA80,90837,CPT4,342,11,HMOHRA,268
,HIAA80,90837,CPT4,920,11,MEPPO,297
,HIAA80,90837,CPT4,278,11,EAP,246
,HIAA80,90837,CPT4,430,11,MEHMO,231
,HIAA80,90837,CPT4,327,11,EAP,199
,HIAA80,90837,CPT4,611,11,ALL,257
,REF,90837,CPT4,AK01,11,TRICR,169.37
,REF,90837,CPT4,AK01,11,MEFFS,169.37
,HIAA80,90837,CPT4,543,11,SLFIN,437
,HIAA80,90837,CPT4,493,11,POS,201
,HIAA80,90837,CPT4,300,11,USACC,226
,HIAA80,90837,CPT4,631,11,HMOAVN,185
,HIAA80,90837,CPT4,622,11,MPPO,190
,HIAA80,90837,CPT4,591,11,HMOAVN,205
,HIAA80,90837,CPT4,200,11,MEPPO,257
,HIAA80,90837,CPT4,372,11,MCAID,277
,HIAA80,90837,CPT4,147,11,,164
,HIAA80,90837,CPT4,450,11,MWC,231
,HIAA80,90837,CPT4,730,11,MEHMO,179
,REF,90837,CPT4,AK01,11,SLFIN,173.83
,HIAA80,90837,CPT4,242,11,MEFFS,210
,HIAA80,90837,CPT4,222,11,HMOAVN,273
,HIAA80,90837,CPT4,294,11,MEPO,231
,HIAA80,90837,CPT4,038,11,MEPOS,201
,HIAA80,90837,CPT4,545,11,MCAID,262
,HIAA80,90837,CPT4,436,11,VPHMO,185
,HIAA80,90837,CPT4,021,11,TRICR,276
,HIAA80,90837,CPT4,233,11,DPPO,251
,HIAA80,90837,CPT4,855,11,MCARE,275
,HIAA80,90837,CPT4,756,11,HMOAVN,242
,HIAA80,90837,CPT4,085,11,POS,368
,HIAA80,90837,CPT4,495,11,MEPOS,205
,HIAA80,90837,CPT4,296,11,HMO,185
,HIAA80,90837,CPT4,524,11,NNHMO,200
,HIAA80,90837,CPT4,537,11,MEHMO,251
,HIAA80,90837,CPT4,571,11,POS,251
,HIAA80,90837,CPT4,372,11,MWC,277
,HIAA80,90837,CPT4,230,11,MEFFS,204
,HIAA80,90837,CPT4,062,11,MHMO,201
,REF,90837,CPT4,AK01,11,DPPO,173.83
,HIAA80,90837,CPT4,913,11,MBH,276
,HIAA80,90837,CPT4,590,11,SLFIN,190
,HIAA80,90837,CPT4,453,11,MEFFS,205
,HIAA80,90837,CPT4,553,11,POS,253
,HIAA80,90837,CPT4,224,11,MWC,195
,REF,90837,CPT4,AK01,11,MEHMO,225.83
,HIAA80,90837,CPT4,535,11,HMOHRA,247
,HIAA80,90837,CPT4,549,11,HMOAVN,413
,HIAA80,90837,CPT4,331,11,TC,358
,HIAA80,90837,CPT4,837,11,,205
,HIAA80,90837,CPT4,943,11,MWC,601
,REF,90837,CPT4,AK01,11,MBH,169.37
,HIAA80,90837,CPT4,928,11,MCAID,277
,HIAA80,90837,CPT4,403,11,MCARE,205
,HIAA80,90837,CPT4,100,11,ALL,364
,HIAA80,90837,CPT4,437,11,MC,205
,REF,90837,CPT4,AK01,11,POS,225.83
,HIAA80,90837,CPT4,546,11,MEPO,413
,REF,90837,CPT4,AK01,11,MEHMO,225.83
,HIAA80,90837,CPT4,855,11,MHMO,275
,HIAA80,90837,CPT4,524,11,MBH,200
,HIAA80,90837,CPT4,295,11,MHMO,179
,HIAA80,90837,CPT4,475,11,DHMO,293
,HIAA80,90837,CPT4,841,11,POS,185
,HIAA80,90837,CPT4,086,11,DHMO,261
,HIAA80,90837,CPT4,295,11,MCARE,179
,HIAA80,90837,CPT4,922,11,POS,256
,HIAA80,90837,CPT4,433,11,MCAID,180
,HIAA80,90837,CPT4,563,11,DPPO,258
,REF,90837,CPT4,AK01,11,MEPPO,204.5
,HIAA80,90837,CPT4,760,11,EAP,225
,HIAA80,90837,CPT4,460,11,MPPO,205
,REF,90837,CPT4,AK01,11,EAP,204.5
,HIAA80,90837,CPT4,853,11,USACC,241
,HIAA80,90837,CPT4,403,11,HMO,205
,HIAA80,90837,CPT4,893,11,MBH,257
,REF,90837,CPT4,AK01,11,HMOHRA,169.37
,HIAA80,90837,CPT4,433,11,,180
,HIAA80,90837,CPT4,363,11,MWC,174
,HIAA80,90837,CPT4,444,11,HMOAVN,200
,REF,90837,CPT4,AK01,11,DPPO,204.5
,HIAA80,90837,CPT4,130,11,MEPO,179
,HIAA80,90837,CPT4,342,11,TRICR,268
,HIAA80,90837,CPT4,467,11,TRICR,180
,HIAA80,90837,CPT4,618,11,,211
,HIAA80,90837,CPT4,530,11,MEFFS,288
,HIAA80,90837,CPT4,363,11,MEPPO,174
,HIAA80,90837,CPT4,756,11,,242
,HIAA80,90837,CPT4,295,11,MEHMO,179
,HIAA80,90837,CPT4,716,11,DPPO,245
,HIAA80,90837,CPT4,841,11,HMO,185
,HIAA80,90837,CPT4,208,11,MEHMO,273
,REF,90837,CPT4,AK01,11,MEPO,169.37
,HIAA80,90837,CPT4,602,11,MWC,206
,HIAA80,90837,CPT4,774,11,VPHMO,230
,HIAA80,90837,CPT4,434,11,HMO,185
,HIAA80,90837,CPT4,152,11,DHMO,180
,HIAA80,90837,CPT4,580,11,HMOAVN,334
,HIAA80,90837,CPT4,130,11,MEHMO,179
,HIAA80,90837,CPT4,580,11,HMOHRA,334
,HIAA80,90837,CPT4,331,11,MHMO,358
,HIAA80,90837,CPT4,544,11,USACC,257
,HIAA80,90837,CPT4,622,11,,190
,HIAA80,90837,CPT4,111,11,,256
,HIAA80,90837,CPT4,298,11,EAP,257
,HIAA80,90837,CPT4,820,11,HMOHRA,256
,HIAA80,90837,CPT4,304,11,EAP,249
,HIAA80,90837,CPT4,498,11,HMO,205
,HIAA80,90837,CPT4,420,11,VPHMO,164
,HIAA80,90837,CPT4,065,11,MC,205
,HIAA80,90837,CPT4,708,11,DPPO,154
,HIAA80,90837,CPT4,210,11,DHMO,205
,REF,90837,CPT4,AK01,11,MEHMO,204.5
,HIAA80,90837,CPT4,878,11,MHMO,231
,REF,90837,CPT4,AK01,11,MBH,204.5
,HIAA80,90837,CPT4,640,11,MEFFS,176
,HIAA80,90837,CPT4,760,11,TC,225
,HIAA80,90837,CPT4,450,11,POS,231
,HIAA80,90837,CPT4,067,11,MCAID,205
,HIAA80,90837,CPT4,833,11,MCAID,215
,HIAA80,90837,CPT4,748,11,HMO,205
,HIAA80,90837,CPT4,837,11,HMO,205
,HIAA80,90837,CPT4,070,11,MCAID,301
,HIAA80,90837,CPT4,522,11,NNHMO,231
,HIAA80,90837,CPT4,153,11,MWC,179
,HIAA80,90837,CPT4,600,11,DHMO,206
,HIAA80,90837,CPT4,164,11,QPOS,176
,HIAA80,90837,CPT4,605,11,MEFFS,256
,HIAA80,90837,CPT4,840,11,DPPO,185
,HIAA80,90837,CPT4,546,11,MEFFS,413
,HIAA80,90837,CPT4,327,11,VPHMO,199
,HIAA80,90837,CPT4,142,11,VPHMO,204
,HIAA80,90837,CPT4,601,11,HMO,216
,REF,90837,CPT4,AK01,11,MEFFS,204.5
,HIAA80,90837,CPT4,532,11,HMO,287
,HIAA80,90837,CPT4,080,11,MCAID,226
,HIAA80,90837,CPT4,921,11,USACC,257
,HIAA80,90837,CPT4,453,11,,205
,HIAA80,90837,CPT4,570,11,MEPO,231
,HIAA80,90837,CPT4,339,11,MWC,337
,HIAA80,90837,CPT4,327,11,MEPO,199
,HIAA80,90837,CPT4,945,11,VPHMO,274
,HIAA80,90837,CPT4,407,11,TRICR,211
,HIAA80,90837,CPT4,662,11,MBH,205
,REF,90837,CPT4,AK01,11,HMOHRA,204.5
,REF,90837,CPT4,AK01,11,DHMO,225.83
,HIAA80,90837,CPT4,407,11,MCAID,211
,HIAA80,90837,CPT4,440,11,MPPO,216
,HIAA80,90837,CPT4,631,11,DPPO,185
,REF,90837,CPT4,AK01,11,TC,204.5
,HIAA80,90837,CPT4,910,11,MC,256
,HIAA80,90837,CPT4,105,11,DPPO,367
,REF,90837,CPT4,AK01,11,MEPO,204.5
,HIAA80,90837,CPT4,064,11,MHMO,201
,HIAA80,90837,CPT4,352,11,ALL,179
,HIAA80,90837,CPT4,855,11,,275
,HIAA80,90837,CPT4,561,11,MHMO,302
,HIAA80,90837,CPT4,840,11,MPPO,185
,HIAA80,90837,CPT4,598,11,HMOAVN,195
,HIAA80,90837,CPT4,669,11,TRICR,201
,REF,90837,CPT4,AK01,11,MWC,169.37
,HIAA80,90837,CPT4,616,11,,221
,HIAA80,90837,CPT4,605,11,MPPO,256
,HIAA80,90837,CPT4,293,11,MBH,154
,HIAA80,90837,CPT4,070,11,QPOS,301
,HIAA80,90837,CPT4,260,11,HMOHRA,226
,HIAA80,90837,CPT4,775,11,HMOHRA,205
,HIAA80,90837,CPT4,561,11,MBH,302
,HIAA80,90837,CPT4,339,11,DPPO,337
,HIAA80,90837,CPT4,038,11,POS,201
,HIAA80,90837,CPT4,981,11,ALL,230
,HIAA80,90837,CPT4,465,11,MPPO,190
,HIAA80,90837,CPT4,652,11,MC,154
,HIAA80,90837,CPT4,616,11,MBH,221
,HIAA80,90837,CPT4,939,11,DPPO,231
,REF,90837,CPT4,AK01,11,MCAID,153.38
,HIAA80,90837,CPT4,147,11,MC,164
,HIAA80,90837,CPT4,215,11,MEFFS,200
,HIAA80,90837,CPT4,465,11,DPPO,190
,REF,90837,CPT4,AK01,11,NNHMO,225.83
,HIAA80,90837,CPT4,164,11,,176
,HIAA80,90837,CPT4,280,11,MEHMO,251
,REF,90837,CPT4,AK01,11,HMO,225.83
,HIAA80,90837,CPT4,242,11,POS,210
,HIAA80,90837,CPT4,327,11,USACC,199
,HIAA80,90837,CPT4,054,11,MHMO,154
,REF,90837,CPT4,AK01,11,MEPPO,173.83
,HIAA80,90837,CPT4,601,11,MEPOS,216
,REF,90837,CPT4,AK01,11,MEFFS,153.38
,HIAA80,90837,CPT4,488,11,MPPO,226
,HIAA80,90837,CPT4,194,11,EAP,205
,HIAA80,90837,CPT4,890,11,HMO,215
,HIAA80,90837,CPT4,363,11,TC,174
,HIAA80,90837,CPT4,921,11,MC,257
,HIAA80,90837,CPT4,454,11,MWC,179
,HIAA80,90837,CPT4,611,11,MEFFS,257
,HIAA80,90837,CPT4,974,11,QPOS,271
,HIAA80,90837,CPT4,932,11,MC,251
,HIAA80,90837,CPT4,335,11,HMOAVN,284
,HIAA80,90837,CPT4,910,11,TRICR,256
,HIAA80,90837,CPT4,913,11,MEPO,276
,HIAA80,90837,CPT4,700,11,POS,156
,HIAA80,90837,CPT4,561,11,TRICR,302
,HIAA80,90837,CPT4,703,11,MEHMO,154
,HIAA80,90837,CPT4,544,11,QPOS,257
,HIAA80,90837,CPT4,954,11,HMO,205
,HIAA80,90837,CPT4,152,11,MBH,180
,HIAA80,90837,CPT4,394,11,QPOS,205
,HIAA80,90837,CPT4,442,11,MEPPO,186
,HIAA80,90837,CPT4,932,11,NNHMO,251
,HIAA80,90837,CPT4,436,11,SLFIN,185
,HIAA80,90837,CPT4,232,11,HMOAVN,186
,REF,90837,CPT4,AK01,11,HMOHRA,153.38
,HIAA80,90837,CPT4,967,11,MEPOS,251
,HIAA80,90837,CPT4,224,11,MEFFS,195
,HIAA80,90837,CPT4,669,11,MEFFS,201
,HIAA80,90837,CPT4,652,11,NNHMO,154
,REF,90837,CPT4,AK01,11,DHMO,153.38
,HIAA80,90837,CPT4,352,11,VPHMO,179
,REF,90837,CPT4,AK01,11,SLFIN,153.38
,HIAA80,90837,CPT4,420,11,NNHMO,164
,REF,90837,CPT4,AK01,11,POS,173.83
,HIAA80,90837,CPT4,153,11,MCARE,179
,HIAA80,90837,CPT4,278,11,HMOHRA,246
,HIAA80,90837,CPT4,553,11,DHMO,253
,HIAA80,90837,CPT4,407,11,MEHMO,211
,HIAA80,90837,CPT4,480,11,VPHMO,231
,HIAA80,90837,CPT4,433,11,EAP,180
,HIAA80,90837,CPT4,038,11,QPOS,201
,HIAA80,90837,CPT4,226,11,MEPO,233
,REF,90837,CPT4,AK01,11,SLFIN,204.5
,HIAA80,90837,CPT4,430,11,MEPOS,231
,HIAA80,90837,CPT4,456,11,MPPO,212
,HIAA80,90837,CPT4,730,11,MEPO,179
,HIAA80,90837,CPT4,598,11,MEFFS,195
,HIAA80,90837,CPT4,840,11,MCARE,185
,HIAA80,90837,CPT4,932,11,EAP,251
,HIAA80,90837,CPT4,111,11,MWC,256
,HIAA80,90837,CPT4,486,11,MC,215
,HIAA80,90837,CPT4,190,11,MEFFS,205
,HIAA80,90837,CPT4,201,11,MCAID,273
,HIAA80,90837,CPT4,601,11,ALL,216
,HIAA80,90837,CPT4,242,11,,210
,HIAA80,90837,CPT4,294,11,MCAID,231
,HIAA80,90837,CPT4,452,11,HMOAVN,180
,HIAA80,90837,CPT4,800,11,MEPO,260
,HIAA80,90837,CPT4,774,11,NNHMO,230
,HIAA80,90837,CPT4,013,11,NNHMO,215
,HIAA80,90837,CPT4,840,11,TC,185
,HIAA80,90837,CPT4,446,11,SLFIN,181
,HIAA80,90837,CPT4,454,11,NNHMO,179
,HIAA80,90837,CPT4,105,11,VPHMO,367
,HIAA80,90837,CPT4,570,11,NNHMO,231
,HIAA80,90837,CPT4,280,11,,251
,HIAA80,90837,CPT4,088,11,MEPOS,206
,HIAA80,90837,CPT4,226,11,ALL,233
,REF,90837,CPT4,AK01,11,NNHMO,169.37
,REF,90837,CPT4,AK01,11,DPPO,169.37
,HIAA80,90837,CPT4,111,11,TRICR,256
,HIAA80,90837,CPT4,140,11,SLFIN,201
,HIAA80,90837,CPT4,024,11,DHMO,256
,HIAA80,90837,CPT4,436,11,QPOS,185
,HIAA80,90837,CPT4,280,11,NNHMO,251
,HIAA80,90837,CPT4,224,11,SLFIN,195
,HIAA80,90837,CPT4,996,11,SLFIN,266
,HIAA80,90837,CPT4,920,11,,297
,HIAA80,90837,CPT4,342,11,MEPPO,268
,HIAA80,90837,CPT4,024,11,MEPO,256
,HIAA80,90837,CPT4,928,11,DHMO,277
,HIAA80,90837,CPT4,240,11,HMOAVN,189
,HIAA80,90837,CPT4,631,11,MEFFS,185
,HIAA80,90837,CPT4,328,11,DPPO,273
,HIAA80,90837,CPT4,560,11,USACC,259
,REF,90837,CPT4,AK01,11,MEPPO,225.83
,HIAA80,90837,CPT4,922,11,DHMO,256
,HIAA80,90837,CPT4,304,11,USACC,249
,HIAA80,90837,CPT4,598,11,DHMO,195
,HIAA80,90837,CPT4,021,11,MEPOS,276
,HIAA80,90837,CPT4,316,11,DPPO,241
,HIAA80,90837,CPT4,411,11,DHMO,204
,HIAA80,90837,CPT4,006,11,HMO,180
,HIAA80,90837,CPT4,730,11,QPOS,179
,HIAA80,90837,CPT4,280,11,ALL,251
,HIAA80,90837,CPT4,532,11,VPHMO,287
,HIAA80,90837,CPT4,164,11,TRICR,176
,REF,90837,CPT4,AK01,11,QPOS,169.37
,HIAA80,90837,CPT4,995,11,DHMO,298
,HIAA80,90837,CPT4,532,11,DHMO,287
,REF,90837,CPT4,AK01,11,MEPO,225.83
,HIAA80,90837,CPT4,469,11,SLFIN,205
,HIAA80,90837,CPT4,247,11,NNHMO,231
,HIAA80,90837,CPT4,524,11,HMO,200
,HIAA80,90837,CPT4,620,11,TC,195
,HIAA80,90837,CPT4,458,11,DHMO,196
,HIAA80,90837,CPT4,940,11,,298
,HIAA80,90837,CPT4,495,11,MBH,205
,HIAA80,90837,CPT4,544,11,TRICR,257
,HIAA80,90837,CPT4,546,11,DHMO,413
,HIAA80,90837,CPT4,546,11,MC,413
,REF,90837,CPT4,AK01,11,HMOHRA,191.95
,HIAA80,90837,CPT4,890,11,MBH,215
,HIAA80,90837,CPT4,360,11,SLFIN,172
,HIAA80,90837,CPT4,605,11,MHMO,256
,HIAA80,90837,CPT4,561,11,MC,302
,HIAA80,90837,CPT4,782,11,ALL,241
,HIAA80,90837,CPT4,486,11,MEPPO,215
,HIAA80,90837,CPT4,833,11,ALL,215
,HIAA80,90837,CPT4,115,11,VPHMO,352
,HIAA80,90837,CPT4,220,11,ALL,231
,HIAA80,90837,CPT4,140,11,MWC,201
,HIAA80,90837,CPT4,544,11,MBH,257
,HIAA80,90837,CPT4,481,11,MBH,231
,HIAA80,90837,CPT4,337,11,TC,273
,HIAA80,90837,CPT4,239,11,SLFIN,256
,REF,90837,CPT4,AK01,11,EAP,153.38
,HIAA80,90837,CPT4,591,11,USACC,205
,HIAA80,90837,CPT4,452,11,,180
,HIAA80,90837,CPT4,450,11,MCAID,231
,HIAA80,90837,CPT4,208,11,DPPO,273
,REF,90837,CPT4,AK01,11,HMOAVN,204.5
,HIAA80,90837,CPT4,062,11,DHMO,201
,HIAA80,90837,CPT4,224,11,,195
,HIAA80,90837,CPT4,454,11,MEPO,179
,REF,90837,CPT4,AK01,11,DPPO,169.37
,REF,90837,CPT4,AK01,11,MCARE,153.38
,HIAA80,90837,CPT4,460,11,DPPO,205
,HIAA80,90837,CPT4,044,11,MCARE,184
,HIAA80,90837,CPT4,456,11,MWC,212
,HIAA80,90837,CPT4,293,11,DPPO,154
,REF,90837,CPT4,AK01,11,MBH,225.83
,HIAA80,90837,CPT4,703,11,MEPPO,154
,HIAA80,90837,CPT4,660,11,MEPOS,185
,HIAA80,90837,CPT4,077,11,MWC,205
,HIAA80,90837,CPT4,544,11,MHMO,257
,HIAA80,90837,CPT4,498,11,MEPPO,205
,HIAA80,90837,CPT4,460,11,MWC,205
,HIAA80,90837,CPT4,774,11,MHMO,230
,HIAA80,90837,CPT4,782,11,USACC,241
,HIAA80,90837,CPT4,300,11,MEPPO,226
,HIAA80,90837,CPT4,304,11,TC,249
,HIAA80,90837,CPT4,411,11,MPPO,204
,HIAA80,90837,CPT4,620,11,ALL,195
,HIAA80,90837,CPT4,086,11,MC,261
,HIAA80,90837,CPT4,017,11,TRICR,226
,HIAA80,90837,CPT4,460,11,,205
,HIAA80,90837,CPT4,336,11,MEPPO,282
,HIAA80,90837,CPT4,210,11,MWC,205
,HIAA80,90837,CPT4,522,11,DHMO,231
,HIAA80,90837,CPT4,006,11,MEPOS,180
,REF,90837,CPT4,AK01,11,MEPPO,153.38
,HIAA80,90837,CPT4,220,11,SLFIN,231
,HIAA80,90837,CPT4,482,11,MCAID,231
,HIAA80,90837,CPT4,054,11,MCARE,154
,HIAA80,90837,CPT4,352,11,HMO,179
,HIAA80,90837,CPT4,486,11,MWC,215
,HIAA80,90837,CPT4,496,11,MEFFS,215
,HIAA80,90837,CPT4,130,11,TRICR,179
,HIAA80,90837,CPT4,531,11,NNHMO,288
,HIAA80,90837,CPT4,551,11,TRICR,251
,REF,90837,CPT4,AK01,11,MEHMO,173.83
,HIAA80,90837,CPT4,662,11,MPPO,205
,HIAA80,90837,CPT4,142,11,USACC,204
,HIAA80,90837,CPT4,604,11,QPOS,241
,HIAA80,90837,CPT4,910,11,HMOAVN,256
,HIAA80,90837,CPT4,495,11,HMOAVN,205
,HIAA80,90837,CPT4,549,11,DHMO,413
,HIAA80,90837,CPT4,600,11,SLFIN,206
,REF,90837,CPT4,AK01,11,MCAID,204.5
,HIAA80,90837,CPT4,495,11,SLFIN,205
,HIAA80,90837,CPT4,453,11,MPPO,205
,HIAA80,90837,CPT4,484,11,DHMO,251
,HIAA80,90837,CPT4,773,11,,241
,HIAA80,90837,CPT4,024,11,USACC,256
,HIAA80,90837,CPT4,300,11,TRICR,226
,HIAA80,90837,CPT4,388,11,ALL,205
,HIAA80,90837,CPT4,370,11,MEFFS,193
,HIAA80,90837,CPT4,486,11,MCAID,215
,HIAA80,90837,CPT4,221,11,MCAID,205
,HIAA80,90837,CPT4,850,11,USACC,251
,HIAA80,90837,CPT4,544,11,MC,257
,HIAA80,90837,CPT4,486,11,HMO,215
,REF,90837,CPT4,AK01,11,QPOS,225.83
,HIAA80,90837,CPT4,448,11,MPPO,175
,HIAA80,90837,CPT4,967,11,ALL,251
,REF,90837,CPT4,AK01,11,QPOS,204.5
,REF,90837,CPT4,AK01,11,MEPPO,225.83
,REF,90837,CPT4,AK01,11,MC,225.83
,HIAA80,90837,CPT4,544,11,MEPOS,257
,HIAA80,90837,CPT4,296,11,USACC,185
,HIAA80,90837,CPT4,336,11,POS,282
,HIAA80,90837,CPT4,260,11,TRICR,226
,HIAA80,90837,CPT4,085,11,QPOS,368
,REF,90837,CPT4,AK01,11,MPPO,204.5
,HIAA80,90837,CPT4,446,11,VPHMO,181
,HIAA80,90837,CPT4,647,11,TC,200
,HIAA80,90837,CPT4,550,11,EAP,257
,HIAA80,90837,CPT4,434,11,QPOS,185
,HIAA80,90837,CPT4,222,11,ALL,273
,HIAA80,90837,CPT4,701,11,SLFIN,184
,HIAA80,90837,CPT4,465,11,MWC,190
,REF,90837,CPT4,AK01,11,HMOHRA,169.37
,HIAA80,90837,CPT4,452,11,MEPOS,180
,HIAA80,90837,CPT4,837,11,SLFIN,205
,REF,90837,CPT4,AK01,11,MEPO,169.37
,HIAA80,90837,CPT4,522,11,,231
,HIAA80,90837,CPT4,372,11,NNHMO,277
,HIAA80,90837,CPT4,335,11,MHMO,284
,HIAA80,90837,CPT4,433,11,VPHMO,180
,HIAA80,90837,CPT4,328,11,ALL,273
,HIAA80,90837,CPT4,921,11,QPOS,257
,HIAA80,90837,CPT4,543,11,MEFFS,437
,HIAA80,90837,CPT4,484,11,POS,251
,HIAA80,90837,CPT4,606,11,DPPO,207
,HIAA80,90837,CPT4,662,11,MEPOS,205
,HIAA80,90837,CPT4,731,11,MCARE,194
,HIAA80,90837,CPT4,064,11,DHMO,201
,HIAA80,90837,CPT4,559,11,POS,256
,HIAA80,90837,CPT4,388,11,MEPPO,205
,HIAA80,90837,CPT4,411,11,HMO,204
,REF,90837,CPT4,AK01,11,,225.83
,HIAA80,90837,CPT4,530,11,NNHMO,288
,HIAA80,90837,CPT4,700,11,MPPO,156
,HIAA80,90837,CPT4,652,11,MCARE,154
,HIAA80,90837,CPT4,995,11,MBH,298
,REF,90837,CPT4,AK01,11,MEPPO,225.83
,HIAA80,90837,CPT4,142,11,NNHMO,204
,HIAA80,90837,CPT4,669,11,MPPO,201
,HIAA80,90837,CPT4,995,11,VPHMO,298
,HIAA80,90837,CPT4,287,11,MPPO,222
,HIAA80,90837,CPT4,344,11,TC,265
,HIAA80,90837,CPT4,752,11,MEPOS,220
,HIAA80,90837,CPT4,600,11,ALL,206
,HIAA80,90837,CPT4,142,11,MBH,204
,HIAA80,90837,CPT4,660,11,MCAID,185
,HIAA80,90837,CPT4,054,11,TRICR,154
,REF,90837,CPT4,AK01,11,,204.5
,HIAA80,90837,CPT4,805,11,MCAID,274
,HIAA80,90837,CPT4,922,11,MWC,256
,HIAA80,90837,CPT4,996,11,MEPO,266
,HIAA80,90837,CPT4,350,11,MCARE,164
,HIAA80,90837,CPT4,470,11,MCARE,176
,HIAA80,90837,CPT4,981,11,MCARE,230
,HIAA80,90837,CPT4,287,11,MEPOS,222
,HIAA80,90837,CPT4,275,11,MEPPO,241
,HIAA80,90837,CPT4,212,11,MBH,184
,REF,90837,CPT4,AK01,11,EAP,204.5
,HIAA80,90837,CPT4,463,11,VPHMO,232
,REF,90837,CPT4,AK01,11,,204.5
,HIAA80,90837,CPT4,537,11,MCAID,251
,HIAA80,90837,CPT4,571,11,MPPO,251
,HIAA80,90837,CPT4,893,11,MEPOS,257
,HIAA80,90837,CPT4,940,11,MEPOS,298
,HIAA80,90837,CPT4,618,11,DHMO,211
,HIAA80,90837,CPT4,088,11,SLFIN,206
,HIAA80,90837,CPT4,038,11,ALL,201
,HIAA80,90837,CPT4,215,11,MCAID,200
,HIAA80,90837,CPT4,703,11,EAP,154
,REF,90837,CPT4,AK01,11,MEPOS,173.83
,HIAA80,90837,CPT4,748,11,HMOHRA,205
,HIAA80,90837,CPT4,467,11,MBH,180
,HIAA80,90837,CPT4,549,11,HMO,413
,REF,90837,CPT4,AK01,11,MEHMO,204.5
,HIAA80,90837,CPT4,530,11,MCAID,288
,REF,90837,CPT4,AK01,11,MHMO,204.5
,REF,90837,CPT4,AK01,11,TRICR,169.37
,HIAA80,90837,CPT4,115,11,MEPOS,352
,HIAA80,90837,CPT4,290,11,DPPO,164
,HIAA80,90837,CPT4,756,11,MEPOS,242
,HIAA80,90837,CPT4,756,11,MEFFS,242
,HIAA80,90837,CPT4,460,11,MC,205
,REF,90837,CPT4,AK01,11,HMO,173.83
,HIAA80,90837,CPT4,208,11,DHMO,273
,HIAA80,90837,CPT4,080,11,MEPPO,226
,HIAA80,90837,CPT4,496,11,MHMO,215
,HIAA80,90837,CPT4,469,11,MEHMO,205
,HIAA80,90837,CPT4,760,11,USACC,225
,HIAA80,90837,CPT4,433,11,MEHMO,180
,HIAA80,90837,CPT4,622,11,NNHMO,190
,HIAA80,90837,CPT4,932,11,MPPO,251
,HIAA80,90837,CPT4,750,11,EAP,236
,HIAA80,90837,CPT4,230,11,MEPPO,204
,REF,90837,CPT4,AK01,11,SLFIN,225.83
,HIAA80,90837,CPT4,448,11,MBH,175
,HIAA80,90837,CPT4,308,11,NNHMO,225
,HIAA80,90837,CPT4,543,11,TC,437
,HIAA80,90837,CPT4,316,11,MHMO,241
,HIAA80,90837,CPT4,782,11,MEPPO,241
,HIAA80,90837,CPT4,910,11,MPPO,256
,HIAA80,90837,CPT4,600,11,MCARE,206
,HIAA80,90837,CPT4,591,11,NNHMO,205
,REF,90837,CPT4,AK01,11,MBH,153.38
,HIAA80,90837,CPT4,290,11,EAP,164
,HIAA80,90837,CPT4,611,11,HMOHRA,257
,REF,90837,CPT4,AK01,11,MC,204.5
,HIAA80,90837,CPT4,467,11,TC,180
,HIAA80,90837,CPT4,731,11,HMOAVN,194
,HIAA80,90837,CPT4,115,11,HMOHRA,352
,HIAA80,90837,CPT4,748,11,TRICR,205
,HIAA80,90837,CPT4,616,11,VPHMO,221
,HIAA80,90837,CPT4,452,11,MWC,180
,HIAA80,90837,CPT4,770,11,EAP,352
,HIAA80,90837,CPT4,616,11,MEPOS,221
,REF,90837,CPT4,AK01,11,MC,173.83
,REF,90837,CPT4,AK01,11,POS,204.5
,HIAA80,90837,CPT4,660,11,,185
,REF,90837,CPT4,AK01,11,HMOHRA,225.83
,HIAA80,90837,CPT4,600,11,MCAID,206
,HIAA80,90837,CPT4,481,11,MEPPO,231
,HIAA80,90837,CPT4,440,11,VPHMO,216
,HIAA80,90837,CPT4,372,11,MEPOS,277
,HIAA80,90837,CPT4,239,11,MHMO,256
,HIAA80,90837,CPT4,612,11,SLFIN,231
,HIAA80,90837,CPT4,350,11,TC,164
,HIAA80,90837,CPT4,532,11,MEPOS,287
,HIAA80,90837,CPT4,200,11,QPOS,257
,HIAA80,90837,CPT4,432,11,TC,283
,HIAA80,90837,CPT4,921,11,MHMO,257
,HIAA80,90837,CPT4,446,11,MEPO,181
,HIAA80,90837,CPT4,313,11,EAP,205
,HIAA80,90837,CPT4,352,11,MHMO,179
,HIAA80,90837,CPT4,453,11,DPPO,205
,HIAA80,90837,CPT4,545,11,SLFIN,262
,HIAA80,90837,CPT4,339,11,MEPPO,337
,HIAA80,90837,CPT4,620,11,MC,195
,HIAA80,90837,CPT4,800,11,MEHMO,260
,HIAA80,90837,CPT4,350,11,MBH,164
,HIAA80,90837,CPT4,342,11,MHMO,268
,HIAA80,90837,CPT4,190,11,MHMO,205
,HIAA80,90837,CPT4,893,11,MHMO,257
,HIAA80,90837,CPT4,554,11,,251
,HIAA80,90837,CPT4,620,11,SLFIN,195
,HIAA80,90837,CPT4,553,11,MWC,253
,REF,90837,CPT4,AK01,11,HMO,204.5
,HIAA80,90837,CPT4,775,11,POS,205
,HIAA80,90837,CPT4,221,11,MC,205
,REF,90837,CPT4,AK01,11,MCARE,191.95
,HIAA80,90837,CPT4,773,11,DHMO,241
,REF,90837,CPT4,AK01,11,MCAID,153.38
,HIAA80,90837,CPT4,974,11,MWC,271
,HIAA80,90837,CPT4,021,11,MPPO,276
,HIAA80,90837,CPT4,242,11,MEPO,210
,REF,90837,CPT4,AK01,11,MHMO,225.83
,REF,90837,CPT4,AK01,11,,225.83
,HIAA80,90837,CPT4,067,11,MPPO,205
,HIAA80,90837,CPT4,437,11,QPOS,205
,HIAA80,90837,CPT4,044,11,DHMO,184
,HIAA80,90837,CPT4,701,11,QPOS,184
,HIAA80,90837,CPT4,194,11,DHMO,205
,REF,90837,CPT4,AK01,11,MEPOS,204.5
,HIAA80,90837,CPT4,006,11,DHMO,180
,HIAA80,90837,CPT4,703,11,MHMO,154
,HIAA80,90837,CPT4,631,11,HMO,185
,HIAA80,90837,CPT4,591,11,TC,205
,HIAA80,90837,CPT4,330,11,MEPOS,273
,HIAA80,90837,CPT4,535,11,QPOS,247
,HIAA80,90837,CPT4,130,11,MCARE,179
,REF,90837,CPT4,AK01,11,MEHMO,191.95
,REF,90837,CPT4,AK01,11,HMOAVN,153.38
,REF,90837,CPT4,AK01,11,MC,204.5
,HIAA80,90837,CPT4,100,11,USACC,364
,HIAA80,90837,CPT4,330,11,EAP,273
,HIAA80,90837,CPT4,194,11,HMOHRA,205
,HIAA80,90837,CPT4,453,11,MCAID,205
,HIAA80,90837,CPT4,893,11,MC,257
,HIAA80,90837,CPT4,543,11,MCARE,437
,HIAA80,90837,CPT4,716,11,MEPOS,245
,HIAA80,90837,CPT4,493,11,MHMO,201
,HIAA80,90837,CPT4,498,11,EAP,205
,HIAA80,90837,CPT4,551,11,MEHMO,251
,HIAA80,90837,CPT4,940,11,DPPO,298
,REF,90837,CPT4,AK01,11,ALL,204.5
,HIAA80,90837,CPT4,561,11,MPPO,302
,HIAA80,90837,CPT4,493,11,MWC,201
,HIAA80,90837,CPT4,488,11,TC,226
,HIAA80,90837,CPT4,554,11,TC,251
,HIAA80,90837,CPT4,954,11,VPHMO,205
,HIAA80,90837,CPT4,370,11,QPOS,193
,HIAA80,90837,CPT4,341,11,USACC,302
,HIAA80,90837,CPT4,563,11,USACC,258
,HIAA80,90837,CPT4,553,11,MCARE,253
,HIAA80,90837,CPT4,774,11,HMOAVN,230
,REF,90837,CPT4,AK01,11,MBH,204.5
,REF,90837,CPT4,AK01,11,MPPO,204.5
,HIAA80,90837,CPT4,440,11,MWC,216
,HIAA80,90837,CPT4,856,11,MPPO,226
,HIAA80,90837,CPT4,142,11,MC,204
,REF,90837,CPT4,AK01,11,MC,153.38
,REF,90837,CPT4,AK01,11,MEPOS,225.83
,HIAA80,90837,CPT4,336,11,HMO,282
,HIAA80,90837,CPT4,800,11,MWC,260
,HIAA80,90837,CPT4,239,11,MCAID,256
,HIAA80,90837,CPT4,541,11,TRICR,449
,REF,90837,CPT4,AK01,11,TRICR,204.5
,HIAA80,90837,CPT4,440,11,HMOAVN,216
,HIAA80,90837,CPT4,840,11,QPOS,185
,HIAA80,90837,CPT4,995,11,MCAID,298
,HIAA80,90837,CPT4,939,11,MBH,231
,HIAA80,90837,CPT4,304,11,MC,249
,HIAA80,90837,CPT4,292,11,MCAID,189
,HIAA80,90837,CPT4,240,11,MEFFS,189
,HIAA80,90837,CPT4,215,11,POS,200
,HIAA80,90837,CPT4,800,11,MCARE,260
,HIAA80,90837,CPT4,995,11,SLFIN,298
,HIAA80,90837,CPT4,801,11,EAP,274
,HIAA80,90837,CPT4,853,11,VPHMO,241
,HIAA80,90837,CPT4,762,11,MBH,231
,HIAA80,90837,CPT4,996,11,MEHMO,266
,HIAA80,90837,CPT4,620,11,DHMO,195
,HIAA80,90837,CPT4,308,11,MCAID,225
,HIAA80,90837,CPT4,437,11,HMO,205
,HIAA80,90837,CPT4,731,11,MCAID,194
,HIAA80,90837,CPT4,463,11,MHMO,232
,HIAA80,90837,CPT4,038,11,MC,201
,HIAA80,90837,CPT4,481,11,MCARE,231
,HIAA80,90837,CPT4,453,11,MBH,205
,HIAA80,90837,CPT4,541,11,TC,449
,HIAA80,90837,CPT4,164,11,HMOHRA,176
,HIAA80,90837,CPT4,337,11,USACC,273
,HIAA80,90837,CPT4,910,11,DPPO,256
,HIAA80,90837,CPT4,062,11,MPPO,201
,HIAA80,90837,CPT4,945,11,NNHMO,274
,HIAA80,90837,CPT4,493,11,EAP,201
,HIAA80,90837,CPT4,456,11,MEHMO,212
,HIAA80,90837,CPT4,640,11,HMOAVN,176
,HIAA80,90837,CPT4,462,11,VPHMO,222
,HIAA80,90837,CPT4,856,11,SLFIN,226
,HIAA80,90837,CPT4,554,11,QPOS,251
,HIAA80,90837,CPT4,604,11,MEPPO,241
,HIAA80,90837,CPT4,893,11,MEHMO,257
,HIAA80,90837,CPT4,524,11,MHMO,200
,HIAA80,90837,CPT4,570,11,QPOS,231
,HIAA80,90837,CPT4,590,11,MWC,190
,HIAA80,90837,CPT4,606,11,MCAID,207
,HIAA80,90837,CPT4,065,11,DHMO,205
,HIAA80,90837,CPT4,240,11,,189
,HIAA80,90837,CPT4,920,11,EAP,297
,REF,90837,CPT4,AK01,11,NNHMO,225.83
,HIAA80,90837,CPT4,782,11,MC,241
,HIAA80,90837,CPT4,605,11,EAP,256
,HIAA80,90837,CPT4,470,11,EAP,176
,HIAA80,90837,CPT4,350,11,,164
,HIAA80,90837,CPT4,731,11,MEPOS,194
,HIAA80,90837,CPT4,967,11,MEPPO,251
,HIAA80,90837,CPT4,545,11,USACC,262
,HIAA80,90837,CPT4,331,11,EAP,358
,HIAA80,90837,CPT4,434,11,SLFIN,185
,HIAA80,90837,CPT4,460,11,USACC,205
,HIAA80,90837,CPT4,212,11,MEPOS,184
,HIAA80,90837,CPT4,954,11,MHMO,205
,REF,90837,CPT4,AK01,11,ALL,225.83
,HIAA80,90837,CPT4,242,11,HMOAVN,210
,HIAA80,90837,CPT4,446,11,MEPPO,181
,HIAA80,90837,CPT4,495,11,MHMO,205
,HIAA80,90837,CPT4,006,11,TC,180
,HIAA80,90837,CPT4,115,11,ALL,352
,HIAA80,90837,CPT4,604,11,USACC,241
,HIAA80,90837,CPT4,111,11,POS,256
,HIAA80,90837,CPT4,563,11,MEPPO,258
,HIAA80,90837,CPT4,282,11,MEPPO,251
,HIAA80,90837,CPT4,601,11,MCARE,216
,HIAA80,90837,CPT4,221,11,MBH,205
,REF,90837,CPT4,AK01,11,QPOS,225.83
,REF,90837,CPT4,AK01,11,QPOS,169.37
,HIAA80,90837,CPT4,622,11,MHMO,190
,HIAA80,90837,CPT4,890,11,MEPOS,215
,HIAA80,90837,CPT4,669,11,MEHMO,201
,HIAA80,90837,CPT4,551,11,HMOHRA,251
,REF,90837,CPT4,AK01,11,HMOHRA,204.5
,HIAA80,90837,CPT4,602,11,SLFIN,206
,HIAA80,90837,CPT4,604,11,MC,241
,HIAA80,90837,CPT4,287,11,MCARE,222
,REF,90837,CPT4,AK01,11,MCAID,225.83
,HIAA80,90837,CPT4,660,11,HMOAVN,185
,HIAA80,90837,CPT4,945,11,TC,274
,HIAA80,90837,CPT4,432,11,MEPPO,283
,HIAA80,90837,CPT4,432,11,HMO,283
,HIAA80,90837,CPT4,601,11,MEPO,216
,HIAA80,90837,CPT4,350,11,VPHMO,164
,REF,90837,CPT4,AK01,11,MBH,153.38
,HIAA80,90837,CPT4,467,11,MHMO,180
,HIAA80,90837,CPT4,450,11,EAP,231
,HIAA80,90837,CPT4,640,11,DPPO,176
,HIAA80,90837,CPT4,065,11,EAP,205
,REF,90837,CPT4,AK01,11,MEPO,204.5
,HIAA80,90837,CPT4,070,11,MEPPO,301
,HIAA80,90837,CPT4,996,11,HMO,266
,HIAA80,90837,CPT4,407,11,MHMO,211
,HIAA80,90837,CPT4,762,11,HMOAVN,231
,HIAA80,90837,CPT4,453,11,POS,205
,HIAA80,90837,CPT4,840,11,MC,185
,HIAA80,90837,CPT4,220,11,QPOS,231
,HIAA80,90837,CPT4,480,11,MEPOS,231
,HIAA80,90837,CPT4,394,11,,205
,HIAA80,90837,CPT4,570,11,,231
,HIAA80,90837,CPT4,787,11,MHMO,273
,HIAA80,90837,CPT4,770,11,USACC,352
,HIAA80,90837,CPT4,331,11,HMOAVN,358
,HIAA80,90837,CPT4,605,11,VPHMO,256
,REF,90837,CPT4,AK01,11,MEPO,225.83
,REF,90837,CPT4,AK01,11,DHMO,225.83
,HIAA80,90837,CPT4,260,11,DHMO,226
,HIAA80,90837,CPT4,616,11,MCARE,221
,HIAA80,90837,CPT4,215,11,MEPO,200
,HIAA80,90837,CPT4,800,11,MEPPO,260
,HIAA80,90837,CPT4,230,11,USACC,204
,HIAA80,90837,CPT4,200,11,MEFFS,257
,HIAA80,90837,CPT4,220,11,MEHMO,231
,HIAA80,90837,CPT4,028,11,NNHMO,195
,HIAA80,90837,CPT4,775,11,USACC,205
,HIAA80,90837,CPT4,475,11,MBH,293
,HIAA80,90837,CPT4,233,11,NNHMO,251
,HIAA80,90837,CPT4,604,11,NNHMO,241
,HIAA80,90837,CPT4,294,11,MPPO,231
,HIAA80,90837,CPT4,330,11,SLFIN,273
,HIAA80,90837,CPT4,232,11,MEPPO,186
,HIAA80,90837,CPT4,996,11,DPPO,266
,HIAA80,90837,CPT4,543,11,HMOHRA,437
,HIAA80,90837,CPT4,212,11,MWC,184
,REF,90837,CPT4,AK01,11,MEHMO,153.38
,HIAA80,90837,CPT4,545,11,HMOHRA,262
,HIAA80,90837,CPT4,837,11,QPOS,205
,HIAA80,90837,CPT4,805,11,USACC,274
,HIAA80,90837,CPT4,601,11,POS,216
,HIAA80,90837,CPT4,224,11,QPOS,195
,HIAA80,90837,CPT4,522,11,HMOAVN,231
,REF,90837,CPT4,AK01,11,MEPO,225.83
,HIAA80,90837,CPT4,752,11,MEPO,220
,HIAA80,90837,CPT4,945,11,EAP,274
,REF,90837,CPT4,AK01,11,MCAID,153.38
,HIAA80,90837,CPT4,328,11,USACC,273
,HIAA80,90837,CPT4,402,11,MHMO,205
,HIAA80,90837,CPT4,787,11,HMOAVN,273
,HIAA80,90837,CPT4,768,11,VPHMO,205
,HIAA80,90837,CPT4,484,11,TC,251
,HIAA80,90837,CPT4,067,11,EAP,205
,HIAA80,90837,CPT4,932,11,DHMO,251
,HIAA80,90837,CPT4,768,11,MEHMO,205
,HIAA80,90837,CPT4,077,11,,205
,HIAA80,90837,CPT4,833,11,QPOS,215
,HIAA80,90837,CPT4,331,11,MEPPO,358
,HIAA80,90837,CPT4,402,11,SLFIN,205
,HIAA80,90837,CPT4,535,11,USACC,247
,HIAA80,90837,CPT4,532,11,MHMO,287
,HIAA80,90837,CPT4,085,11,MCAID,368
,HIAA80,90837,CPT4,065,11,MHMO,205
,HIAA80,90837,CPT4,701,11,TC,184
,HIAA80,90837,CPT4,402,11,DHMO,205
,REF,90837,CPT4,AK01,11,,169.37
,HIAA80,90837,CPT4,044,11,USACC,184
,HIAA80,90837,CPT4,115,11,MEFFS,352
,HIAA80,90837,CPT4,559,11,MEPPO,256
,HIAA80,90837,CPT4,939,11,DHMO,231
,HIAA80,90837,CPT4,344,11,MHMO,265
,HIAA80,90837,CPT4,640,11,DHMO,176
,HIAA80,90837,CPT4,765,11,MPPO,241
,HIAA80,90837,CPT4,350,11,MPPO,164
,HIAA80,90837,CPT4,787,11,HMO,273
,HIAA80,90837,CPT4,342,11,QPOS,268
,HIAA80,90837,CPT4,394,11,MWC,205
,HIAA80,90837,CPT4,240,11,EAP,189
,HIAA80,90837,CPT4,453,11,MCARE,205
,HIAA80,90837,CPT4,762,11,ALL,231
,REF,90837,CPT4,AK01,11,NNHMO,225.83
,REF,90837,CPT4,AK01,11,MEPO,204.5
,HIAA80,90837,CPT4,080,11,HMOHRA,226
,HIAA80,90837,CPT4,313,11,MEPO,205
,HIAA80,90837,CPT4,647,11,POS,200
,HIAA80,90837,CPT4,226,11,QPOS,233
,HIAA80,90837,CPT4,570,11,MWC,231
,HIAA80,90837,CPT4,463,11,MEPO,232
,HIAA80,90837,CPT4,212,11,MEHMO,184
,HIAA80,90837,CPT4,067,11,HMOAVN,205
,REF,90837,CPT4,AK01,11,MEPOS,153.38
,HIAA80,90837,CPT4,486,11,USACC,215
,HIAA80,90837,CPT4,247,11,MEPO,231
,HIAA80,90837,CPT4,666,11,MEHMO,206
,HIAA80,90837,CPT4,800,11,ALL,260
,HIAA80,90837,CPT4,200,11,HMO,257
,HIAA80,90837,CPT4,837,11,DHMO,205
,HIAA80,90837,CPT4,981,11,MEHMO,230
,HIAA80,90837,CPT4,469,11,TC,205
,HIAA80,90837,CPT4,943,11,DPPO,601
,HIAA80,90837,CPT4,750,11,MEHMO,236
,HIAA80,90837,CPT4,150,11,TRICR,185
,HIAA80,90837,CPT4,341,11,MCARE,302
,HIAA80,90837,CPT4,921,11,MPPO,257
,HIAA80,90837,CPT4,551,11,DHMO,251
,HIAA80,90837,CPT4,768,11,HMOAVN,205
,HIAA80,90837,CPT4,820,11,MEPOS,256
,REF,90837,CPT4,AK01,11,TRICR,225.83
,HIAA80,90837,CPT4,437,11,MEFFS,205
,HIAA80,90837,CPT4,940,11,MEFFS,298
,HIAA80,90837,CPT4,703,11,HMO,154
,HIAA80,90837,CPT4,247,11,TRICR,231
,HIAA80,90837,CPT4,765,11,POS,241
,HIAA80,90837,CPT4,208,11,HMOAVN,273
,HIAA80,90837,CPT4,559,11,QPOS,256
,HIAA80,90837,CPT4,444,11,TRICR,200
,REF,90837,CPT4,AK01,11,MEPPO,204.5
,REF,90837,CPT4,AK01,11,MWC,153.38
,HIAA80,90837,CPT4,260,11,MCARE,226
,HIAA80,90837,CPT4,432,11,MCARE,283
,HIAA80,90837,CPT4,841,11,MCARE,185
,HIAA80,90837,CPT4,561,11,DPPO,302
,HIAA80,90837,CPT4,293,11,TC,154
,HIAA80,90837,CPT4,077,11,MEPOS,205
,HIAA80,90837,CPT4,387,11,ALL,205
,REF,90837,CPT4,AK01,11,HMO,169.37
,HIAA80,90837,CPT4,543,11,EAP,437
,HIAA80,90837,CPT4,294,11,MC,231
,HIAA80,90837,CPT4,591,11,DHMO,205
,HIAA80,90837,CPT4,652,11,MEPO,154
,HIAA80,90837,CPT4,194,11,NNHMO,205
,HIAA80,90837,CPT4,748,11,USACC,205
,HIAA80,90837,CPT4,403,11,QPOS,205
,HIAA80,90837,CPT4,611,11,NNHMO,257
,HIAA80,90837,CPT4,190,11,HMOHRA,205
,HIAA80,90837,CPT4,388,11,QPOS,205
,HIAA80,90837,CPT4,762,11,TC,231
,HIAA80,90837,CPT4,044,11,MC,184
,HIAA80,90837,CPT4,974,11,MCAID,271
,HIAA80,90837,CPT4,800,11,NNHMO,260
,HIAA80,90837,CPT4,765,11,DPPO,241
,HIAA80,90837,CPT4,342,11,ALL,268
,HIAA80,90837,CPT4,943,11,DHMO,601
,HIAA80,90837,CPT4,598,11,DPPO,195
,HIAA80,90837,CPT4,774,11,TC,230
,HIAA80,90837,CPT4,222,11,VPHMO,273
,HIAA80,90837,CPT4,420,11,TC,164
,HIAA80,90837,CPT4,233,11,MC,251
,HIAA80,90837,CPT4,760,11,MEHMO,225
,HIAA80,90837,CPT4,290,11,MWC,164
,HIAA80,90837,CPT4,482,11,,231
,HIAA80,90837,CPT4,913,11,POS,276
,REF,90837,CPT4,AK01,11,POS,204.5
,HIAA80,90837,CPT4,024,11,DPPO,256
,HIAA80,90837,CPT4,316,11,TC,241
,REF,90837,CPT4,AK01,11,ALL,153.38
,HIAA80,90837,CPT4,550,11,HMO,257
,REF,90837,CPT4,AK01,11,MEPOS,169.37
,HIAA80,90837,CPT4,805,11,VPHMO,274
,HIAA80,90837,CPT4,316,11,POS,241
,HIAA80,90837,CPT4,940,11,MHMO,298
,HIAA80,90837,CPT4,344,11,SLFIN,265
,HIAA80,90837,CPT4,295,11,MEPO,179
,HIAA80,90837,CPT4,300,11,TC,226
,HIAA80,90837,CPT4,606,11,MBH,207
,HIAA80,90837,CPT4,222,11,POS,273
,HIAA80,90837,CPT4,750,11,MCAID,236
,HIAA80,90837,CPT4,605,11,MBH,256
,HIAA80,90837,CPT4,546,11,MEPOS,413
,HIAA80,90837,CPT4,545,11,MEHMO,262
,HIAA80,90837,CPT4,748,11,MEFFS,205
,HIAA80,90837,CPT4,454,11,TC,179
,HIAA80,90837,CPT4,442,11,,186
,REF,90837,CPT4,AK01,11,DPPO,173.83
,HIAA80,90837,CPT4,013,11,,215
,HIAA80,90837,CPT4,662,11,DPPO,205
,HIAA80,90837,CPT4,833,11,MEHMO,215
,HIAA80,90837,CPT4,372,11,TRICR,277
,HIAA80,90837,CPT4,540,11,MPPO,257
,HIAA80,90837,CPT4,700,11,HMO,156
,HIAA80,90837,CPT4,535,11,MEPPO,247
,HIAA80,90837,CPT4,787,11,MCARE,273
,HIAA80,90837,CPT4,006,11,MC,180
,HIAA80,90837,CPT4,247,11,POS,231
,REF,90837,CPT4,AK01,11,MCAID,225.83
,HIAA80,90837,CPT4,708,11,MEFFS,154
,HIAA80,90837,CPT4,050,11,MHMO,174
,HIAA80,90837,CPT4,330,11,MC,273
,HIAA80,90837,CPT4,484,11,MWC,251
,HIAA80,90837,CPT4,535,11,MEFFS,247
,HIAA80,90837,CPT4,544,11,EAP,257
,HIAA80,90837,CPT4,756,11,MBH,242
,HIAA80,90837,CPT4,752,11,TRICR,220
,HIAA80,90837,CPT4,640,11,VPHMO,176
,HIAA80,90837,CPT4,293,11,QPOS,154
,REF,90837,CPT4,AK01,11,MWC,225.83
,HIAA80,90837,CPT4,483,11,HMOHRA,232
,REF,90837,CPT4,AK01,11,TRICR,169.37
,HIAA80,90837,CPT4,631,11,USACC,185
,HIAA80,90837,CPT4,708,11,NNHMO,154
,HIAA80,90837,CPT4,462,11,MPPO,222
,REF,90837,CPT4,AK01,11,MEFFS,191.95
,HIAA80,90837,CPT4,341,11,NNHMO,302
,HIAA80,90837,CPT4,544,11,MCAID,257
,HIAA80,90837,CPT4,442,11,MHMO,186
,HIAA80,90837,CPT4,067,11,USACC,205
,HIAA80,90837,CPT4,666,11,MEPOS,206
,HIAA80,90837,CPT4,111,11,MEHMO,256
,HIAA80,90837,CPT4,893,11,DPPO,257
,HIAA80,90837,CPT4,275,11,EAP,241
,HIAA80,90837,CPT4,062,11,SLFIN,201
,HIAA80,90837,CPT4,940,11,USACC,298
,HIAA80,90837,CPT4,463,11,HMO,232
,HIAA80,90837,CPT4,750,11,NNHMO,236
,HIAA80,90837,CPT4,559,11,MWC,256
,HIAA80,90837,CPT4,240,11,MCARE,189
,HIAA80,90837,CPT4,560,11,POS,259
,HIAA80,90837,CPT4,700,11,MBH,156
,HIAA80,90837,CPT4,085,11,DPPO,368
,HIAA80,90837,CPT4,856,11,TC,226
,HIAA80,90837,CPT4,622,11,MCARE,190
,HIAA80,90837,CPT4,006,11,QPOS,180
,REF,90837,CPT4,AK01,11,MHMO,204.5
,HIAA80,90837,CPT4,774,11,MEPPO,230
,HIAA80,90837,CPT4,666,11,HMO,206
,HIAA80,90837,CPT4,275,11,SLFIN,241
,HIAA80,90837,CPT4,308,11,MEHMO,225
,HIAA80,90837,CPT4,662,11,NNHMO,205
,HIAA80,90837,CPT4,851,11,HMO,226
,HIAA80,90837,CPT4,469,11,DHMO,205
,HIAA80,90837,CPT4,553,11,VPHMO,253
,HIAA80,90837,CPT4,453,11,TC,205
,HIAA80,90837,CPT4,652,11,EAP,154
,HIAA80,90837,CPT4,801,11,MEPPO,274
,REF,90837,CPT4,AK01,11,ALL,169.37
,HIAA80,90837,CPT4,840,11,TRICR,185
,HIAA80,90837,CPT4,731,11,ALL,194
,HIAA80,90837,CPT4,050,11,MC,174
,HIAA80,90837,CPT4,652,11,MEHMO,154
,HIAA80,90837,CPT4,260,11,MCAID,226
,HIAA80,90837,CPT4,350,11,MHMO,164
,HIAA80,90837,CPT4,294,11,MHMO,231
,REF,90837,CPT4,AK01,11,MEPPO,169.37
,HIAA80,90837,CPT4,436,11,MBH,185
,HIAA80,90837,CPT4,221,11,MWC,205
,HIAA80,90837,CPT4,660,11,HMOHRA,185
,HIAA80,90837,CPT4,296,11,EAP,185
,HIAA80,90837,CPT4,437,11,HMOAVN,205
,HIAA80,90837,CPT4,467,11,DHMO,180
,HIAA80,90837,CPT4,407,11,MCARE,211
,HIAA80,90837,CPT4,535,11,MEPO,247
,REF,90837,CPT4,AK01,11,TRICR,191.95
,REF,90837,CPT4,AK01,11,MC,169.37
,HIAA80,90837,CPT4,280,11,MEPO,251
,HIAA80,90837,CPT4,341,11,QPOS,302
,HIAA80,90837,CPT4,800,11,EAP,260
,HIAA80,90837,CPT4,748,11,MEPPO,205
,HIAA80,90837,CPT4,768,11,NNHMO,205
,HIAA80,90837,CPT4,372,11,MCARE,277
,HIAA80,90837,CPT4,240,11,POS,189
,HIAA80,90837,CPT4,280,11,TC,251
,HIAA80,90837,CPT4,640,11,MEPPO,176
,HIAA80,90837,CPT4,344,11,MCAID,265
,HIAA80,90837,CPT4,921,11,MEPPO,257
,HIAA80,90837,CPT4,701,11,,184
,REF,90837,CPT4,AK01,11,HMOAVN,225.83
,HIAA80,90837,CPT4,611,11,MWC,257
,HIAA80,90837,CPT4,339,11,VPHMO,337
,HIAA80,90837,CPT4,616,11,NNHMO,221
,HIAA80,90837,CPT4,336,11,TRICR,282
,HIAA80,90837,CPT4,580,11,EAP,334
,HIAA80,90837,CPT4,602,11,ALL,206
,HIAA80,90837,CPT4,142,11,MHMO,204
,HIAA80,90837,CPT4,142,11,HMO,204
,HIAA80,90837,CPT4,580,11,USACC,334
,HIAA80,90837,CPT4,545,11,EAP,262
,HIAA80,90837,CPT4,070,11,NNHMO,301
,HIAA80,90837,CPT4,560,11,DPPO,259
,HIAA80,90837,CPT4,140,11,POS,201
,HIAA80,90837,CPT4,554,11,HMO,251
,HIAA80,90837,CPT4,750,11,SLFIN,236
,HIAA80,90837,CPT4,327,11,POS,199
,REF,90837,CPT4,AK01,11,POS,169.37
,REF,90837,CPT4,AK01,11,DPPO,153.38
,HIAA80,90837,CPT4,164,11,MEFFS,176
,HIAA80,90837,CPT4,467,11,HMO,180
,HIAA80,90837,CPT4,292,11,USACC,189
,HIAA80,90837,CPT4,330,11,,273
,REF,90837,CPT4,AK01,11,MEPO,173.83
,HIAA80,90837,CPT4,700,11,TRICR,156
,HIAA80,90837,CPT4,017,11,MEPPO,226
,HIAA80,90837,CPT4,432,11,HMOHRA,283
,HIAA80,90837,CPT4,537,11,POS,251
,HIAA80,90837,CPT4,210,11,MCARE,205
,REF,90837,CPT4,AK01,11,HMOAVN,225.83
,REF,90837,CPT4,AK01,11,SLFIN,204.5
,HIAA80,90837,CPT4,453,11,USACC,205
,HIAA80,90837,CPT4,765,11,HMOAVN,241
,HIAA80,90837,CPT4,164,11,MCARE,176
,HIAA80,90837,CPT4,851,11,TRICR,226
,HIAA80,90837,CPT4,212,11,DPPO,184
,HIAA80,90837,CPT4,765,11,VPHMO,241
,HIAA80,90837,CPT4,748,11,ALL,205
,REF,90837,CPT4,AK01,11,QPOS,225.83
,HIAA80,90837,CPT4,782,11,MPPO,241
,HIAA80,90837,CPT4,352,11,MC,179
,HIAA80,90837,CPT4,287,11,HMOAVN,222
,HIAA80,90837,CPT4,484,11,MCARE,251
,HIAA80,90837,CPT4,833,11,USACC,215
,HIAA80,90837,CPT4,524,11,EAP,200
,HIAA80,90837,CPT4,602,11,HMO,206
,HIAA80,90837,CPT4,622,11,MC,190
,HIAA80,90837,CPT4,921,11,TC,257
,HIAA80,90837,CPT4,981,11,MEPOS,230
,HIAA80,90837,CPT4,996,11,EAP,266
,HIAA80,90837,CPT4,531,11,HMO,288
,HIAA80,90837,CPT4,801,11,ALL,274
,HIAA80,90837,CPT4,077,11,NNHMO,205
,HIAA80,90837,CPT4,100,11,QPOS,364
,HIAA80,90837,CPT4,194,11,MHMO,205
,HIAA80,90837,CPT4,260,11,MEFFS,226
,HIAA80,90837,CPT4,342,11,HMO,268
,HIAA80,90837,CPT4,770,11,HMOAVN,352
,HIAA80,90837,CPT4,598,11,MEPPO,195
,HIAA80,90837,CPT4,452,11,HMOHRA,180
,HIAA80,90837,CPT4,038,11,MWC,201
,HIAA80,90837,CPT4,105,11,SLFIN,367
,HIAA80,90837,CPT4,296,11,ALL,185
,HIAA80,90837,CPT4,152,11,SLFIN,180
,HIAA80,90837,CPT4,666,11,HMOAVN,206
,HIAA80,90837,CPT4,856,11,MEPPO,226
,HIAA80,90837,CPT4,618,11,EAP,211
,HIAA80,90837,CPT4,469,11,MC,205
,HIAA80,90837,CPT4,021,11,MHMO,276
,HIAA80,90837,CPT4,434,11,MEPO,185
,HIAA80,90837,CPT4,851,11,NNHMO,226
,HIAA80,90837,CPT4,017,11,TC,226
,HIAA80,90837,CPT4,342,11,MEFFS,268
,HIAA80,90837,CPT4,327,11,HMO,199
,HIAA80,90837,CPT4,662,11,MWC,205
,HIAA80,90837,CPT4,820,11,MHMO,256
,HIAA80,90837,CPT4,498,11,TRICR,205
,HIAA80,90837,CPT4,067,11,MEFFS,205
,HIAA80,90837,CPT4,465,11,HMOAVN,190
,HIAA80,90837,CPT4,773,11,MEPPO,241
,HIAA80,90837,CPT4,462,11,MWC,222
,HIAA80,90837,CPT4,710,11,QPOS,179
,HIAA80,90837,CPT4,537,11,MEPOS,251
,HIAA80,90837,CPT4,077,11,POS,205
,HIAA80,90837,CPT4,878,11,MWC,231
,REF,90837,CPT4,AK01,11,SLFIN,225.83
,REF,90837,CPT4,AK01,11,DHMO,153.38
,HIAA80,90837,CPT4,212,11,MCAID,184
,HIAA80,90837,CPT4,360,11,ALL,172
,HIAA80,90837,CPT4,221,11,HMOHRA,205
,HIAA80,90837,CPT4,331,11,MC,358
,HIAA80,90837,CPT4,300,11,HMO,226
,HIAA80,90837,CPT4,152,11,DPPO,180
,HIAA80,90837,CPT4,222,11,MC,273
,REF,90837,CPT4,AK01,11,MPPO,153.38
,HIAA80,90837,CPT4,140,11,TRICR,201
,HIAA80,90837,CPT4,878,11,MCARE,231
,HIAA80,90837,CPT4,085,11,MBH,368
,HIAA80,90837,CPT4,330,11,DPPO,273
,HIAA80,90837,CPT4,440,11,POS,216
,HIAA80,90837,CPT4,703,11,MPPO,154
,HIAA80,90837,CPT4,600,11,EAP,206
,HIAA80,90837,CPT4,086,11,DPPO,261
,HIAA80,90837,CPT4,360,11,MCAID,172
,REF,90837,CPT4,AK01,11,MEPPO,153.38
,HIAA80,90837,CPT4,475,11,,293
,HIAA80,90837,CPT4,456,11,MCAID,212
,REF,90837,CPT4,AK01,11,MEPO,191.95
,HIAA80,90837,CPT4,402,11,QPOS,205
,HIAA80,90837,CPT4,024,11,MCARE,256
,HIAA80,90837,CPT4,483,11,DPPO,232
,HIAA80,90837,CPT4,215,11,QPOS,200
,HIAA80,90837,CPT4,470,11,MHMO,176
,HIAA80,90837,CPT4,647,11,MBH,200
,HIAA80,90837,CPT4,282,11,,251
,HIAA80,90837,CPT4,287,11,HMO,222
,HIAA80,90837,CPT4,420,11,ALL,164
,HIAA80,90837,CPT4,532,11,DPPO,287
,HIAA80,90837,CPT4,190,11,MCAID,205
,HIAA80,90837,CPT4,308,11,MPPO,225
,HIAA80,90837,CPT4,308,11,DPPO,225
,HIAA80,90837,CPT4,522,11,MWC,231
,HIAA80,90837,CPT4,498,11,,205
,HIAA80,90837,CPT4,260,11,QPOS,226
,HIAA80,90837,CPT4,441,11,HMOHRA,257
,HIAA80,90837,CPT4,666,11,USACC,206
,HIAA80,90837,CPT4,939,11,NNHMO,231
,HIAA80,90837,CPT4,669,11,MCAID,201
,HIAA80,90837,CPT4,559,11,HMOAVN,256
,HIAA80,90837,CPT4,044,11,POS,184
,HIAA80,90837,CPT4,553,11,MEFFS,253
,HIAA80,90837,CPT4,853,11,EAP,241
,HIAA80,90837,CPT4,442,11,USACC,186
,HIAA80,90837,CPT4,890,11,MHMO,215
,HIAA80,90837,CPT4,490,11,SLFIN,206
,HIAA80,90837,CPT4,062,11,DPPO,201
,HIAA80,90837,CPT4,140,11,MEPPO,201
,REF,90837,CPT4,AK01,11,MCARE,153.38
,HIAA80,90837,CPT4,490,11,MHMO,206
,HIAA80,90837,CPT4,601,11,VPHMO,216
,HIAA80,90837,CPT4,748,11,VPHMO,205
,HIAA80,90837,CPT4,563,11,MCARE,258
,HIAA80,90837,CPT4,660,11,MHMO,185
,HIAA80,90837,CPT4,420,11,HMO,164
,HIAA80,90837,CPT4,152,11,POS,180
,HIAA80,90837,CPT4,850,11,TRICR,251
,HIAA80,90837,CPT4,065,11,USACC,205
,HIAA80,90837,CPT4,787,11,MEHMO,273
,HIAA80,90837,CPT4,290,11,HMOAVN,164
,REF,90837,CPT4,AK01,11,MEFFS,225.83
,REF,90837,CPT4,AK01,11,TC,173.83
,HIAA80,90837,CPT4,537,11,HMOAVN,251
,REF,90837,CPT4,AK01,11,MCARE,204.5
,HIAA80,90837,CPT4,631,11,,185
,HIAA80,90837,CPT4,878,11,ALL,231
,HIAA80,90837,CPT4,077,11,DHMO,205
,REF,90837,CPT4,AK01,11,MC,225.83
,HIAA80,90837,CPT4,113,11,MHMO,308
,REF,90837,CPT4,AK01,11,MEFFS,225.83
,HIAA80,90837,CPT4,452,11,MCARE,180
,HIAA80,90837,CPT4,062,11,TRICR,201
,HIAA80,90837,CPT4,493,11,DPPO,201
,HIAA80,90837,CPT4,660,11,HMO,185
,HIAA80,90837,CPT4,945,11,DHMO,274
,REF,90837,CPT4,AK01,11,MC,225.83
,HIAA80,90837,CPT4,342,11,MEPOS,268
,HIAA80,90837,CPT4,541,11,MEPOS,449
,HIAA80,90837,CPT4,910,11,EAP,256
,HIAA80,90837,CPT4,486,11,EAP,215
,HIAA80,90837,CPT4,292,11,ALL,189
,HIAA80,90837,CPT4,996,11,USACC,266
,HIAA80,90837,CPT4,239,11,MCARE,256
,HIAA80,90837,CPT4,335,11,USACC,284
,HIAA80,90837,CPT4,394,11,MPPO,205
,HIAA80,90837,CPT4,293,11,MPPO,154
,HIAA80,90837,CPT4,247,11,MCARE,231
,HIAA80,90837,CPT4,339,11,NNHMO,337
,HIAA80,90837,CPT4,442,11,HMOAVN,186
,HIAA80,90837,CPT4,226,11,MEPPO,233
,HIAA80,90837,CPT4,462,11,POS,222
,HIAA80,90837,CPT4,551,11,SLFIN,251
,HIAA80,90837,CPT4,700,11,USACC,156
,HIAA80,90837,CPT4,605,11,USACC,256
,HIAA80,90837,CPT4,837,11,USACC,205
,HIAA80,90837,CPT4,559,11,HMO,256
,HIAA80,90837,CPT4,230,11,MEPOS,204
,HIAA80,90837,CPT4,475,11,MCARE,293
,REF,90837,CPT4,AK01,11,MCARE,153.38
,HIAA80,90837,CPT4,130,11,MWC,179
,REF,90837,CPT4,AK01,11,EAP,153.38
,HIAA80,90837,CPT4,260,11,USACC,226
,HIAA80,90837,CPT4,086,11,ALL,261
,HIAA80,90837,CPT4,660,11,ALL,185
,HIAA80,90837,CPT4,330,11,VPHMO,273
,HIAA80,90837,CPT4,553,11,TRICR,253
,HIAA80,90837,CPT4,017,11,SLFIN,226
,HIAA80,90837,CPT4,893,11,TC,257
,HIAA80,90837,CPT4,278,11,MEPPO,246
,REF,90837,CPT4,AK01,11,MEPOS,191.95
,HIAA80,90837,CPT4,833,11,TC,215
,REF,90837,CPT4,AK01,11,HMOHRA,204.5
,HIAA80,90837,CPT4,703,11,MEPOS,154
,HIAA80,90837,CPT4,215,11,EAP,200
,HIAA80,90837,CPT4,750,11,MC,236
,HIAA80,90837,CPT4,611,11,,257
,HIAA80,90837,CPT4,065,11,HMOAVN,205
,HIAA80,90837,CPT4,308,11,,225
,HIAA80,90837,CPT4,559,11,HMOHRA,256
,HIAA80,90837,CPT4,820,11,TC,256
,HIAA80,90837,CPT4,549,11,USACC,413
,REF,90837,CPT4,AK01,11,HMOAVN,204.5
,HIAA80,90837,CPT4,580,11,SLFIN,334
,HIAA80,90837,CPT4,805,11,ALL,274
,HIAA80,90837,CPT4,194,11,POS,205
,REF,90837,CPT4,AK01,11,MWC,204.5
,HIAA80,90837,CPT4,611,11,HMO,257
,HIAA80,90837,CPT4,762,11,MCARE,231
,HIAA80,90837,CPT4,050,11,,174
,HIAA80,90837,CPT4,482,11,MHMO,231
,HIAA80,90837,CPT4,105,11,MEPOS,367
,HIAA80,90837,CPT4,113,11,MCAID,308
,HIAA80,90837,CPT4,730,11,TC,179
,HIAA80,90837,CPT4,598,11,MEPO,195
,HIAA80,90837,CPT4,851,11,MCAID,226
,HIAA80,90837,CPT4,820,11,DPPO,256
,REF,90837,CPT4,AK01,11,TRICR,225.83
,REF,90837,CPT4,AK01,11,MHMO,204.5
,HIAA80,90837,CPT4,021,11,NNHMO,276
,REF,90837,CPT4,AK01,11,MEFFS,173.83
,HIAA80,90837,CPT4,770,11,MPPO,352
,HIAA80,90837,CPT4,932,11,MEPPO,251
,HIAA80,90837,CPT4,752,11,TC,220
,HIAA80,90837,CPT4,600,11,MBH,206
,HIAA80,90837,CPT4,024,11,MC,256
,HIAA80,90837,CPT4,434,11,,185
,HIAA80,90837,CPT4,611,11,MEPO,257
,HIAA80,90837,CPT4,458,11,MCARE,196
,HIAA80,90837,CPT4,444,11,NNHMO,200
,HIAA80,90837,CPT4,611,11,MPPO,257
,HIAA80,90837,CPT4,546,11,VPHMO,413
,HIAA80,90837,CPT4,100,11,MEFFS,364
,HIAA80,90837,CPT4,222,11,DPPO,273
,HIAA80,90837,CPT4,483,11,DHMO,232
,HIAA80,90837,CPT4,448,11,MCAID,175
,HIAA80,90837,CPT4,342,11,MPPO,268
,HIAA80,90837,CPT4,890,11,MEPPO,215
,HIAA80,90837,CPT4,945,11,HMO,274
,HIAA80,90837,CPT4,013,11,TRICR,215
,HIAA80,90837,CPT4,765,11,MC,241
,HIAA80,90837,CPT4,221,11,NNHMO,205
,HIAA80,90837,CPT4,293,11,MEPOS,154
,HIAA80,90837,CPT4,226,11,SLFIN,233
,HIAA80,90837,CPT4,327,11,MBH,199
,HIAA80,90837,CPT4,853,11,TC,241
,HIAA80,90837,CPT4,013,11,TC,215
,HIAA80,90837,CPT4,441,11,VPHMO,257
,HIAA80,90837,CPT4,328,11,EAP,273
,HIAA80,90837,CPT4,954,11,MBH,205
,HIAA80,90837,CPT4,233,11,MWC,251
,HIAA80,90837,CPT4,446,11,,181
,HIAA80,90837,CPT4,669,11,SLFIN,201
,HIAA80,90837,CPT4,920,11,SLFIN,297
,HIAA80,90837,CPT4,456,11,MCARE,212
,HIAA80,90837,CPT4,921,11,MEHMO,257
,REF,90837,CPT4,AK01,11,MEPO,225.83
,HIAA80,90837,CPT4,936,11,MPPO,205
,HIAA80,90837,CPT4,215,11,VPHMO,200
,HIAA80,90837,CPT4,546,11,TRICR,413
,REF,90837,CPT4,AK01,11,DHMO,191.95
,HIAA80,90837,CPT4,462,11,MCAID,222
,REF,90837,CPT4,AK01,11,HMOAVN,169.37
,HIAA80,90837,CPT4,606,11,POS,207
,HIAA80,90837,CPT4,662,11,TC,205
,HIAA80,90837,CPT4,716,11,POS,245
,HIAA80,90837,CPT4,537,11,VPHMO,251
,HIAA80,90837,CPT4,837,11,MPPO,205
,HIAA80,90837,CPT4,756,11,DHMO,242
,HIAA80,90837,CPT4,232,11,NNHMO,186
,HIAA80,90837,CPT4,666,11,MEPO,206
,HIAA80,90837,CPT4,054,11,TC,154
,HIAA80,90837,CPT4,770,11,MEHMO,352
,HIAA80,90837,CPT4,446,11,MEPOS,181
,REF,90837,CPT4,AK01,11,MWC,173.83
,HIAA80,90837,CPT4,954,11,QPOS,205
,HIAA80,90837,CPT4,298,11,DPPO,257
,HIAA80,90837,CPT4,463,11,MEPPO,232
,HIAA80,90837,CPT4,420,11,MCAID,164
,REF,90837,CPT4,AK01,11,MWC,191.95
,HIAA80,90837,CPT4,532,11,POS,287
,HIAA80,90837,CPT4,105,11,EAP,367
,HIAA80,90837,CPT4,017,11,MPPO,226
,HIAA80,90837,CPT4,194,11,MEHMO,205
,HIAA80,90837,CPT4,921,11,SLFIN,257
,REF,90837,CPT4,AK01,11,TRICR,169.37
,HIAA80,90837,CPT4,341,11,MWC,302
,HIAA80,90837,CPT4,100,11,MBH,364
,HIAA80,90837,CPT4,287,11,MEHMO,222
,REF,90837,CPT4,AK01,11,,204.5
,HIAA80,90837,CPT4,308,11,TC,225
,HIAA80,90837,CPT4,287,11,MCAID,222
,HIAA80,90837,CPT4,801,11,SLFIN,274
,HIAA80,90837,CPT4,295,11,SLFIN,179
,HIAA80,90837,CPT4,330,11,MEPPO,273
,HIAA80,90837,CPT4,703,11,MCAID,154
,HIAA80,90837,CPT4,851,11,HMOAVN,226
,HIAA80,90837,CPT4,304,11,MHMO,249
,HIAA80,90837,CPT4,313,11,VPHMO,205
,HIAA80,90837,CPT4,446,11,HMO,181
,REF,90837,CPT4,AK01,11,MCAID,153.38
,HIAA80,90837,CPT4,452,11,POS,180
,REF,90837,CPT4,AK01,11,,153.38
,HIAA80,90837,CPT4,856,11,QPOS,226
,REF,90837,CPT4,AK01,11,MBH,153.38
,REF,90837,CPT4,AK01,11,POS,153.38
,REF,90837,CPT4,AK01,11,NNHMO,225.83
,HIAA80,90837,CPT4,560,11,MEHMO,259
,HIAA80,90837,CPT4,021,11,MBH,276
,HIAA80,90837,CPT4,601,11,QPOS,216
,HIAA80,90837,CPT4,436,11,EAP,185
,HIAA80,90837,CPT4,647,11,MCAID,200
,HIAA80,90837,CPT4,996,11,MBH,266
,HIAA80,90837,CPT4,230,11,MHMO,204
,HIAA80,90837,CPT4,295,11,VPHMO,179
,HIAA80,90837,CPT4,432,11,HMOAVN,283
,HIAA80,90837,CPT4,482,11,MEPO,231
,HIAA80,90837,CPT4,748,11,DPPO,205
,HIAA80,90837,CPT4,871,11,SLFIN,230
,HIAA80,90837,CPT4,212,11,VPHMO,184
,HIAA80,90837,CPT4,590,11,MCARE,190
,HIAA80,90837,CPT4,150,11,POS,185
,HIAA80,90837,CPT4,381,11,MHMO,201
,HIAA80,90837,CPT4,974,11,MEPPO,271
,HIAA80,90837,CPT4,800,11,,260
,HIAA80,90837,CPT4,622,11,POS,190
,REF,90837,CPT4,AK01,11,MEHMO,153.38
,HIAA80,90837,CPT4,440,11,MC,216
,HIAA80,90837,CPT4,752,11,MWC,220
,HIAA80,90837,CPT4,453,11,QPOS,205
,HIAA80,90837,CPT4,620,11,VPHMO,195
,REF,90837,CPT4,AK01,11,EAP,225.83
,HIAA80,90837,CPT4,453,11,MHMO,205
,HIAA80,90837,CPT4,335,11,,284
,REF,90837,CPT4,AK01,11,MCAID,204.5
,HIAA80,90837,CPT4,453,11,MEPOS,205
,REF,90837,CPT4,AK01,11,TRICR,169.37
,REF,90837,CPT4,AK01,11,,191.95
,HIAA80,90837,CPT4,618,11,MBH,211
,HIAA80,90837,CPT4,454,11,MC,179
,HIAA80,90837,CPT4,484,11,QPOS,251
,HIAA80,90837,CPT4,954,11,,205
,HIAA80,90837,CPT4,200,11,MCARE,257
,HIAA80,90837,CPT4,344,11,NNHMO,265
,HIAA80,90837,CPT4,486,11,QPOS,215
,HIAA80,90837,CPT4,837,11,ALL,205
,REF,90837,CPT4,AK01,11,HMOHRA,153.38
,HIAA80,90837,CPT4,801,11,MEPOS,274
,HIAA80,90837,CPT4,920,11,MEHMO,297
,HIAA80,90837,CPT4,611,11,EAP,257
,REF,90837,CPT4,AK01,11,TRICR,225.83
,HIAA80,90837,CPT4,330,11,MHMO,273
,HIAA80,90837,CPT4,482,11,MCARE,231
,HIAA80,90837,CPT4,662,11,HMOHRA,205
,HIAA80,90837,CPT4,762,11,NNHMO,231
,HIAA80,90837,CPT4,481,11,MEFFS,231
,HIAA80,90837,CPT4,666,11,MEPPO,206
,HIAA80,90837,CPT4,748,11,QPOS,205
,HIAA80,90837,CPT4,775,11,VPHMO,205
,HIAA80,90837,CPT4,480,11,MEPPO,231
,HIAA80,90837,CPT4,756,11,MEPO,242
,HIAA80,90837,CPT4,731,11,MBH,194
,HIAA80,90837,CPT4,469,11,MPPO,205
,HIAA80,90837,CPT4,920,11,HMO,297
,HIAA80,90837,CPT4,493,11,QPOS,201
,HIAA80,90837,CPT4,974,11,MPPO,271
,REF,90837,CPT4,AK01,11,POS,225.83
,HIAA80,90837,CPT4,762,11,QPOS,231
,HIAA80,90837,CPT4,601,11,MPPO,216
,HIAA80,90837,CPT4,440,11,QPOS,216
,HIAA80,90837,CPT4,337,11,,273
,HIAA80,90837,CPT4,290,11,MHMO,164
,HIAA80,90837,CPT4,201,11,MEHMO,273
,HIAA80,90837,CPT4,153,11,MPPO,179
,HIAA80,90837,CPT4,436,11,POS,185
,HIAA80,90837,CPT4,453,11,MWC,205
,HIAA80,90837,CPT4,939,11,TC,231
,HIAA80,90837,CPT4,853,11,MHMO,241
,HIAA80,90837,CPT4,221,11,USACC,205
,REF,90837,CPT4,AK01,11,MWC,204.5
,HIAA80,90837,CPT4,130,11,NNHMO,179
,HIAA80,90837,CPT4,150,11,NNHMO,185
,HIAA80,90837,CPT4,086,11,,261
,HIAA80,90837,CPT4,475,11,MCAID,293
,HIAA80,90837,CPT4,247,11,MPPO,231
,HIAA80,90837,CPT4,920,11,MBH,297
,HIAA80,90837,CPT4,498,11,SLFIN,205
,HIAA80,90837,CPT4,239,11,TRICR,256
,HIAA80,90837,CPT4,591,11,VPHMO,205
,HIAA80,90837,CPT4,760,11,NNHMO,225
,HIAA80,90837,CPT4,561,11,HMOHRA,302
,REF,90837,CPT4,AK01,11,MEHMO,204.5
,HIAA80,90837,CPT4,437,11,MCAID,205
,HIAA80,90837,CPT4,591,11,ALL,205
,HIAA80,90837,CPT4,017,11,ALL,226
,HIAA80,90837,CPT4,150,11,VPHMO,185
,HIAA80,90837,CPT4,221,11,VPHMO,205
,HIAA80,90837,CPT4,350,11,DPPO,164
,REF,90837,CPT4,AK01,11,DHMO,204.5
,HIAA80,90837,CPT4,044,11,MEPO,184
,HIAA80,90837,CPT4,954,11,ALL,205
,HIAA80,90837,CPT4,394,11,USACC,205
,REF,90837,CPT4,AK01,11,NNHMO,169.37
,HIAA80,90837,CPT4,856,11,MBH,226
,HIAA80,90837,CPT4,890,11,TRICR,215
,REF,90837,CPT4,AK01,11,SLFIN,204.5
,HIAA80,90837,CPT4,088,11,HMOHRA,206
,HIAA80,90837,CPT4,484,11,MEPOS,251
,HIAA80,90837,CPT4,669,11,MWC,201
,HIAA80,90837,CPT4,606,11,MEPPO,207
,HIAA80,90837,CPT4,275,11,TRICR,241
,HIAA80,90837,CPT4,434,11,DHMO,185
,HIAA80,90837,CPT4,230,11,HMOHRA,204
,HIAA80,90837,CPT4,260,11,MEHMO,226
,HIAA80,90837,CPT4,850,11,DPPO,251
,HIAA80,90837,CPT4,748,11,MC,205
,HIAA80,90837,CPT4,730,11,SLFIN,179
,HIAA80,90837,CPT4,922,11,ALL,256
,HIAA80,90837,CPT4,940,11,MWC,298
,HIAA80,90837,CPT4,775,11,SLFIN,205
,REF,90837,CPT4,AK01,11,DPPO,225.83
,HIAA80,90837,CPT4,446,11,MEFFS,181
,HIAA80,90837,CPT4,105,11,ALL,367
,HIAA80,90837,CPT4,013,11,HMO,215
,HIAA80,90837,CPT4,995,11,ALL,298
,HIAA80,90837,CPT4,460,11,QPOS,205
,HIAA80,90837,CPT4,601,11,EAP,216
,HIAA80,90837,CPT4,363,11,VPHMO,174
,HIAA80,90837,CPT4,710,11,POS,179
,HIAA80,90837,CPT4,532,11,QPOS,287
,HIAA80,90837,CPT4,226,11,MC,233
,HIAA80,90837,CPT4,560,11,MCARE,259
,HIAA80,90837,CPT4,782,11,QPOS,241
,HIAA80,90837,CPT4,100,11,MEPO,364
,HIAA80,90837,CPT4,543,11,MEPOS,437
,REF,90837,CPT4,AK01,11,DHMO,169.37
,HIAA80,90837,CPT4,287,11,HMOHRA,222
,HIAA80,90837,CPT4,044,11,MEFFS,184
,HIAA80,90837,CPT4,298,11,QPOS,257
,HIAA80,90837,CPT4,006,11,MCARE,180
,HIAA80,90837,CPT4,328,11,NNHMO,273
,HIAA80,90837,CPT4,242,11,ALL,210
,HIAA80,90837,CPT4,115,11,NNHMO,352
,HIAA80,90837,CPT4,762,11,MEPO,231
,HIAA80,90837,CPT4,531,11,MBH,288
,HIAA80,90837,CPT4,344,11,MEFFS,265
,HIAA80,90837,CPT4,337,11,POS,273
,HIAA80,90837,CPT4,598,11,POS,195
,HIAA80,90837,CPT4,837,11,TRICR,205
,HIAA80,90837,CPT4,493,11,MBH,201
,HIAA80,90837,CPT4,337,11,MPPO,273
,REF,90837,CPT4,AK01,11,POS,204.5
,REF,90837,CPT4,AK01,11,TRICR,153.38
,HIAA80,90837,CPT4,411,11,MC,204
,REF,90837,CPT4,AK01,11,MEPO,225.83
,HIAA80,90837,CPT4,442,11,SLFIN,186
,REF,90837,CPT4,AK01,11,TRICR,173.83
,HIAA80,90837,CPT4,440,11,MEHMO,216
,HIAA80,90837,CPT4,335,11,TC,284
,REF,90837,CPT4,AK01,11,MBH,225.83
,HIAA80,90837,CPT4,703,11,MWC,154
,HIAA80,90837,CPT4,296,11,,185
,HIAA80,90837,CPT4,974,11,MEPOS,271
,HIAA80,90837,CPT4,444,11,MC,200
,HIAA80,90837,CPT4,551,11,MCAID,251
,HIAA80,90837,CPT4,660,11,MEPPO,185
,HIAA80,90837,CPT4,488,11,SLFIN,226
,HIAA80,90837,CPT4,669,11,MEPOS,201
,HIAA80,90837,CPT4,456,11,,212
,HIAA80,90837,CPT4,620,11,MEPO,195
,HIAA80,90837,CPT4,402,11,MCARE,205
,REF,90837,CPT4,AK01,11,MEHMO,169.37
,HIAA80,90837,CPT4,666,11,MHMO,206
,HIAA80,90837,CPT4,304,11,HMOHRA,249
,HIAA80,90837,CPT4,247,11,MBH,231
,HIAA80,90837,CPT4,773,11,MPPO,241
,HIAA80,90837,CPT4,328,11,POS,273
,HIAA80,90837,CPT4,543,11,MBH,437
,HIAA80,90837,CPT4,551,11,,251
,HIAA80,90837,CPT4,372,11,MEHMO,277
,HIAA80,90837,CPT4,530,11,MEPOS,288
,HIAA80,90837,CPT4,164,11,HMOAVN,176
,HIAA80,90837,CPT4,773,11,TC,241
,REF,90837,CPT4,AK01,11,MBH,204.5
,HIAA80,90837,CPT4,580,11,MEPO,334
,HIAA80,90837,CPT4,878,11,MEPPO,231
,HIAA80,90837,CPT4,113,11,QPOS,308
,HIAA80,90837,CPT4,152,11,NNHMO,180
,HIAA80,90837,CPT4,756,11,ALL,242
,HIAA80,90837,CPT4,190,11,,205
,HIAA80,90837,CPT4,064,11,MEHMO,201
,HIAA80,90837,CPT4,606,11,TRICR,207
,HIAA80,90837,CPT4,541,11,MHMO,449
,HIAA80,90837,CPT4,452,11,MPPO,180
,HIAA80,90837,CPT4,113,11,MEPOS,308
,HIAA80,90837,CPT4,893,11,MWC,257
,HIAA80,90837,CPT4,913,11,MWC,276
,HIAA80,90837,CPT4,550,11,MC,257
,HIAA80,90837,CPT4,463,11,QPOS,232
,HIAA80,90837,CPT4,616,11,QPOS,221
,HIAA80,90837,CPT4,190,11,VPHMO,205
,HIAA80,90837,CPT4,856,11,VPHMO,226
,HIAA80,90837,CPT4,242,11,EAP,210
,HIAA80,90837,CPT4,430,11,QPOS,231
,HIAA80,90837,CPT4,871,11,MEPOS,230
,REF,90837,CPT4,AK01,11,DPPO,204.5
,HIAA80,90837,CPT4,152,11,HMOAVN,180
,HIAA80,90837,CPT4,920,11,MEFFS,297
,HIAA80,90837,CPT4,995,11,EAP,298
,HIAA80,90837,CPT4,337,11,TRICR,273
,HIAA80,90837,CPT4,981,11,MC,230
,HIAA80,90837,CPT4,483,11,QPOS,232
,REF,90837,CPT4,AK01,11,MEHMO,225.83
,HIAA80,90837,CPT4,612,11,EAP,231
,HIAA80,90837,CPT4,239,11,MWC,256
,HIAA80,90837,CPT4,550,11,POS,257
,HIAA80,90837,CPT4,100,11,MEHMO,364
,HIAA80,90837,CPT4,420,11,DHMO,164
,HIAA80,90837,CPT4,945,11,,274
,HIAA80,90837,CPT4,448,11,DHMO,175
,HIAA80,90837,CPT4,604,11,MBH,241
,HIAA80,90837,CPT4,481,11,TC,231
,HIAA80,90837,CPT4,336,11,MEHMO,282
,HIAA80,90837,CPT4,470,11,DPPO,176
,REF,90837,CPT4,AK01,11,NNHMO,153.38
,HIAA80,90837,CPT4,488,11,QPOS,226
,HIAA80,90837,CPT4,210,11,ALL,205
,HIAA80,90837,CPT4,535,11,DHMO,247
,HIAA80,90837,CPT4,666,11,NNHMO,206
,HIAA80,90837,CPT4,936,11,HMO,205
,HIAA80,90837,CPT4,605,11,TC,256
,HIAA80,90837,CPT4,456,11,TC,212
,HIAA80,90837,CPT4,300,11,POS,226
,HIAA80,90837,CPT4,535,11,MC,247
,HIAA80,90837,CPT4,465,11,VPHMO,190
,REF,90837,CPT4,AK01,11,ALL,169.37
,HIAA80,90837,CPT4,304,11,HMOAVN,249
,HIAA80,90837,CPT4,840,11,MBH,185
,HIAA80,90837,CPT4,544,11,DPPO,257
,HIAA80,90837,CPT4,050,11,MBH,174
,HIAA80,90837,CPT4,560,11,SLFIN,259
,HIAA80,90837,CPT4,021,11,MEHMO,276
,HIAA80,90837,CPT4,339,11,EAP,337
,HIAA80,90837,CPT4,553,11,NNHMO,253
,HIAA80,90837,CPT4,086,11,USACC,261
,HIAA80,90837,CPT4,287,11,TRICR,222
,REF,90837,CPT4,AK01,11,TRICR,204.5
,HIAA80,90837,CPT4,598,11,HMOHRA,195
,HIAA80,90837,CPT4,328,11,MEFFS,273
,HIAA80,90837,CPT4,080,11,SLFIN,226
,HIAA80,90837,CPT4,296,11,MWC,185
,HIAA80,90837,CPT4,070,11,USACC,301
,HIAA80,90837,CPT4,530,11,MEPPO,288
,HIAA80,90837,CPT4,304,11,MCARE,249
,HIAA80,90837,CPT4,403,11,MEHMO,205
,HIAA80,90837,CPT4,731,11,QPOS,194
,HIAA80,90837,CPT4,467,11,MCARE,180
,HIAA80,90837,CPT4,330,11,HMOAVN,273
,HIAA80,90837,CPT4,292,11,MHMO,189
,HIAA80,90837,CPT4,275,11,HMO,241
,HIAA80,90837,CPT4,544,11,SLFIN,257
,HIAA80,90837,CPT4,142,11,EAP,204
,HIAA80,90837,CPT4,328,11,QPOS,273
,HIAA80,90837,CPT4,967,11,MEFFS,251
,HIAA80,90837,CPT4,611,11,MBH,257
,HIAA80,90837,CPT4,070,11,DHMO,301
,HIAA80,90837,CPT4,341,11,TC,302
,HIAA80,90837,CPT4,233,11,SLFIN,251
,HIAA80,90837,CPT4,024,11,MEFFS,256
,HIAA80,90837,CPT4,062,11,MEPOS,201
,HIAA80,90837,CPT4,760,11,HMOHRA,225
,HIAA80,90837,CPT4,372,11,MBH,277
,HIAA80,90837,CPT4,571,11,DPPO,251
,HIAA80,90837,CPT4,341,11,MEPOS,302
,HIAA80,90837,CPT4,708,11,MPPO,154
,REF,90837,CPT4,AK01,11,ALL,169.37
,HIAA80,90837,CPT4,304,11,HMO,249
,HIAA80,90837,CPT4,546,11,MCAID,413
,HIAA80,90837,CPT4,344,11,MCARE,265
,HIAA80,90837,CPT4,194,11,,205
,HIAA80,90837,CPT4,820,11,HMO,256
,HIAA80,90837,CPT4,142,11,DHMO,204
,HIAA80,90837,CPT4,450,11,MCARE,231
,HIAA80,90837,CPT4,716,11,MEPO,245
,HIAA80,90837,CPT4,928,11,USACC,277
,HIAA80,90837,CPT4,890,11,SLFIN,215
,HIAA80,90837,CPT4,287,11,USACC,222
,REF,90837,CPT4,AK01,11,MCAID,225.83
,REF,90837,CPT4,AK01,11,MC,191.95
,HIAA80,90837,CPT4,805,11,MHMO,274
,HIAA80,90837,CPT4,612,11,MBH,231
,HIAA80,90837,CPT4,540,11,TC,257
,HIAA80,90837,CPT4,850,11,MC,251
,HIAA80,90837,CPT4,546,11,USACC,413
,HIAA80,90837,CPT4,484,11,TRICR,251
,HIAA80,90837,CPT4,434,11,MCARE,185
,REF,90837,CPT4,AK01,11,MEFFS,169.37
,REF,90837,CPT4,AK01,11,HMO,191.95
,HIAA80,90837,CPT4,853,11,TRICR,241
,HIAA80,90837,CPT4,201,11,MPPO,273
,HIAA80,90837,CPT4,701,11,EAP,184
,HIAA80,90837,CPT4,974,11,VPHMO,271
,HIAA80,90837,CPT4,488,11,MWC,226
,HIAA80,90837,CPT4,442,11,MC,186
,HIAA80,90837,CPT4,820,11,MEPPO,256
,HIAA80,90837,CPT4,571,11,HMO,251
,HIAA80,90837,CPT4,600,11,DPPO,206
,HIAA80,90837,CPT4,878,11,VPHMO,231
,HIAA80,90837,CPT4,442,11,TRICR,186
,HIAA80,90837,CPT4,013,11,DHMO,215
,REF,90837,CPT4,AK01,11,HMOAVN,204.5
,HIAA80,90837,CPT4,342,11,NNHMO,268
,HIAA80,90837,CPT4,762,11,MWC,231
,HIAA80,90837,CPT4,021,11,SLFIN,276
,HIAA80,90837,CPT4,532,11,MEFFS,287
,HIAA80,90837,CPT4,666,11,DHMO,206
,HIAA80,90837,CPT4,481,11,MC,231
,HIAA80,90837,CPT4,943,11,HMOAVN,601
,REF,90837,CPT4,AK01,11,DPPO,225.83
,HIAA80,90837,CPT4,932,11,HMOHRA,251
,REF,90837,CPT4,AK01,11,MEPO,204.5
,REF,90837,CPT4,AK01,11,HMOAVN,225.83
,HIAA80,90837,CPT4,298,11,MCAID,257
,HIAA80,90837,CPT4,278,11,HMO,246
,HIAA80,90837,CPT4,164,11,MC,176
,REF,90837,CPT4,AK01,11,HMOAVN,173.83
,HIAA80,90837,CPT4,341,11,MCAID,302
,REF,90837,CPT4,AK01,11,QPOS,225.83
,HIAA80,90837,CPT4,054,11,HMOAVN,154
,REF,90837,CPT4,AK01,11,MEPO,191.95
,HIAA80,90837,CPT4,922,11,HMOAVN,256
,HIAA80,90837,CPT4,292,11,MCARE,189
,REF,90837,CPT4,AK01,11,MWC,204.5
,HIAA80,90837,CPT4,363,11,NNHMO,174
,REF,90837,CPT4,AK01,11,,225.83
,REF,90837,CPT4,AK01,11,MPPO,204.5
,HIAA80,90837,CPT4,469,11,MEPPO,205
,HIAA80,90837,CPT4,278,11,MPPO,246
,HIAA80,90837,CPT4,554,11,MCAID,251
,REF,90837,CPT4,AK01,11,MWC,225.83
,HIAA80,90837,CPT4,463,11,DPPO,232
,HIAA80,90837,CPT4,540,11,ALL,257
,HIAA80,90837,CPT4,762,11,MCAID,231
,HIAA80,90837,CPT4,372,11,MPPO,277
,HIAA80,90837,CPT4,580,11,MHMO,334
,HIAA80,90837,CPT4,544,11,MEPO,257
,HIAA80,90837,CPT4,387,11,MWC,205
,HIAA80,90837,CPT4,550,11,HMOHRA,257
,HIAA80,90837,CPT4,080,11,MEPO,226
,HIAA80,90837,CPT4,086,11,TRICR,261
,REF,90837,CPT4,AK01,11,DHMO,225.83
,HIAA80,90837,CPT4,013,11,MEFFS,215
,REF,90837,CPT4,AK01,11,MPPO,225.83
,HIAA80,90837,CPT4,481,11,DHMO,231
,HIAA80,90837,CPT4,640,11,MHMO,176
,HIAA80,90837,CPT4,920,11,ALL,297
,HIAA80,90837,CPT4,100,11,HMOAVN,364
,HIAA80,90837,CPT4,233,11,MEPO,251
,REF,90837,CPT4,AK01,11,MWC,225.83
,HIAA80,90837,CPT4,486,11,TRICR,215
,HIAA80,90837,CPT4,856,11,,226
,HIAA80,90837,CPT4,363,11,USACC,174
,HIAA80,90837,CPT4,140,11,MCARE,201
,HIAA80,90837,CPT4,070,11,TRICR,301
,HIAA80,90837,CPT4,559,11,MPPO,256
,HIAA80,90837,CPT4,662,11,MEHMO,205
,HIAA80,90837,CPT4,275,11,MWC,241
,HIAA80,90837,CPT4,760,11,HMOAVN,225
,REF,90837,CPT4,AK01,11,TRICR,169.37
,HIAA80,90837,CPT4,436,11,MCARE,185
,HIAA80,90837,CPT4,142,11,TC,204
,HIAA80,90837,CPT4,940,11,ALL,298
,HIAA80,90837,CPT4,028,11,MC,195
,HIAA80,90837,CPT4,731,11,MEHMO,194
,HIAA80,90837,CPT4,336,11,ALL,282
,HIAA80,90837,CPT4,549,11,,413
,REF,90837,CPT4,AK01,11,POS,225.83
,HIAA80,90837,CPT4,113,11,MEHMO,308
,HIAA80,90837,CPT4,454,11,EAP,179
,REF,90837,CPT4,AK01,11,TRICR,225.83
,HIAA80,90837,CPT4,833,11,MCARE,215
,HIAA80,90837,CPT4,454,11,MEPPO,179
,HIAA80,90837,CPT4,524,11,DPPO,200
,HIAA80,90837,CPT4,560,11,QPOS,259
,HIAA80,90837,CPT4,105,11,MHMO,367
,HIAA80,90837,CPT4,620,11,HMO,195
,HIAA80,90837,CPT4,328,11,MHMO,273
,HIAA80,90837,CPT4,293,11,MWC,154
,HIAA80,90837,CPT4,350,11,MC,164
,HIAA80,90837,CPT4,153,11,,179
,HIAA80,90837,CPT4,981,11,MCAID,230
,HIAA80,90837,CPT4,017,11,EAP,226
,HIAA80,90837,CPT4,233,11,EAP,251
,HIAA80,90837,CPT4,765,11,MEPPO,241
,HIAA80,90837,CPT4,768,11,QPOS,205
,HIAA80,90837,CPT4,411,11,VPHMO,204
,REF,90837,CPT4,AK01,11,EAP,204.5
,HIAA80,90837,CPT4,480,11,MEHMO,231
,HIAA80,90837,CPT4,493,11,MPPO,201
,HIAA80,90837,CPT4,840,11,MCAID,185
,HIAA80,90837,CPT4,833,11,POS,215
,REF,90837,CPT4,AK01,11,SLFIN,225.83
,HIAA80,90837,CPT4,336,11,MWC,282
,HIAA80,90837,CPT4,967,11,USACC,251
,HIAA80,90837,CPT4,226,11,MBH,233
,HIAA80,90837,CPT4,730,11,DHMO,179
,HIAA80,90837,CPT4,222,11,MEFFS,273
,HIAA80,90837,CPT4,801,11,MWC,274
,HIAA80,90837,CPT4,028,11,MHMO,195
,REF,90837,CPT4,AK01,11,TRICR,153.38
,HIAA80,90837,CPT4,363,11,HMOAVN,174
,HIAA80,90837,CPT4,801,11,MEPO,274
,HIAA80,90837,CPT4,067,11,QPOS,205
,HIAA80,90837,CPT4,890,11,HMOHRA,215
,HIAA80,90837,CPT4,716,11,HMOAVN,245
,HIAA80,90837,CPT4,212,11,SLFIN,184
,REF,90837,CPT4,AK01,11,MEPOS,204.5
,HIAA80,90837,CPT4,411,11,DPPO,204
,HIAA80,90837,CPT4,703,11,TC,154
,HIAA80,90837,CPT4,113,11,MC,308
,REF,90837,CPT4,AK01,11,DPPO,191.95
,HIAA80,90837,CPT4,922,11,EAP,256
,HIAA80,90837,CPT4,782,11,HMOHRA,241
,HIAA80,90837,CPT4,856,11,EAP,226
,REF,90837,CPT4,AK01,11,MEFFS,204.5
,HIAA80,90837,CPT4,280,11,MBH,251
,HIAA80,90837,CPT4,600,11,MEPPO,206
,HIAA80,90837,CPT4,339,11,MEHMO,337
,HIAA80,90837,CPT4,604,11,ALL,241
,HIAA80,90837,CPT4,293,11,TRICR,154
,HIAA80,90837,CPT4,943,11,MPPO,601
,HIAA80,90837,CPT4,232,11,MEPO,186
,HIAA80,90837,CPT4,974,11,TRICR,271
,HIAA80,90837,CPT4,800,11,HMOAVN,260
,HIAA80,90837,CPT4,006,11,MEFFS,180
,HIAA80,90837,CPT4,220,11,MPPO,231
,REF,90837,CPT4,AK01,11,MPPO,169.37
,HIAA80,90837,CPT4,773,11,MC,241
,REF,90837,CPT4,AK01,11,MEPPO,204.5
,HIAA80,90837,CPT4,708,11,MCAID,154
,REF,90837,CPT4,AK01,11,MEHMO,225.83
,HIAA80,90837,CPT4,606,11,ALL,207
,HIAA80,90837,CPT4,239,11,MBH,256
,HIAA80,90837,CPT4,710,11,MCARE,179
,HIAA80,90837,CPT4,995,11,TRICR,298
,HIAA80,90837,CPT4,750,11,ALL,236
,HIAA80,90837,CPT4,486,11,MPPO,215
,HIAA80,90837,CPT4,411,11,TC,204
,HIAA80,90837,CPT4,212,11,HMOAVN,184
,HIAA80,90837,CPT4,331,11,MEPO,358
,HIAA80,90837,CPT4,484,11,HMOAVN,251
,HIAA80,90837,CPT4,482,11,DHMO,231
,HIAA80,90837,CPT4,387,11,QPOS,205
,HIAA80,90837,CPT4,342,11,DPPO,268
,HIAA80,90837,CPT4,433,11,MEPPO,180
,HIAA80,90837,CPT4,541,11,HMOAVN,449
,HIAA80,90837,CPT4,344,11,MEHMO,265
,HIAA80,90837,CPT4,910,11,QPOS,256
,HIAA80,90837,CPT4,232,11,HMO,186
,HIAA80,90837,CPT4,147,11,TRICR,164
,HIAA80,90837,CPT4,230,11,SLFIN,204
,REF,90837,CPT4,AK01,11,MC,153.38
,HIAA80,90837,CPT4,855,11,USACC,275
,HIAA80,90837,CPT4,841,11,QPOS,185
,HIAA80,90837,CPT4,341,11,,302
,HIAA80,90837,CPT4,871,11,DPPO,230
,REF,90837,CPT4,AK01,11,HMOHRA,173.83
,HIAA80,90837,CPT4,600,11,MHMO,206
,HIAA80,90837,CPT4,850,11,NNHMO,251
,HIAA80,90837,CPT4,342,11,MEPO,268
,REF,90837,CPT4,AK01,11,MEPO,204.5
,HIAA80,90837,CPT4,200,11,DHMO,257
,HIAA80,90837,CPT4,352,11,MWC,179
,HIAA80,90837,CPT4,432,11,QPOS,283
,HIAA80,90837,CPT4,616,11,EAP,221
,HIAA80,90837,CPT4,024,11,MEPPO,256
,HIAA80,90837,CPT4,730,11,HMO,179
,HIAA80,90837,CPT4,851,11,SLFIN,226
,HIAA80,90837,CPT4,331,11,QPOS,358
,HIAA80,90837,CPT4,153,11,MCAID,179
,HIAA80,90837,CPT4,493,11,MC,201
,HIAA80,90837,CPT4,327,11,TRICR,199
,HIAA80,90837,CPT4,370,11,HMOAVN,193
,HIAA80,90837,CPT4,549,11,NNHMO,413
,HIAA80,90837,CPT4,105,11,MCARE,367
,HIAA80,90837,CPT4,360,11,NNHMO,172
,REF,90837,CPT4,AK01,11,SLFIN,173.83
,HIAA80,90837,CPT4,239,11,MEPOS,256
,REF,90837,CPT4,AK01,11,MCARE,204.5
,HIAA80,90837,CPT4,660,11,MEPO,185
,HIAA80,90837,CPT4,454,11,,179
,HIAA80,90837,CPT4,598,11,MCARE,195
,HIAA80,90837,CPT4,787,11,TRICR,273
,HIAA80,90837,CPT4,495,11,MC,205
,HIAA80,90837,CPT4,434,11,USACC,185
,HIAA80,90837,CPT4,294,11,ALL,231
,HIAA80,90837,CPT4,524,11,QPOS,200
,HIAA80,90837,CPT4,928,11,NNHMO,277
,REF,90837,CPT4,AK01,11,QPOS,169.37
,HIAA80,90837,CPT4,080,11,POS,226
,HIAA80,90837,CPT4,554,11,MPPO,251
,HIAA80,90837,CPT4,370,11,MCAID,193
,HIAA80,90837,CPT4,381,11,SLFIN,201
,HIAA80,90837,CPT4,546,11,,413
,HIAA80,90837,CPT4,086,11,NNHMO,261
,HIAA80,90837,CPT4,344,11,,265
,HIAA80,90837,CPT4,465,11,HMOHRA,190
,HIAA80,90837,CPT4,113,11,NNHMO,308
,HIAA80,90837,CPT4,460,11,SLFIN,205
,HIAA80,90837,CPT4,115,11,DPPO,352
,HIAA80,90837,CPT4,805,11,TRICR,274
,HIAA80,90837,CPT4,221,11,TRICR,205
,HIAA80,90837,CPT4,787,11,DHMO,273
,HIAA80,90837,CPT4,710,11,SLFIN,179
,REF,90837,CPT4,AK01,11,DPPO,225.83
,HIAA80,90837,CPT4,024,11,MEPOS,256
,HIAA80,90837,CPT4,224,11,TC,195
,HIAA80,90837,CPT4,432,11,MEHMO,283
,HIAA80,90837,CPT4,571,11,EAP,251
,HIAA80,90837,CPT4,612,11,MEPO,231
,HIAA80,90837,CPT4,856,11,MWC,226
,REF,90837,CPT4,AK01,11,EAP,173.83
,HIAA80,90837,CPT4,456,11,HMOAVN,212
,REF,90837,CPT4,AK01,11,,204.5
,REF,90837,CPT4,AK01,11,MEFFS,204.5
,HIAA80,90837,CPT4,598,11,MPPO,195
,HIAA80,90837,CPT4,190,11,MEPPO,205
,HIAA80,90837,CPT4,210,11,NNHMO,205
,HIAA80,90837,CPT4,995,11,MEPO,298
,REF,90837,CPT4,AK01,11,QPOS,204.5
,HIAA80,90837,CPT4,618,11,HMOAVN,211
,HIAA80,90837,CPT4,239,11,HMO,256
,HIAA80,90837,CPT4,920,11,MEPO,297
,HIAA80,90837,CPT4,327,11,MPPO,199
,HIAA80,90837,CPT4,787,11,MCAID,273
,HIAA80,90837,CPT4,287,11,QPOS,222
,HIAA80,90837,CPT4,454,11,SLFIN,179
,HIAA80,90837,CPT4,602,11,NNHMO,206
,HIAA80,90837,CPT4,458,11,USACC,196
,HIAA80,90837,CPT4,164,11,MEHMO,176
,HIAA80,90837,CPT4,620,11,MBH,195
,HIAA80,90837,CPT4,893,11,ALL,257
,HIAA80,90837,CPT4,652,11,HMOHRA,154
,REF,90837,CPT4,AK01,11,MHMO,204.5
,REF,90837,CPT4,AK01,11,MEPPO,169.37
,REF,90837,CPT4,AK01,11,MBH,204.5
,HIAA80,90837,CPT4,458,11,NNHMO,196
,HIAA80,90837,CPT4,878,11,HMOAVN,231
,HIAA80,90837,CPT4,295,11,MC,179
,HIAA80,90837,CPT4,940,11,HMOAVN,298
,HIAA80,90837,CPT4,612,11,MHMO,231
,HIAA80,90837,CPT4,660,11,SLFIN,185
,HIAA80,90837,CPT4,932,11,QPOS,251
,REF,90837,CPT4,AK01,11,MEFFS,204.5
,HIAA80,90837,CPT4,130,11,EAP,179
,HIAA80,90837,CPT4,773,11,MCARE,241
,HIAA80,90837,CPT4,328,11,TC,273
,HIAA80,90837,CPT4,762,11,MC,231
,HIAA80,90837,CPT4,190,11,MC,205
,HIAA80,90837,CPT4,496,11,MCARE,215
,HIAA80,90837,CPT4,360,11,DPPO,172
,HIAA80,90837,CPT4,936,11,ALL,205
,HIAA80,90837,CPT4,293,11,MEPPO,154
,HIAA80,90837,CPT4,773,11,EAP,241
,REF,90837,CPT4,AK01,11,QPOS,153.38
,HIAA80,90837,CPT4,768,11,MEPPO,205
,HIAA80,90837,CPT4,260,11,MEPO,226
,HIAA80,90837,CPT4,490,11,DHMO,206
,HIAA80,90837,CPT4,420,11,POS,164
,HIAA80,90837,CPT4,475,11,MHMO,293
,HIAA80,90837,CPT4,044,11,TC,184
,REF,90837,CPT4,AK01,11,DHMO,225.83
,HIAA80,90837,CPT4,981,11,HMOAVN,230
,REF,90837,CPT4,AK01,11,DHMO,204.5
,HIAA80,90837,CPT4,616,11,TC,221
,REF,90837,CPT4,AK01,11,,204.5
,HIAA80,90837,CPT4,113,11,SLFIN,308
,HIAA80,90837,CPT4,775,11,MEHMO,205
,HIAA80,90837,CPT4,871,11,MCAID,230
,HIAA80,90837,CPT4,488,11,POS,226
,HIAA80,90837,CPT4,403,11,MEFFS,205
,HIAA80,90837,CPT4,768,11,MEFFS,205
,HIAA80,90837,CPT4,044,11,MEPPO,184
,REF,90837,CPT4,AK01,11,TC,225.83
,HIAA80,90837,CPT4,995,11,TC,298
,HIAA80,90837,CPT4,065,11,HMO,205
,HIAA80,90837,CPT4,280,11,MCARE,251
,HIAA80,90837,CPT4,855,11,HMO,275
,HIAA80,90837,CPT4,922,11,VPHMO,256
,HIAA80,90837,CPT4,372,11,EAP,277
,HIAA80,90837,CPT4,224,11,MHMO,195
,REF,90837,CPT4,AK01,11,DHMO,191.95
,HIAA80,90837,CPT4,922,11,TC,256
,HIAA80,90837,CPT4,293,11,MHMO,154
,HIAA80,90837,CPT4,394,11,ALL,205
,HIAA80,90837,CPT4,571,11,MEFFS,251
,HIAA80,90837,CPT4,890,11,ALL,215
,HIAA80,90837,CPT4,591,11,EAP,205
,HIAA80,90837,CPT4,387,11,HMOHRA,205
,HIAA80,90837,CPT4,066,11,EAP,225
,REF,90837,CPT4,AK01,11,TC,191.95
,HIAA80,90837,CPT4,335,11,MC,284
,HIAA80,90837,CPT4,820,11,TRICR,256
,HIAA80,90837,CPT4,420,11,MEPPO,164
,HIAA80,90837,CPT4,433,11,ALL,180
,HIAA80,90837,CPT4,590,11,MEFFS,190
,HIAA80,90837,CPT4,115,11,,352
,HIAA80,90837,CPT4,550,11,MPPO,257
,HIAA80,90837,CPT4,105,11,MCAID,367
,HIAA80,90837,CPT4,280,11,MWC,251
,HIAA80,90837,CPT4,551,11,VPHMO,251
,HIAA80,90837,CPT4,550,11,DPPO,257
,HIAA80,90837,CPT4,774,11,,230
,REF,90837,CPT4,AK01,11,QPOS,225.83
,HIAA80,90837,CPT4,490,11,MWC,206
,HIAA80,90837,CPT4,212,11,QPOS,184
,HIAA80,90837,CPT4,598,11,HMO,195
,HIAA80,90837,CPT4,945,11,POS,274
,HIAA80,90837,CPT4,700,11,MCAID,156
,HIAA80,90837,CPT4,335,11,MEPOS,284
,REF,90837,CPT4,AK01,11,DPPO,204.5
,HIAA80,90837,CPT4,853,11,MPPO,241
,HIAA80,90837,CPT4,853,11,MCARE,241
,HIAA80,90837,CPT4,490,11,EAP,206
,HIAA80,90837,CPT4,230,11,DPPO,204
,REF,90837,CPT4,AK01,11,MEFFS,204.5
,HIAA80,90837,CPT4,480,11,MWC,231
,HIAA80,90837,CPT4,531,11,SLFIN,288
,HIAA80,90837,CPT4,703,11,QPOS,154
,HIAA80,90837,CPT4,570,11,HMOAVN,231
,HIAA80,90837,CPT4,275,11,MPPO,241
,HIAA80,90837,CPT4,296,11,MCARE,185
,REF,90837,CPT4,AK01,11,MHMO,173.83
,HIAA80,90837,CPT4,298,11,TC,257
,HIAA80,90837,CPT4,013,11,VPHMO,215
,HIAA80,90837,CPT4,441,11,MWC,257
,HIAA80,90837,CPT4,220,11,MEFFS,231
,HIAA80,90837,CPT4,840,11,VPHMO,185
,HIAA80,90837,CPT4,402,11,MC,205
,HIAA80,90837,CPT4,553,11,MPPO,253
,REF,90837,CPT4,AK01,11,MCARE,153.38
,HIAA80,90837,CPT4,995,11,USACC,298
,HIAA80,90837,CPT4,701,11,MC,184
,HIAA80,90837,CPT4,278,11,USACC,246
,HIAA80,90837,CPT4,327,11,,199
,HIAA80,90837,CPT4,666,11,MWC,206
,HIAA80,90837,CPT4,463,11,SLFIN,232
,HIAA80,90837,CPT4,974,11,HMOHRA,271
,HIAA80,90837,CPT4,800,11,MCAID,260
,HIAA80,90837,CPT4,224,11,DHMO,195
,HIAA80,90837,CPT4,850,11,TC,251
,HIAA80,90837,CPT4,943,11,MC,601
,HIAA80,90837,CPT4,440,11,,216
,HIAA80,90837,CPT4,553,11,MBH,253
,HIAA80,90837,CPT4,483,11,HMOAVN,232
,HIAA80,90837,CPT4,484,11,MEPPO,251
,HIAA80,90837,CPT4,530,11,DHMO,288
,HIAA80,90837,CPT4,701,11,MEPO,184
,HIAA80,90837,CPT4,730,11,MCARE,179
,HIAA80,90837,CPT4,598,11,EAP,195
,HIAA80,90837,CPT4,434,11,MCAID,185
,HIAA80,90837,CPT4,770,11,TC,352
,HIAA80,90837,CPT4,201,11,MEPPO,273
,HIAA80,90837,CPT4,208,11,NNHMO,273
,REF,90837,CPT4,AK01,11,MCARE,204.5
,HIAA80,90837,CPT4,296,11,TC,185
,HIAA80,90837,CPT4,871,11,MEPO,230
,HIAA80,90837,CPT4,130,11,MEPOS,179
,HIAA80,90837,CPT4,922,11,MEFFS,256
,HIAA80,90837,CPT4,164,11,MEPOS,176
,HIAA80,90837,CPT4,260,11,MBH,226
,HIAA80,90837,CPT4,088,11,HMOAVN,206
,HIAA80,90837,CPT4,470,11,MEFFS,176
,HIAA80,90837,CPT4,275,11,POS,241
,HIAA80,90837,CPT4,387,11,MEPO,205
,HIAA80,90837,CPT4,840,11,MEPPO,185
,HIAA80,90837,CPT4,388,11,HMO,205
,HIAA80,90837,CPT4,631,11,SLFIN,185
,REF,90837,CPT4,AK01,11,HMOAVN,169.37
,HIAA80,90837,CPT4,928,11,MEFFS,277
,HIAA80,90837,CPT4,470,11,MBH,176
,HIAA80,90837,CPT4,280,11,DHMO,251
,HIAA80,90837,CPT4,339,11,MPPO,337
,HIAA80,90837,CPT4,066,11,MEHMO,225
,HIAA80,90837,CPT4,352,11,TC,179
,HIAA80,90837,CPT4,535,11,MBH,247
,HIAA80,90837,CPT4,360,11,MEFFS,172
,HIAA80,90837,CPT4,105,11,DHMO,367
,HIAA80,90837,CPT4,647,11,QPOS,200
,HIAA80,90837,CPT4,066,11,MEPOS,225
,HIAA80,90837,CPT4,352,11,NNHMO,179
,HIAA80,90837,CPT4,220,11,POS,231
,HIAA80,90837,CPT4,652,11,,154
,HIAA80,90837,CPT4,115,11,MEPO,352
,HIAA80,90837,CPT4,484,11,MEPO,251
,HIAA80,90837,CPT4,703,11,HMOHRA,154
,HIAA80,90837,CPT4,871,11,MC,230
,HIAA80,90837,CPT4,300,11,MEPO,226
,HIAA80,90837,CPT4,840,11,USACC,185
,HIAA80,90837,CPT4,086,11,MWC,261
,HIAA80,90837,CPT4,450,11,HMO,231
,HIAA80,90837,CPT4,080,11,MCARE,226
,REF,90837,CPT4,AK01,11,MEPPO,191.95
,HIAA80,90837,CPT4,295,11,DHMO,179
,REF,90837,CPT4,AK01,11,MEHMO,169.37
,HIAA80,90837,CPT4,085,11,MEPO,368
,HIAA80,90837,CPT4,433,11,MCARE,180
,REF,90837,CPT4,AK01,11,QPOS,225.83
,HIAA80,90837,CPT4,775,11,MEFFS,205
,HIAA80,90837,CPT4,850,11,EAP,251
,HIAA80,90837,CPT4,708,11,USACC,154
,HIAA80,90837,CPT4,530,11,HMOAVN,288
,HIAA80,90837,CPT4,730,11,VPHMO,179
,HIAA80,90837,CPT4,436,11,DPPO,185
,HIAA80,90837,CPT4,470,11,VPHMO,176
,HIAA80,90837,CPT4,601,11,MEHMO,216
,HIAA80,90837,CPT4,403,11,DPPO,205
,HIAA80,90837,CPT4,441,11,QPOS,257
,HIAA80,90837,CPT4,294,11,HMOAVN,231
,HIAA80,90837,CPT4,344,11,HMOAVN,265
,HIAA80,90837,CPT4,760,11,MWC,225
,REF,90837,CPT4,AK01,11,HMOAVN,204.5
,HIAA80,90837,CPT4,559,11,NNHMO,256
,HIAA80,90837,CPT4,495,11,MEPO,205
,HIAA80,90837,CPT4,339,11,DHMO,337
,HIAA80,90837,CPT4,660,11,MCARE,185
,REF,90837,CPT4,AK01,11,MC,204.5
,HIAA80,90837,CPT4,067,11,MEPOS,205
,HIAA80,90837,CPT4,580,11,POS,334
,HIAA80,90837,CPT4,064,11,MCAID,201
,HIAA80,90837,CPT4,239,11,NNHMO,256
,HIAA80,90837,CPT4,336,11,MC,282
,HIAA80,90837,CPT4,331,11,MEFFS,358
,HIAA80,90837,CPT4,458,11,,196
,HIAA80,90837,CPT4,563,11,MC,258
,HIAA80,90837,CPT4,278,11,NNHMO,246
,HIAA80,90837,CPT4,113,11,EAP,308
,HIAA80,90837,CPT4,774,11,DPPO,230
,HIAA80,90837,CPT4,140,11,DPPO,201
,HIAA80,90837,CPT4,620,11,HMOAVN,195
,HIAA80,90837,CPT4,402,11,,205
,HIAA80,90837,CPT4,945,11,MEPOS,274
,HIAA80,90837,CPT4,341,11,VPHMO,302
,HIAA80,90837,CPT4,701,11,POS,184
,HIAA80,90837,CPT4,748,11,POS,205
,HIAA80,90837,CPT4,275,11,,241
,HIAA80,90837,CPT4,066,11,DPPO,225
,HIAA80,90837,CPT4,560,11,HMO,259
,REF,90837,CPT4,AK01,11,EAP,204.5
,HIAA80,90837,CPT4,805,11,DHMO,274
,HIAA80,90837,CPT4,100,11,NNHMO,364
,HIAA80,90837,CPT4,280,11,MEPOS,251
,REF,90837,CPT4,AK01,11,TC,204.5
,HIAA80,90837,CPT4,590,11,HMOAVN,190
,HIAA80,90837,CPT4,554,11,MC,251
,REF,90837,CPT4,AK01,11,HMO,225.83
,REF,90837,CPT4,AK01,11,MWC,204.5
,HIAA80,90837,CPT4,551,11,MHMO,251
,HIAA80,90837,CPT4,452,11,MC,180
,HIAA80,90837,CPT4,442,11,MWC,186
,HIAA80,90837,CPT4,770,11,ALL,352
,HIAA80,90837,CPT4,871,11,HMOAVN,230
,HIAA80,90837,CPT4,224,11,EAP,195
,HIAA80,90837,CPT4,327,11,MEPPO,199
,HIAA80,90837,CPT4,631,11,MWC,185
,HIAA80,90837,CPT4,549,11,MC,413
,HIAA80,90837,CPT4,226,11,DHMO,233
,HIAA80,90837,CPT4,921,11,HMOAVN,257
,HIAA80,90837,CPT4,482,11,MEPPO,231
,HIAA80,90837,CPT4,403,11,MEPO,205
,HIAA80,90837,CPT4,080,11,MEPOS,226
,HIAA80,90837,CPT4,220,11,HMOAVN,231
,REF,90837,CPT4,AK01,11,TRICR,204.5
,HIAA80,90837,CPT4,115,11,POS,352
,HIAA80,90837,CPT4,242,11,HMO,210
,HIAA80,90837,CPT4,616,11,DHMO,221
,REF,90837,CPT4,AK01,11,MCAID,191.95
,HIAA80,90837,CPT4,871,11,NNHMO,230
,HIAA80,90837,CPT4,571,11,MCAID,251
,HIAA80,90837,CPT4,470,11,USACC,176
,HIAA80,90837,CPT4,313,11,MWC,205
,HIAA80,90837,CPT4,878,11,USACC,231
,HIAA80,90837,CPT4,336,11,VPHMO,282
,HIAA80,90837,CPT4,388,11,MC,205
,HIAA80,90837,CPT4,469,11,EAP,205
,HIAA80,90837,CPT4,327,11,HMOAVN,199
,HIAA80,90837,CPT4,762,11,HMO,231
,HIAA80,90837,CPT4,652,11,USACC,154
,HIAA80,90837,CPT4,278,11,MEPO,246
,HIAA80,90837,CPT4,787,11,MEPOS,273
,REF,90837,CPT4,AK01,11,EAP,204.5
,HIAA80,90837,CPT4,342,11,MEHMO,268
,HIAA80,90837,CPT4,700,11,DPPO,156
,HIAA80,90837,CPT4,480,11,MBH,231
,HIAA80,90837,CPT4,921,11,HMO,257
,REF,90837,CPT4,AK01,11,ALL,153.38
,HIAA80,90837,CPT4,855,11,HMOHRA,275
,HIAA80,90837,CPT4,430,11,,231
,HIAA80,90837,CPT4,433,11,TC,180
,HIAA80,90837,CPT4,152,11,MEFFS,180
,HIAA80,90837,CPT4,372,11,HMO,277
,HIAA80,90837,CPT4,541,11,POS,449
,HIAA80,90837,CPT4,981,11,TRICR,230
,HIAA80,90837,CPT4,701,11,TRICR,184
,HIAA80,90837,CPT4,856,11,TRICR,226
,HIAA80,90837,CPT4,444,11,EAP,200
,HIAA80,90837,CPT4,496,11,MBH,215
,HIAA80,90837,CPT4,498,11,ALL,205
,HIAA80,90837,CPT4,153,11,DHMO,179
,REF,90837,CPT4,AK01,11,HMOAVN,191.95
,HIAA80,90837,CPT4,210,11,MEFFS,205
,HIAA80,90837,CPT4,602,11,MPPO,206
,HIAA80,90837,CPT4,551,11,ALL,251
,REF,90837,CPT4,AK01,11,NNHMO,169.37
,HIAA80,90837,CPT4,773,11,NNHMO,241
,HIAA80,90837,CPT4,436,11,MPPO,185
,HIAA80,90837,CPT4,295,11,TC,179
,HIAA80,90837,CPT4,463,11,HMOHRA,232
,HIAA80,90837,CPT4,801,11,HMOHRA,274
,HIAA80,90837,CPT4,462,11,ALL,222
,HIAA80,90837,CPT4,553,11,MC,253
,HIAA80,90837,CPT4,922,11,MEPPO,256
,HIAA80,90837,CPT4,787,11,SLFIN,273
,HIAA80,90837,CPT4,913,11,DHMO,276
,HIAA80,90837,CPT4,465,11,MEPO,190
,HIAA80,90837,CPT4,545,11,QPOS,262
,HIAA80,90837,CPT4,360,11,MEPO,172
,HIAA80,90837,CPT4,531,11,MCARE,288
,HIAA80,90837,CPT4,242,11,MHMO,210
,HIAA80,90837,CPT4,544,11,DHMO,257
,HIAA80,90837,CPT4,190,11,MEPO,205
,HIAA80,90837,CPT4,164,11,MEPPO,176
,HIAA80,90837,CPT4,330,11,USACC,273
,HIAA80,90837,CPT4,939,11,TRICR,231
,HIAA80,90837,CPT4,220,11,NNHMO,231
,HIAA80,90837,CPT4,871,11,VPHMO,230
,HIAA80,90837,CPT4,331,11,HMOHRA,358
,HIAA80,90837,CPT4,762,11,MEHMO,231
,HIAA80,90837,CPT4,064,11,SLFIN,201
,HIAA80,90837,CPT4,113,11,MPPO,308
,HIAA80,90837,CPT4,339,11,MC,337
,HIAA80,90837,CPT4,190,11,HMOAVN,205
,HIAA80,90837,CPT4,551,11,QPOS,251
,HIAA80,90837,CPT4,328,11,MBH,273
,REF,90837,CPT4,AK01,11,,169.37
,HIAA80,90837,CPT4,331,11,,358
,HIAA80,90837,CPT4,432,11,MHMO,283
,REF,90837,CPT4,AK01,11,HMOAVN,204.5
,REF,90837,CPT4,AK01,11,HMO,204.5
,HIAA80,90837,CPT4,462,11,USACC,222
,HIAA80,90837,CPT4,871,11,TC,230
,HIAA80,90837,CPT4,153,11,MHMO,179
,HIAA80,90837,CPT4,662,11,VPHMO,205
,HIAA80,90837,CPT4,352,11,DPPO,179
,HIAA80,90837,CPT4,328,11,MWC,273
,REF,90837,CPT4,AK01,11,MEPO,225.83
,HIAA80,90837,CPT4,496,11,HMOAVN,215
,HIAA80,90837,CPT4,275,11,VPHMO,241
,HIAA80,90837,CPT4,239,11,POS,256
,REF,90837,CPT4,AK01,11,MEPO,204.5
,HIAA80,90837,CPT4,226,11,MEPOS,233
,HIAA80,90837,CPT4,212,11,NNHMO,184
,HIAA80,90837,CPT4,570,11,SLFIN,231
,HIAA80,90837,CPT4,768,11,DHMO,205
,HIAA80,90837,CPT4,450,11,ALL,231
,HIAA80,90837,CPT4,458,11,POS,196
,HIAA80,90837,CPT4,013,11,MC,215
,HIAA80,90837,CPT4,070,11,EAP,301
,HIAA80,90837,CPT4,293,11,VPHMO,154
,HIAA80,90837,CPT4,363,11,MEPO,174
,HIAA80,90837,CPT4,330,11,MCAID,273
,HIAA80,90837,CPT4,230,11,QPOS,204
,REF,90837,CPT4,AK01,11,MC,191.95
,HIAA80,90837,CPT4,559,11,VPHMO,256
,HIAA80,90837,CPT4,224,11,POS,195
,HIAA80,90837,CPT4,017,11,VPHMO,226
,HIAA80,90837,CPT4,602,11,HMOHRA,206
,HIAA80,90837,CPT4,800,11,TRICR,260
,HIAA80,90837,CPT4,488,11,MEPPO,226
,HIAA80,90837,CPT4,773,11,QPOS,241
,HIAA80,90837,CPT4,230,11,MEHMO,204
,HIAA80,90837,CPT4,782,11,,241
,HIAA80,90837,CPT4,407,11,MBH,211
,HIAA80,90837,CPT4,996,11,ALL,266
,HIAA80,90837,CPT4,437,11,MCARE,205
,HIAA80,90837,CPT4,549,11,MEHMO,413
,HIAA80,90837,CPT4,441,11,MCAID,257
,REF,90837,CPT4,AK01,11,MEFFS,169.37
,HIAA80,90837,CPT4,100,11,DHMO,364
,HIAA80,90837,CPT4,647,11,MPPO,200
,HIAA80,90837,CPT4,064,11,NNHMO,201
,HIAA80,90837,CPT4,038,11,HMOAVN,201
,REF,90837,CPT4,AK01,11,MPPO,191.95
,HIAA80,90837,CPT4,086,11,MEFFS,261
,HIAA80,90837,CPT4,100,11,MCAID,364
,REF,90837,CPT4,AK01,11,MPPO,225.83
,HIAA80,90837,CPT4,856,11,MEFFS,226
,REF,90837,CPT4,AK01,11,NNHMO,173.83
,HIAA80,90837,CPT4,482,11,MWC,231
,HIAA80,90837,CPT4,208,11,VPHMO,273
,HIAA80,90837,CPT4,294,11,TC,231
,HIAA80,90837,CPT4,164,11,DPPO,176
,HIAA80,90837,CPT4,481,11,,231
,HIAA80,90837,CPT4,233,11,HMOHRA,251
,HIAA80,90837,CPT4,563,11,HMOHRA,258
,HIAA80,90837,CPT4,928,11,HMOHRA,277
,HIAA80,90837,CPT4,226,11,NNHMO,233
,REF,90837,CPT4,AK01,11,MEPOS,225.83
,HIAA80,90837,CPT4,335,11,MWC,284
,HIAA80,90837,CPT4,765,11,MCAID,241
,HIAA80,90837,CPT4,660,11,DHMO,185
,HIAA80,90837,CPT4,454,11,VPHMO,179
,REF,90837,CPT4,AK01,11,TC,204.5
,HIAA80,90837,CPT4,731,11,MEPO,194
,HIAA80,90837,CPT4,770,11,HMOHRA,352
,HIAA80,90837,CPT4,339,11,MEFFS,337
,REF,90837,CPT4,AK01,11,SLFIN,169.37
,REF,90837,CPT4,AK01,11,MC,153.38
,HIAA80,90837,CPT4,537,11,QPOS,251
,HIAA80,90837,CPT4,856,11,HMOAVN,226
,HIAA80,90837,CPT4,498,11,MEPOS,205
,HIAA80,90837,CPT4,936,11,DPPO,205
,HIAA80,90837,CPT4,021,11,QPOS,276
,HIAA80,90837,CPT4,210,11,MPPO,205
,HIAA80,90837,CPT4,062,11,MEPPO,201
,HIAA80,90837,CPT4,164,11,HMO,176
,HIAA80,90837,CPT4,280,11,USACC,251
,REF,90837,CPT4,AK01,11,EAP,225.83
,HIAA80,90837,CPT4,541,11,MEPPO,449
,HIAA80,90837,CPT4,232,11,TRICR,186
,HIAA80,90837,CPT4,088,11,MPPO,206
,HIAA80,90837,CPT4,153,11,POS,179
,HIAA80,90837,CPT4,945,11,ALL,274
,HIAA80,90837,CPT4,150,11,HMOHRA,185
,HIAA80,90837,CPT4,330,11,NNHMO,273
,HIAA80,90837,CPT4,388,11,MBH,205
,HIAA80,90837,CPT4,341,11,HMO,302
,HIAA80,90837,CPT4,208,11,EAP,273
,HIAA80,90837,CPT4,765,11,USACC,241
,HIAA80,90837,CPT4,434,11,MBH,185
,HIAA80,90837,CPT4,293,11,HMOAVN,154
,HIAA80,90837,CPT4,077,11,MC,205
,HIAA80,90837,CPT4,928,11,QPOS,277
,HIAA80,90837,CPT4,559,11,MBH,256
,HIAA80,90837,CPT4,381,11,MBH,201
,HIAA80,90837,CPT4,469,11,TRICR,205
,HIAA80,90837,CPT4,540,11,MBH,257
,HIAA80,90837,CPT4,448,11,HMO,175
,HIAA80,90837,CPT4,488,11,MEPO,226
,HIAA80,90837,CPT4,954,11,SLFIN,205
,HIAA80,90837,CPT4,498,11,USACC,205
,REF,90837,CPT4,AK01,11,MCARE,204.5
,HIAA80,90837,CPT4,140,11,MCAID,201
,HIAA80,90837,CPT4,945,11,TRICR,274
,HIAA80,90837,CPT4,152,11,TRICR,180
,HIAA80,90837,CPT4,460,11,EAP,205
,HIAA80,90837,CPT4,230,11,POS,204
,HIAA80,90837,CPT4,282,11,HMOAVN,251
,HIAA80,90837,CPT4,432,11,MCAID,283
,HIAA80,90837,CPT4,232,11,,186
,HIAA80,90837,CPT4,327,11,MCAID,199
,HIAA80,90837,CPT4,700,11,EAP,156
,HIAA80,90837,CPT4,441,11,HMOAVN,257
,HIAA80,90837,CPT4,352,11,HMOHRA,179
,HIAA80,90837,CPT4,498,11,MHMO,205
,HIAA80,90837,CPT4,142,11,MWC,204
,HIAA80,90837,CPT4,453,11,DHMO,205
,REF,90837,CPT4,AK01,11,MEPO,153.38
,HIAA80,90837,CPT4,454,11,MCARE,179
,HIAA80,90837,CPT4,532,11,ALL,287
,HIAA80,90837,CPT4,100,11,EAP,364
,HIAA80,90837,CPT4,432,11,TRICR,283
,HIAA80,90837,CPT4,871,11,HMO,230
,HIAA80,90837,CPT4,855,11,MPPO,275
,HIAA80,90837,CPT4,292,11,MEPOS,189
,HIAA80,90837,CPT4,837,11,MBH,205
,HIAA80,90837,CPT4,215,11,MCARE,200
,HIAA80,90837,CPT4,467,11,EAP,180
,HIAA80,90837,CPT4,433,11,MEFFS,180
,HIAA80,90837,CPT4,402,11,MCAID,205
,HIAA80,90837,CPT4,330,11,MWC,273
,HIAA80,90837,CPT4,292,11,TC,189
,HIAA80,90837,CPT4,943,11,,601
,HIAA80,90837,CPT4,716,11,DHMO,245
,HIAA80,90837,CPT4,328,11,SLFIN,273
,REF,90837,CPT4,AK01,11,MWC,204.5
,REF,90837,CPT4,AK01,11,EAP,225.83
,HIAA80,90837,CPT4,430,11,MCARE,231
,HIAA80,90837,CPT4,050,11,MEHMO,174
,HIAA80,90837,CPT4,115,11,EAP,352
,HIAA80,90837,CPT4,100,11,MEPPO,364
,HIAA80,90837,CPT4,339,11,,337
,HIAA80,90837,CPT4,021,11,MCAID,276
,REF,90837,CPT4,AK01,11,MHMO,191.95
,HIAA80,90837,CPT4,331,11,USACC,358
,REF,90837,CPT4,AK01,11,DPPO,169.37
,HIAA80,90837,CPT4,716,11,MEFFS,245
,REF,90837,CPT4,AK01,11,MEFFS,153.38
,REF,90837,CPT4,AK01,11,ALL,153.38
,HIAA80,90837,CPT4,363,11,DHMO,174
,HIAA80,90837,CPT4,282,11,MEHMO,251
,HIAA80,90837,CPT4,360,11,MPPO,172
,HIAA80,90837,CPT4,420,11,MHMO,164
,REF,90837,CPT4,AK01,11,EAP,204.5
,HIAA80,90837,CPT4,765,11,EAP,241
,HIAA80,90837,CPT4,545,11,MEPPO,262
,HIAA80,90837,CPT4,142,11,SLFIN,204
,HIAA80,90837,CPT4,524,11,,200
,REF,90837,CPT4,AK01,11,POS,204.5
,HIAA80,90837,CPT4,622,11,EAP,190
,HIAA80,90837,CPT4,996,11,MEPPO,266
,HIAA80,90837,CPT4,240,11,HMOHRA,189
,HIAA80,90837,CPT4,922,11,,256
,HIAA80,90837,CPT4,458,11,HMO,196
,HIAA80,90837,CPT4,070,11,MCARE,301
,HIAA80,90837,CPT4,545,11,NNHMO,262
,HIAA80,90837,CPT4,878,11,TRICR,231
,HIAA80,90837,CPT4,292,11,MEPPO,189
,HIAA80,90837,CPT4,147,11,EAP,164
,HIAA80,90837,CPT4,372,11,HMOAVN,277
,HIAA80,90837,CPT4,943,11,TC,601
,HIAA80,90837,CPT4,295,11,MEPPO,179
,HIAA80,90837,CPT4,062,11,TC,201
,HIAA80,90837,CPT4,782,11,HMOAVN,241
,HIAA80,90837,CPT4,341,11,TRICR,302
,HIAA80,90837,CPT4,782,11,MWC,241
,HIAA80,90837,CPT4,482,11,POS,231
,HIAA80,90837,CPT4,282,11,TC,251
,HIAA80,90837,CPT4,341,11,MEPO,302
,HIAA80,90837,CPT4,967,11,DPPO,251
,HIAA80,90837,CPT4,570,11,MEHMO,231
,HIAA80,90837,CPT4,462,11,,222
,REF,90837,CPT4,AK01,11,EAP,169.37
,HIAA80,90837,CPT4,483,11,ALL,232
,HIAA80,90837,CPT4,313,11,NNHMO,205
,REF,90837,CPT4,AK01,11,MBH,153.38
,HIAA80,90837,CPT4,210,11,TC,205
,HIAA80,90837,CPT4,981,11,MBH,230
,HIAA80,90837,CPT4,531,11,POS,288
,HIAA80,90837,CPT4,190,11,MPPO,205
,HIAA80,90837,CPT4,111,11,MHMO,256
,HIAA80,90837,CPT4,147,11,HMO,164
,HIAA80,90837,CPT4,703,11,SLFIN,154
,HIAA80,90837,CPT4,954,11,MEPOS,205
,REF,90837,CPT4,AK01,11,POS,191.95
,REF,90837,CPT4,AK01,11,MEPO,225.83
,HIAA80,90837,CPT4,571,11,MEPOS,251
,HIAA80,90837,CPT4,442,11,EAP,186
,HIAA80,90837,CPT4,841,11,MCAID,185
,HIAA80,90837,CPT4,453,11,NNHMO,205
,REF,90837,CPT4,AK01,11,MCAID,173.83
,HIAA80,90837,CPT4,100,11,SLFIN,364
,HIAA80,90837,CPT4,292,11,DHMO,189
,HIAA80,90837,CPT4,300,11,HMOHRA,226
,HIAA80,90837,CPT4,580,11,VPHMO,334
,HIAA80,90837,CPT4,370,11,MBH,193
,HIAA80,90837,CPT4,805,11,,274
,HIAA80,90837,CPT4,765,11,TC,241
,HIAA80,90837,CPT4,278,11,HMOAVN,246
,HIAA80,90837,CPT4,388,11,HMOAVN,205
,HIAA80,90837,CPT4,330,11,MPPO,273
,HIAA80,90837,CPT4,331,11,ALL,358
,HIAA80,90837,CPT4,561,11,POS,302
,HIAA80,90837,CPT4,855,11,TRICR,275
,HIAA80,90837,CPT4,871,11,,230
,HIAA80,90837,CPT4,290,11,HMOHRA,164
,HIAA80,90837,CPT4,483,11,MEHMO,232
,HIAA80,90837,CPT4,540,11,TRICR,257
,REF,90837,CPT4,AK01,11,ALL,173.83
,HIAA80,90837,CPT4,387,11,,205
,HIAA80,90837,CPT4,064,11,HMOHRA,201
,HIAA80,90837,CPT4,833,11,MHMO,215
,HIAA80,90837,CPT4,522,11,MCARE,231
,REF,90837,CPT4,AK01,11,HMO,173.83
,REF,90837,CPT4,AK01,11,POS,153.38
,HIAA80,90837,CPT4,750,11,TRICR,236
,HIAA80,90837,CPT4,446,11,HMOHRA,181
,HIAA80,90837,CPT4,853,11,MEPO,241
,HIAA80,90837,CPT4,100,11,MCARE,364
,HIAA80,90837,CPT4,622,11,MBH,190
,HIAA80,90837,CPT4,910,11,DHMO,256
,HIAA80,90837,CPT4,669,11,USACC,201
,HIAA80,90837,CPT4,700,11,MCARE,156
,HIAA80,90837,CPT4,200,11,HMOAVN,257
,HIAA80,90837,CPT4,454,11,QPOS,179
,HIAA80,90837,CPT4,622,11,USACC,190
,HIAA80,90837,CPT4,142,11,QPOS,204
,HIAA80,90837,CPT4,853,11,DHMO,241
,HIAA80,90837,CPT4,450,11,MPPO,231
,HIAA80,90837,CPT4,342,11,MCAID,268
,HIAA80,90837,CPT4,336,11,NNHMO,282
,HIAA80,90837,CPT4,580,11,NNHMO,334
,HIAA80,90837,CPT4,220,11,MHMO,231
,HIAA80,90837,CPT4,200,11,HMOHRA,257
,REF,90837,CPT4,AK01,11,MC,169.37
,HIAA80,90837,CPT4,662,11,MCAID,205
,HIAA80,90837,CPT4,495,11,ALL,205
,HIAA80,90837,CPT4,452,11,ALL,180
,HIAA80,90837,CPT4,591,11,MC,205
,HIAA80,90837,CPT4,546,11,HMO,413
,HIAA80,90837,CPT4,463,11,MPPO,232
,HIAA80,90837,CPT4,598,11,QPOS,195
,HIAA80,90837,CPT4,275,11,MEPOS,241
,REF,90837,CPT4,AK01,11,MEFFS,169.37
,HIAA80,90837,CPT4,890,11,DPPO,215
,HIAA80,90837,CPT4,077,11,MEPO,205
,HIAA80,90837,CPT4,152,11,QPOS,180
,HIAA80,90837,CPT4,481,11,QPOS,231
,HIAA80,90837,CPT4,591,11,MCARE,205
,HIAA80,90837,CPT4,363,11,ALL,174
,HIAA80,90837,CPT4,531,11,MCAID,288
,HIAA80,90837,CPT4,152,11,MCARE,180
,HIAA80,90837,CPT4,342,11,MCARE,268
,REF,90837,CPT4,AK01,11,MWC,153.38
,HIAA80,90837,CPT4,432,11,,283
,HIAA80,90837,CPT4,612,11,MEPPO,231
,HIAA80,90837,CPT4,430,11,USACC,231
,HIAA80,90837,CPT4,190,11,TC,205
,HIAA80,90837,CPT4,954,11,DHMO,205
,HIAA80,90837,CPT4,370,11,NNHMO,193
,HIAA80,90837,CPT4,372,11,DPPO,277
,HIAA80,90837,CPT4,731,11,MC,194
,REF,90837,CPT4,AK01,11,TC,204.5
,HIAA80,90837,CPT4,147,11,NNHMO,164
,HIAA80,90837,CPT4,475,11,MWC,293
,HIAA80,90837,CPT4,282,11,ALL,251
,HIAA80,90837,CPT4,486,11,MCARE,215
,HIAA80,90837,CPT4,855,11,MC,275
,HIAA80,90837,CPT4,458,11,TC,196
,HIAA80,90837,CPT4,335,11,MCARE,284
,HIAA80,90837,CPT4,631,11,EAP,185
,HIAA80,90837,CPT4,855,11,MEPOS,275
,HIAA80,90837,CPT4,304,11,MPPO,249
,HIAA80,90837,CPT4,224,11,NNHMO,195
,HIAA80,90837,CPT4,662,11,MCARE,205
,HIAA80,90837,CPT4,531,11,DPPO,288
,HIAA80,90837,CPT4,339,11,MBH,337
,HIAA80,90837,CPT4,750,11,MEPPO,236
,HIAA80,90837,CPT4,200,11,MCAID,257
,HIAA80,90837,CPT4,752,11,MCARE,220
,HIAA80,90837,CPT4,463,11,MC,232
,HIAA80,90837,CPT4,065,11,TRICR,205
,REF,90837,CPT4,AK01,11,HMOHRA,153.38
,HIAA80,90837,CPT4,028,11,MWC,195
,HIAA80,90837,CPT4,115,11,HMOAVN,352
,HIAA80,90837,CPT4,701,11,MEPPO,184
,HIAA80,90837,CPT4,444,11,MBH,200
,HIAA80,90837,CPT4,482,11,NNHMO,231
,HIAA80,90837,CPT4,856,11,DPPO,226
,HIAA80,90837,CPT4,590,11,TC,190
,HIAA80,90837,CPT4,054,11,HMO,154
,HIAA80,90837,CPT4,028,11,MEHMO,195
,REF,90837,CPT4,AK01,11,POS,153.38
,HIAA80,90837,CPT4,452,11,DHMO,180
,HIAA80,90837,CPT4,543,11,DPPO,437
,HIAA80,90837,CPT4,545,11,DHMO,262
,HIAA80,90837,CPT4,054,11,MBH,154
,HIAA80,90837,CPT4,851,11,QPOS,226
,HIAA80,90837,CPT4,716,11,HMOHRA,245
,HIAA80,90837,CPT4,434,11,MHMO,185
,HIAA80,90837,CPT4,054,11,SLFIN,154
,HIAA80,90837,CPT4,530,11,TC,288
,HIAA80,90837,CPT4,239,11,HMOHRA,256
,HIAA80,90837,CPT4,370,11,USACC,193
,HIAA80,90837,CPT4,954,11,MWC,205
,HIAA80,90837,CPT4,370,11,HMO,193
,REF,90837,CPT4,AK01,11,EAP,191.95
,HIAA80,90837,CPT4,402,11,MWC,205
,HIAA80,90837,CPT4,600,11,MPPO,206
,HIAA80,90837,CPT4,602,11,DPPO,206
,HIAA80,90837,CPT4,142,11,MEPPO,204
,HIAA80,90837,CPT4,212,11,ALL,184
,HIAA80,90837,CPT4,054,11,VPHMO,154
,REF,90837,CPT4,AK01,11,MBH,225.83
,HIAA80,90837,CPT4,331,11,MWC,358
,REF,90837,CPT4,AK01,11,POS,225.83
,HIAA80,90837,CPT4,800,11,SLFIN,260
,HIAA80,90837,CPT4,535,11,TC,247
,REF,90837,CPT4,AK01,11,HMOAVN,153.38
,REF,90837,CPT4,AK01,11,,225.83
,HIAA80,90837,CPT4,038,11,DHMO,201
,HIAA80,90837,CPT4,407,11,QPOS,211
,HIAA80,90837,CPT4,275,11,MCARE,241
,HIAA80,90837,CPT4,618,11,MCAID,211
,HIAA80,90837,CPT4,524,11,MC,200
,HIAA80,90837,CPT4,086,11,MEPO,261
,REF,90837,CPT4,AK01,11,MEPPO,225.83
,HIAA80,90837,CPT4,541,11,MWC,449
,HIAA80,90837,CPT4,327,11,MCARE,199
,HIAA80,90837,CPT4,448,11,SLFIN,175
,HIAA80,90837,CPT4,618,11,SLFIN,211
,HIAA80,90837,CPT4,067,11,MBH,205
,HIAA80,90837,CPT4,437,11,DPPO,205
,HIAA80,90837,CPT4,600,11,POS,206
,HIAA80,90837,CPT4,470,11,NNHMO,176
,HIAA80,90837,CPT4,936,11,,205
,HIAA80,90837,CPT4,800,11,MPPO,260
,REF,90837,CPT4,AK01,11,ALL,169.37
,HIAA80,90837,CPT4,524,11,MCAID,200
,HIAA80,90837,CPT4,044,11,MBH,184
,REF,90837,CPT4,AK01,11,MEPOS,153.38
,HIAA80,90837,CPT4,038,11,HMO,201
,HIAA80,90837,CPT4,420,11,DPPO,164
,HIAA80,90837,CPT4,602,11,MEPO,206
,HIAA80,90837,CPT4,546,11,TC,413
,HIAA80,90837,CPT4,064,11,HMO,201
,HIAA80,90837,CPT4,549,11,MPPO,413
,HIAA80,90837,CPT4,147,11,DPPO,164
,HIAA80,90837,CPT4,077,11,ALL,205
,HIAA80,90837,CPT4,360,11,QPOS,172
,REF,90837,CPT4,AK01,11,MEFFS,204.5
,HIAA80,90837,CPT4,782,11,POS,241
,HIAA80,90837,CPT4,470,11,,176
,HIAA80,90837,CPT4,775,11,NNHMO,205
,HIAA80,90837,CPT4,278,11,TC,246
,HIAA80,90837,CPT4,833,11,MEPO,215
,HIAA80,90837,CPT4,612,11,USACC,231
,HIAA80,90837,CPT4,088,11,USACC,206
,HIAA80,90837,CPT4,841,11,HMOHRA,185
,HIAA80,90837,CPT4,331,11,MPPO,358
,HIAA80,90837,CPT4,760,11,MEFFS,225
,HIAA80,90837,CPT4,077,11,TRICR,205
,HIAA80,90837,CPT4,164,11,DHMO,176
,REF,90837,CPT4,AK01,11,DPPO,204.5
,REF,90837,CPT4,AK01,11,DHMO,204.5
,HIAA80,90837,CPT4,247,11,DPPO,231
,HIAA80,90837,CPT4,890,11,HMOAVN,215
,HIAA80,90837,CPT4,652,11,MCAID,154
,HIAA80,90837,CPT4,282,11,MCARE,251
,REF,90837,CPT4,AK01,11,HMOAVN,225.83
,HIAA80,90837,CPT4,604,11,MEFFS,241
,HIAA80,90837,CPT4,210,11,HMOHRA,205
,HIAA80,90837,CPT4,316,11,MEHMO,241
,HIAA80,90837,CPT4,837,11,MEPPO,205
,REF,90837,CPT4,AK01,11,NNHMO,204.5
,HIAA80,90837,CPT4,550,11,MEPO,257
,HIAA80,90837,CPT4,275,11,TC,241
,HIAA80,90837,CPT4,233,11,MEHMO,251
,HIAA80,90837,CPT4,280,11,HMOAVN,251
,HIAA80,90837,CPT4,411,11,MEHMO,204
,HIAA80,90837,CPT4,570,11,VPHMO,231
,HIAA80,90837,CPT4,152,11,MHMO,180
,HIAA80,90837,CPT4,208,11,QPOS,273
,HIAA80,90837,CPT4,853,11,HMO,241
,HIAA80,90837,CPT4,220,11,MEPO,231
,HIAA80,90837,CPT4,545,11,MC,262
,HIAA80,90837,CPT4,618,11,ALL,211
,HIAA80,90837,CPT4,212,11,TRICR,184
,HIAA80,90837,CPT4,475,11,MEFFS,293
,REF,90837,CPT4,AK01,11,MEFFS,153.38
,HIAA80,90837,CPT4,549,11,MCAID,413
,HIAA80,90837,CPT4,611,11,TRICR,257
,REF,90837,CPT4,AK01,11,HMOAVN,204.5
,HIAA80,90837,CPT4,936,11,USACC,205
,HIAA80,90837,CPT4,550,11,MEPOS,257
,HIAA80,90837,CPT4,201,11,QPOS,273
,REF,90837,CPT4,AK01,11,EAP,204.5
,HIAA80,90837,CPT4,800,11,TC,260
,HIAA80,90837,CPT4,360,11,,172
,REF,90837,CPT4,AK01,11,MCARE,225.83
,HIAA80,90837,CPT4,344,11,DHMO,265
,HIAA80,90837,CPT4,403,11,EAP,205
,HIAA80,90837,CPT4,070,11,POS,301
,HIAA80,90837,CPT4,496,11,DPPO,215
,HIAA80,90837,CPT4,546,11,MBH,413
,HIAA80,90837,CPT4,064,11,MEPPO,201
,HIAA80,90837,CPT4,260,11,TC,226
,HIAA80,90837,CPT4,540,11,DHMO,257
,HIAA80,90837,CPT4,433,11,MBH,180
,HIAA80,90837,CPT4,327,11,MC,199
,REF,90837,CPT4,AK01,11,MBH,173.83
,HIAA80,90837,CPT4,313,11,MBH,205
,HIAA80,90837,CPT4,067,11,POS,205
,HIAA80,90837,CPT4,750,11,MEPO,236
,HIAA80,90837,CPT4,910,11,MEPO,256
,HIAA80,90837,CPT4,275,11,MBH,241
,HIAA80,90837,CPT4,293,11,HMOHRA,154
,REF,90837,CPT4,AK01,11,,153.38
,HIAA80,90837,CPT4,017,11,POS,226
,HIAA80,90837,CPT4,488,11,,226
,HIAA80,90837,CPT4,936,11,MEPPO,205
,REF,90837,CPT4,AK01,11,MPPO,225.83
,HIAA80,90837,CPT4,432,11,MWC,283
,HIAA80,90837,CPT4,448,11,MEPOS,175
,HIAA80,90837,CPT4,647,11,HMOAVN,200
,HIAA80,90837,CPT4,440,11,HMO,216
,HIAA80,90837,CPT4,871,11,POS,230
,HIAA80,90837,CPT4,559,11,MC,256
,HIAA80,90837,CPT4,296,11,MBH,185
,HIAA80,90837,CPT4,280,11,MCAID,251
,HIAA80,90837,CPT4,871,11,MEPPO,230
,HIAA80,90837,CPT4,480,11,MEPO,231
,HIAA80,90837,CPT4,770,11,DHMO,352
,HIAA80,90837,CPT4,115,11,MEPPO,352
,HIAA80,90837,CPT4,242,11,SLFIN,210
,REF,90837,CPT4,AK01,11,,191.95
,HIAA80,90837,CPT4,851,11,MWC,226
,HIAA80,90837,CPT4,469,11,MEPOS,205
,REF,90837,CPT4,AK01,11,HMOHRA,225.83
,REF,90837,CPT4,AK01,11,HMO,153.38
,HIAA80,90837,CPT4,044,11,QPOS,184
,HIAA80,90837,CPT4,450,11,MEPOS,231
,HIAA80,90837,CPT4,150,11,HMOAVN,185
,HIAA80,90837,CPT4,024,11,MEHMO,256
,HIAA80,90837,CPT4,484,11,MHMO,251
,REF,90837,CPT4,AK01,11,TRICR,153.38
,HIAA80,90837,CPT4,855,11,VPHMO,275
,HIAA80,90837,CPT4,768,11,MEPO,205
,HIAA80,90837,CPT4,282,11,DPPO,251
,HIAA80,90837,CPT4,440,11,MHMO,216
,HIAA80,90837,CPT4,363,11,HMOHRA,174
,HIAA80,90837,CPT4,554,11,MHMO,251
,HIAA80,90837,CPT4,936,11,MBH,205
,REF,90837,CPT4,AK01,11,MWC,225.83
,HIAA80,90837,CPT4,054,11,NNHMO,154
,HIAA80,90837,CPT4,403,11,TRICR,205
,HIAA80,90837,CPT4,730,11,TRICR,179
,HIAA80,90837,CPT4,540,11,VPHMO,257
,HIAA80,90837,CPT4,006,11,SLFIN,180
,HIAA80,90837,CPT4,546,11,MPPO,413
,HIAA80,90837,CPT4,462,11,HMO,222
,HIAA80,90837,CPT4,841,11,MC,185
,HIAA80,90837,CPT4,115,11,DHMO,352
,HIAA80,90837,CPT4,064,11,EAP,201
,REF,90837,CPT4,AK01,11,QPOS,204.5
,HIAA80,90837,CPT4,233,11,ALL,251
,HIAA80,90837,CPT4,152,11,ALL,180
,HIAA80,90837,CPT4,773,11,POS,241
,HIAA80,90837,CPT4,841,11,MPPO,185
,HIAA80,90837,CPT4,750,11,POS,236
,HIAA80,90837,CPT4,612,11,DHMO,231
,HIAA80,90837,CPT4,841,11,USACC,185
,HIAA80,90837,CPT4,833,11,DHMO,215
,HIAA80,90837,CPT4,394,11,MEFFS,205
,REF,90837,CPT4,AK01,11,DPPO,225.83
,HIAA80,90837,CPT4,066,11,MEPPO,225
,HIAA80,90837,CPT4,280,11,SLFIN,251
,HIAA80,90837,CPT4,038,11,MEPO,201
,REF,90837,CPT4,AK01,11,,153.38
,HIAA80,90837,CPT4,469,11,QPOS,205
,HIAA80,90837,CPT4,462,11,MHMO,222
,HIAA80,90837,CPT4,833,11,NNHMO,215
,HIAA80,90837,CPT4,531,11,EAP,288
,HIAA80,90837,CPT4,328,11,HMOHRA,273
,HIAA80,90837,CPT4,604,11,POS,241
,REF,90837,CPT4,AK01,11,POS,225.83
,HIAA80,90837,CPT4,805,11,MEHMO,274
,HIAA80,90837,CPT4,339,11,HMOAVN,337
,HIAA80,90837,CPT4,995,11,QPOS,298
,HIAA80,90837,CPT4,105,11,MEHMO,367
,HIAA80,90837,CPT4,996,11,MCARE,266
,HIAA80,90837,CPT4,602,11,TC,206
,HIAA80,90837,CPT4,756,11,HMO,242
,HIAA80,90837,CPT4,381,11,MPPO,201
,HIAA80,90837,CPT4,152,11,HMO,180
,HIAA80,90837,CPT4,631,11,MEPO,185
,HIAA80,90837,CPT4,853,11,MEFFS,241
,HIAA80,90837,CPT4,387,11,DPPO,205
,HIAA80,90837,CPT4,622,11,HMO,190
,REF,90837,CPT4,AK01,11,NNHMO,153.38
,HIAA80,90837,CPT4,851,11,MEPO,226
,HIAA80,90837,CPT4,493,11,MCARE,201
,HIAA80,90837,CPT4,710,11,HMOHRA,179
,HIAA80,90837,CPT4,932,11,MWC,251
,HIAA80,90837,CPT4,086,11,MCARE,261
,HIAA80,90837,CPT4,088,11,MWC,206
,HIAA80,90837,CPT4,024,11,MPPO,256
,REF,90837,CPT4,AK01,11,MWC,225.83
,HIAA80,90837,CPT4,490,11,HMOAVN,206
,HIAA80,90837,CPT4,436,11,MHMO,185
,HIAA80,90837,CPT4,147,11,DHMO,164
,HIAA80,90837,CPT4,086,11,HMOAVN,261
,REF,90837,CPT4,AK01,11,MPPO,225.83
,HIAA80,90837,CPT4,111,11,DHMO,256
,HIAA80,90837,CPT4,387,11,VPHMO,205
,HIAA80,90837,CPT4,710,11,USACC,179
,HIAA80,90837,CPT4,077,11,SLFIN,205
,HIAA80,90837,CPT4,337,11,MHMO,273
,HIAA80,90837,CPT4,481,11,ALL,231
,HIAA80,90837,CPT4,939,11,VPHMO,231
,HIAA80,90837,CPT4,537,11,TC,251
,HIAA80,90837,CPT4,140,11,EAP,201
,HIAA80,90837,CPT4,452,11,SLFIN,180
,HIAA80,90837,CPT4,247,11,MHMO,231
,HIAA80,90837,CPT4,928,11,MEPO,277
,REF,90837,CPT4,AK01,11,TC,173.83
,HIAA80,90837,CPT4,242,11,MCARE,210
,HIAA80,90837,CPT4,221,11,POS,205
,HIAA80,90837,CPT4,922,11,MCAID,256
,REF,90837,CPT4,AK01,11,MEPOS,169.37
,REF,90837,CPT4,AK01,11,MC,204.5
,HIAA80,90837,CPT4,495,11,MEHMO,205
,HIAA80,90837,CPT4,760,11,MEPPO,225
,HIAA80,90837,CPT4,768,11,HMO,205
,HIAA80,90837,CPT4,287,11,MWC,222
,HIAA80,90837,CPT4,290,11,QPOS,164
,HIAA80,90837,CPT4,752,11,MEFFS,220
,REF,90837,CPT4,AK01,11,TC,225.83
,HIAA80,90837,CPT4,337,11,MWC,273
,HIAA80,90837,CPT4,486,11,NNHMO,215
,HIAA80,90837,CPT4,708,11,MEPOS,154
,HIAA80,90837,CPT4,215,11,MEPOS,200
,HIAA80,90837,CPT4,458,11,MEPO,196
,HIAA80,90837,CPT4,452,11,MEPPO,180
,HIAA80,90837,CPT4,928,11,HMOAVN,277
,HIAA80,90837,CPT4,893,11,SLFIN,257
,REF,90837,CPT4,AK01,11,POS,225.83
,HIAA80,90837,CPT4,006,11,MWC,180
,REF,90837,CPT4,AK01,11,MCAID,225.83
,HIAA80,90837,CPT4,230,11,DHMO,204
,HIAA80,90837,CPT4,590,11,ALL,190
,HIAA80,90837,CPT4,432,11,MEPO,283
,HIAA80,90837,CPT4,660,11,POS,185
,HIAA80,90837,CPT4,403,11,MHMO,205
,HIAA80,90837,CPT4,482,11,TC,231
,HIAA80,90837,CPT4,006,11,POS,180
,HIAA80,90837,CPT4,006,11,HMOHRA,180
,HIAA80,90837,CPT4,591,11,MEFFS,205
,HIAA80,90837,CPT4,660,11,MWC,185
,HIAA80,90837,CPT4,549,11,MHMO,413
,HIAA80,90837,CPT4,370,11,DHMO,193
,HIAA80,90837,CPT4,394,11,HMOAVN,205
,HIAA80,90837,CPT4,591,11,DPPO,205
,HIAA80,90837,CPT4,142,11,MCAID,204
,REF,90837,CPT4,AK01,11,HMOHRA,153.38
,HIAA80,90837,CPT4,590,11,USACC,190
,HIAA80,90837,CPT4,433,11,POS,180
,HIAA80,90837,CPT4,341,11,HMOAVN,302
,HIAA80,90837,CPT4,028,11,MEPO,195
,HIAA80,90837,CPT4,021,11,ALL,276
,HIAA80,90837,CPT4,620,11,MHMO,195
,HIAA80,90837,CPT4,981,11,POS,230
,HIAA80,90837,CPT4,403,11,SLFIN,205
,HIAA80,90837,CPT4,111,11,MEPOS,256
,REF,90837,CPT4,AK01,11,NNHMO,225.83
,HIAA80,90837,CPT4,456,11,MBH,212
,HIAA80,90837,CPT4,465,11,SLFIN,190
,HIAA80,90837,CPT4,498,11,TC,205
,REF,90837,CPT4,AK01,11,MWC,153.38
,HIAA80,90837,CPT4,541,11,MBH,449
,HIAA80,90837,CPT4,752,11,MC,220
,HIAA80,90837,CPT4,442,11,MEPOS,186
,HIAA80,90837,CPT4,601,11,HMOAVN,216
,HIAA80,90837,CPT4,535,11,MCARE,247
,HIAA80,90837,CPT4,496,11,HMO,215
,HIAA80,90837,CPT4,420,11,MPPO,164
,HIAA80,90837,CPT4,974,11,MEFFS,271
,HIAA80,90837,CPT4,571,11,MBH,251
,HIAA80,90837,CPT4,200,11,MEPOS,257
,HIAA80,90837,CPT4,450,11,MEHMO,231
,REF,90837,CPT4,AK01,11,MHMO,191.95
,HIAA80,90837,CPT4,458,11,MEPPO,196
,HIAA80,90837,CPT4,388,11,MHMO,205
,HIAA80,90837,CPT4,088,11,MEPO,206
,HIAA80,90837,CPT4,787,11,DPPO,273
,HIAA80,90837,CPT4,943,11,QPOS,601
,HIAA80,90837,CPT4,602,11,QPOS,206
,HIAA80,90837,CPT4,017,11,HMO,226
,HIAA80,90837,CPT4,850,11,QPOS,251
,HIAA80,90837,CPT4,344,11,VPHMO,265
,HIAA80,90837,CPT4,147,11,POS,164
,HIAA80,90837,CPT4,210,11,POS,205
,HIAA80,90837,CPT4,752,11,HMOAVN,220
,HIAA80,90837,CPT4,669,11,,201
,REF,90837,CPT4,AK01,11,HMOHRA,225.83
,HIAA80,90837,CPT4,433,11,DPPO,180
,REF,90837,CPT4,AK01,11,POS,153.38
,HIAA80,90837,CPT4,220,11,TRICR,231
,HIAA80,90837,CPT4,239,11,VPHMO,256
,HIAA80,90837,CPT4,559,11,MEHMO,256
,HIAA80,90837,CPT4,782,11,MEFFS,241
,HIAA80,90837,CPT4,840,11,MHMO,185
,HIAA80,90837,CPT4,605,11,MCARE,256
,HIAA80,90837,CPT4,021,11,MCARE,276
,REF,90837,CPT4,AK01,11,MEPPO,204.5
,HIAA80,90837,CPT4,100,11,,364
,REF,90837,CPT4,AK01,11,TC,204.5
,HIAA80,90837,CPT4,298,11,MWC,257
,HIAA80,90837,CPT4,467,11,,180
,HIAA80,90837,CPT4,444,11,TC,200
,REF,90837,CPT4,AK01,11,MHMO,225.83
,HIAA80,90837,CPT4,541,11,USACC,449
,REF,90837,CPT4,AK01,11,MEPOS,169.37
,HIAA80,90837,CPT4,028,11,MCAID,195
,HIAA80,90837,CPT4,616,11,TRICR,221
,HIAA80,90837,CPT4,233,11,MBH,251
,HIAA80,90837,CPT4,493,11,ALL,201
,HIAA80,90837,CPT4,387,11,MCARE,205
,HIAA80,90837,CPT4,350,11,USACC,164
,HIAA80,90837,CPT4,140,11,USACC,201
,HIAA80,90837,CPT4,111,11,TC,256
,HIAA80,90837,CPT4,850,11,MWC,251
,HIAA80,90837,CPT4,546,11,HMOHRA,413
,HIAA80,90837,CPT4,260,11,ALL,226
,HIAA80,90837,CPT4,550,11,HMOAVN,257
,HIAA80,90837,CPT4,232,11,MHMO,186
,REF,90837,CPT4,AK01,11,EAP,173.83
,HIAA80,90837,CPT4,716,11,MCARE,245
,HIAA80,90837,CPT4,469,11,ALL,205
,HIAA80,90837,CPT4,616,11,ALL,221
,HIAA80,90837,CPT4,142,11,MEPO,204
,HIAA80,90837,CPT4,444,11,MCAID,200
,HIAA80,90837,CPT4,233,11,VPHMO,251
,HIAA80,90837,CPT4,481,11,POS,231
,HIAA80,90837,CPT4,762,11,MEFFS,231
,HIAA80,90837,CPT4,147,11,HMOHRA,164
,REF,90837,CPT4,AK01,11,MBH,169.37
,HIAA80,90837,CPT4,996,11,TC,266
,REF,90837,CPT4,AK01,11,MCAID,153.38
,HIAA80,90837,CPT4,147,11,MCARE,164
,REF,90837,CPT4,AK01,11,MCAID,191.95
,REF,90837,CPT4,AK01,11,MEPPO,153.38
,HIAA80,90837,CPT4,215,11,SLFIN,200
,HIAA80,90837,CPT4,773,11,HMO,241
,REF,90837,CPT4,AK01,11,TC,204.5
,HIAA80,90837,CPT4,370,11,DPPO,193
,REF,90837,CPT4,AK01,11,ALL,204.5
,HIAA80,90837,CPT4,434,11,MWC,185
,HIAA80,90837,CPT4,328,11,MPPO,273
,HIAA80,90837,CPT4,282,11,NNHMO,251
,HIAA80,90837,CPT4,370,11,MPPO,193
,HIAA80,90837,CPT4,458,11,MBH,196
,HIAA80,90837,CPT4,454,11,MEHMO,179
,HIAA80,90837,CPT4,260,11,MEPOS,226
,HIAA80,90837,CPT4,851,11,DPPO,226
,REF,90837,CPT4,AK01,11,HMO,169.37
,HIAA80,90837,CPT4,453,11,SLFIN,205
,HIAA80,90837,CPT4,669,11,MHMO,201
,HIAA80,90837,CPT4,394,11,MEPPO,205
,HIAA80,90837,CPT4,013,11,MEHMO,215
,HIAA80,90837,CPT4,208,11,SLFIN,273
,HIAA80,90837,CPT4,465,11,NNHMO,190
,REF,90837,CPT4,AK01,11,QPOS,191.95
,HIAA80,90837,CPT4,111,11,MBH,256
,HIAA80,90837,CPT4,290,11,TRICR,164
,HIAA80,90837,CPT4,853,11,MEPOS,241
,HIAA80,90837,CPT4,936,11,MEPO,205
,HIAA80,90837,CPT4,313,11,TC,205
,HIAA80,90837,CPT4,337,11,HMO,273
,HIAA80,90837,CPT4,913,11,,276
,HIAA80,90837,CPT4,467,11,MEHMO,180
,HIAA80,90837,CPT4,316,11,MCAID,241
,HIAA80,90837,CPT4,481,11,MPPO,231
,HIAA80,90837,CPT4,943,11,MEPOS,601
,HIAA80,90837,CPT4,731,11,MHMO,194
,HIAA80,90837,CPT4,465,11,MC,190
,HIAA80,90837,CPT4,363,11,EAP,174
,HIAA80,90837,CPT4,820,11,MEHMO,256
,HIAA80,90837,CPT4,239,11,MEPO,256
,HIAA80,90837,CPT4,660,11,TRICR,185
,HIAA80,90837,CPT4,282,11,POS,251
,HIAA80,90837,CPT4,467,11,SLFIN,180
,HIAA80,90837,CPT4,028,11,MEPOS,195
,HIAA80,90837,CPT4,226,11,HMOHRA,233
,HIAA80,90837,CPT4,551,11,USACC,251
,REF,90837,CPT4,AK01,11,MCARE,225.83
,HIAA80,90837,CPT4,541,11,MPPO,449
,HIAA80,90837,CPT4,482,11,MEFFS,231
,HIAA80,90837,CPT4,242,11,VPHMO,210
,HIAA80,90837,CPT4,028,11,MPPO,195
,HIAA80,90837,CPT4,801,11,,274
,HIAA80,90837,CPT4,932,11,TC,251
,HIAA80,90837,CPT4,290,11,MPPO,164
,REF,90837,CPT4,AK01,11,DHMO,225.83
,HIAA80,90837,CPT4,239,11,USACC,256
,HIAA80,90837,CPT4,840,11,MEPOS,185
,HIAA80,90837,CPT4,981,11,EAP,230
,HIAA80,90837,CPT4,773,11,MEHMO,241
,REF,90837,CPT4,AK01,11,MEPOS,204.5
,HIAA80,90837,CPT4,240,11,MEPO,189
,HIAA80,90837,CPT4,853,11,POS,241
,REF,90837,CPT4,AK01,11,MEPPO,173.83
,HIAA80,90837,CPT4,210,11,QPOS,205
,HIAA80,90837,CPT4,549,11,MBH,413
,REF,90837,CPT4,AK01,11,HMOAVN,225.83
,HIAA80,90837,CPT4,028,11,DHMO,195
,HIAA80,90837,CPT4,153,11,SLFIN,179
,HIAA80,90837,CPT4,622,11,TRICR,190
,REF,90837,CPT4,AK01,11,HMOAVN,225.83
,HIAA80,90837,CPT4,805,11,HMOHRA,274
,HIAA80,90837,CPT4,150,11,DHMO,185
,HIAA80,90837,CPT4,535,11,TRICR,247
,HIAA80,90837,CPT4,433,11,MWC,180
,REF,90837,CPT4,AK01,11,TC,153.38
,HIAA80,90837,CPT4,480,11,POS,231
,HIAA80,90837,CPT4,782,11,EAP,241
,HIAA80,90837,CPT4,454,11,DPPO,179
,HIAA80,90837,CPT4,591,11,POS,205
,HIAA80,90837,CPT4,054,11,MEHMO,154
,HIAA80,90837,CPT4,242,11,MCAID,210
,HIAA80,90837,CPT4,936,11,DHMO,205
,HIAA80,90837,CPT4,054,11,DHMO,154
,HIAA80,90837,CPT4,532,11,USACC,287
,HIAA80,90837,CPT4,563,11,,258
,REF,90837,CPT4,AK01,11,DHMO,173.83
,HIAA80,90837,CPT4,460,11,HMO,205
,REF,90837,CPT4,AK01,11,MWC,204.5
,HIAA80,90837,CPT4,855,11,MCAID,275
,HIAA80,90837,CPT4,336,11,EAP,282
,HIAA80,90837,CPT4,563,11,POS,258
,HIAA80,90837,CPT4,652,11,HMOAVN,154
,HIAA80,90837,CPT4,833,11,SLFIN,215
,HIAA80,90837,CPT4,618,11,TC,211
,HIAA80,90837,CPT4,360,11,MCARE,172
,HIAA80,90837,CPT4,388,11,SLFIN,205
,REF,90837,CPT4,AK01,11,HMOHRA,225.83
,HIAA80,90837,CPT4,388,11,MCAID,205
,HIAA80,90837,CPT4,974,11,DHMO,271
,HIAA80,90837,CPT4,388,11,EAP,205
,HIAA80,90837,CPT4,152,11,VPHMO,180
,HIAA80,90837,CPT4,549,11,MEPPO,413
,REF,90837,CPT4,AK01,11,MEPPO,225.83
,HIAA80,90837,CPT4,541,11,VPHMO,449
,HIAA80,90837,CPT4,820,11,,256
,REF,90837,CPT4,AK01,11,MEPOS,153.38
,HIAA80,90837,CPT4,242,11,TRICR,210
,HIAA80,90837,CPT4,086,11,MEPPO,261
,HIAA80,90837,CPT4,275,11,HMOHRA,241
,HIAA80,90837,CPT4,230,11,HMOAVN,204
,HIAA80,90837,CPT4,304,11,MWC,249
,HIAA80,90837,CPT4,298,11,,257
,HIAA80,90837,CPT4,943,11,ALL,601
,HIAA80,90837,CPT4,296,11,MEHMO,185
,HIAA80,90837,CPT4,820,11,QPOS,256
,HIAA80,90837,CPT4,522,11,MCAID,231
,HIAA80,90837,CPT4,616,11,MHMO,221
,REF,90837,CPT4,AK01,11,MBH,169.37
,HIAA80,90837,CPT4,467,11,DPPO,180
,HIAA80,90837,CPT4,545,11,,262
,HIAA80,90837,CPT4,936,11,EAP,205
,HIAA80,90837,CPT4,890,11,NNHMO,215
,HIAA80,90837,CPT4,190,11,MBH,205
,HIAA80,90837,CPT4,890,11,MCAID,215
,REF,90837,CPT4,AK01,11,HMO,204.5
,REF,90837,CPT4,AK01,11,MEPOS,173.83
,HIAA80,90837,CPT4,350,11,MEFFS,164
,HIAA80,90837,CPT4,730,11,USACC,179
,HIAA80,90837,CPT4,028,11,DPPO,195
,HIAA80,90837,CPT4,064,11,,201
,HIAA80,90837,CPT4,967,11,MCARE,251
,HIAA80,90837,CPT4,028,11,TRICR,195
,HIAA80,90837,CPT4,336,11,HMOAVN,282
,HIAA80,90837,CPT4,563,11,MEFFS,258
,HIAA80,90837,CPT4,111,11,MEPO,256
,HIAA80,90837,CPT4,703,11,MC,154
,HIAA80,90837,CPT4,407,11,TC,211
,HIAA80,90837,CPT4,495,11,NNHMO,205
,HIAA80,90837,CPT4,247,11,EAP,231
,REF,90837,CPT4,AK01,11,MHMO,225.83
,HIAA80,90837,CPT4,540,11,HMO,257
,HIAA80,90837,CPT4,190,11,TRICR,205
,HIAA80,90837,CPT4,936,11,SLFIN,205
,HIAA80,90837,CPT4,344,11,HMO,265
,HIAA80,90837,CPT4,995,11,MEPPO,298
,HIAA80,90837,CPT4,750,11,,236
,HIAA80,90837,CPT4,532,11,TRICR,287
,REF,90837,CPT4,AK01,11,MEPO,153.38
,HIAA80,90837,CPT4,290,11,,164
,HIAA80,90837,CPT4,221,11,QPOS,205
,HIAA80,90837,CPT4,224,11,MC,195
,HIAA80,90837,CPT4,441,11,USACC,257
,HIAA80,90837,CPT4,021,11,DHMO,276
,HIAA80,90837,CPT4,480,11,HMOHRA,231
,HIAA80,90837,CPT4,922,11,DPPO,256
,HIAA80,90837,CPT4,801,11,MBH,274
,HIAA80,90837,CPT4,541,11,SLFIN,449
,HIAA80,90837,CPT4,602,11,MBH,206
,HIAA80,90837,CPT4,054,11,MCAID,154
,HIAA80,90837,CPT4,287,11,POS,222
,HIAA80,90837,CPT4,201,11,USACC,273
,HIAA80,90837,CPT4,441,11,MPPO,257
,HIAA80,90837,CPT4,300,11,MWC,226
,HIAA80,90837,CPT4,304,11,POS,249
,HIAA80,90837,CPT4,328,11,MEPPO,273
,HIAA80,90837,CPT4,085,11,SLFIN,368
,HIAA80,90837,CPT4,560,11,MPPO,259
,HIAA80,90837,CPT4,708,11,POS,154
,HIAA80,90837,CPT4,605,11,MWC,256
,HIAA80,90837,CPT4,387,11,POS,205
,HIAA80,90837,CPT4,540,11,MEPO,257
,HIAA80,90837,CPT4,240,11,MHMO,189
,HIAA80,90837,CPT4,554,11,MCARE,251
,HIAA80,90837,CPT4,066,11,HMOHRA,225
,HIAA80,90837,CPT4,064,11,MCARE,201
,HIAA80,90837,CPT4,652,11,ALL,154
,HIAA80,90837,CPT4,085,11,MHMO,368
,HIAA80,90837,CPT4,153,11,TRICR,179
,HIAA80,90837,CPT4,775,11,TRICR,205
,HIAA80,90837,CPT4,475,11,EAP,293
,HIAA80,90837,CPT4,292,11,MPPO,189
,REF,90837,CPT4,AK01,11,DPPO,191.95
,HIAA80,90837,CPT4,750,11,HMOHRA,236
,HIAA80,90837,CPT4,928,11,MEHMO,277
,HIAA80,90837,CPT4,280,11,MEPPO,251
,HIAA80,90837,CPT4,402,11,HMOHRA,205
,HIAA80,90837,CPT4,530,11,MHMO,288
,HIAA80,90837,CPT4,770,11,MEFFS,352
,HIAA80,90837,CPT4,524,11,MEPO,200
,REF,90837,CPT4,AK01,11,MWC,204.5
,HIAA80,90837,CPT4,820,11,USACC,256
,HIAA80,90837,CPT4,493,11,MEHMO,201
,HIAA80,90837,CPT4,560,11,VPHMO,259
,HIAA80,90837,CPT4,600,11,MC,206
,REF,90837,CPT4,AK01,11,MEHMO,204.5
,HIAA80,90837,CPT4,490,11,MEHMO,206
,REF,90837,CPT4,AK01,11,MEPPO,204.5
,HIAA80,90837,CPT4,598,11,MWC,195
,HIAA80,90837,CPT4,893,11,NNHMO,257
,HIAA80,90837,CPT4,448,11,VPHMO,175
,HIAA80,90837,CPT4,495,11,TC,205
,HIAA80,90837,CPT4,482,11,HMO,231
,HIAA80,90837,CPT4,967,11,DHMO,251
,HIAA80,90837,CPT4,360,11,EAP,172
,HIAA80,90837,CPT4,782,11,TRICR,241
,HIAA80,90837,CPT4,275,11,DPPO,241
,HIAA80,90837,CPT4,855,11,ALL,275
,REF,90837,CPT4,AK01,11,EAP,169.37
,REF,90837,CPT4,AK01,11,MBH,204.5
,HIAA80,90837,CPT4,782,11,MCAID,241
,REF,90837,CPT4,AK01,11,DHMO,169.37
,HIAA80,90837,CPT4,484,11,EAP,251
,REF,90837,CPT4,AK01,11,HMOHRA,204.5
,HIAA80,90837,CPT4,837,11,MCAID,205
,HIAA80,90837,CPT4,300,11,MEHMO,226
,HIAA80,90837,CPT4,913,11,TRICR,276
,HIAA80,90837,CPT4,294,11,MEPOS,231
,HIAA80,90837,CPT4,498,11,NNHMO,205
,HIAA80,90837,CPT4,442,11,QPOS,186
,HIAA80,90837,CPT4,080,11,HMO,226
,HIAA80,90837,CPT4,370,11,VPHMO,193
,HIAA80,90837,CPT4,105,11,MC,367
,REF,90837,CPT4,AK01,11,DPPO,153.38
,HIAA80,90837,CPT4,910,11,MEFFS,256
,HIAA80,90837,CPT4,344,11,DPPO,265
,REF,90837,CPT4,AK01,11,MCARE,204.5
,HIAA80,90837,CPT4,486,11,SLFIN,215
,HIAA80,90837,CPT4,945,11,MCARE,274
,HIAA80,90837,CPT4,540,11,POS,257
,HIAA80,90837,CPT4,922,11,MEHMO,256
,HIAA80,90837,CPT4,335,11,DPPO,284
,HIAA80,90837,CPT4,570,11,MPPO,231
,HIAA80,90837,CPT4,113,11,POS,308
,HIAA80,90837,CPT4,065,11,MEPPO,205
,HIAA80,90837,CPT4,280,11,POS,251
,HIAA80,90837,CPT4,224,11,HMOHRA,195
,HIAA80,90837,CPT4,647,11,MCARE,200
,HIAA80,90837,CPT4,530,11,VPHMO,288
,HIAA80,90837,CPT4,484,11,NNHMO,251
,HIAA80,90837,CPT4,140,11,HMOAVN,201
,HIAA80,90837,CPT4,115,11,MHMO,352
,HIAA80,90837,CPT4,394,11,DPPO,205
,HIAA80,90837,CPT4,762,11,MEPOS,231
,HIAA80,90837,CPT4,606,11,HMOAVN,207
,HIAA80,90837,CPT4,481,11,HMOHRA,231
,REF,90837,CPT4,AK01,11,MWC,153.38
,HIAA80,90837,CPT4,710,11,TC,179
,HIAA80,90837,CPT4,760,11,DPPO,225
,HIAA80,90837,CPT4,833,11,TRICR,215
,HIAA80,90837,CPT4,605,11,MCAID,256
,HIAA80,90837,CPT4,344,11,MWC,265
,HIAA80,90837,CPT4,850,11,MCAID,251
,HIAA80,90837,CPT4,006,11,HMOAVN,180
,HIAA80,90837,CPT4,660,11,MBH,185
,HIAA80,90837,CPT4,044,11,HMOAVN,184
,HIAA80,90837,CPT4,316,11,DHMO,241
,HIAA80,90837,CPT4,394,11,MBH,205
,HIAA80,90837,CPT4,463,11,TC,232
,HIAA80,90837,CPT4,453,11,HMO,205
,HIAA80,90837,CPT4,570,11,USACC,231
,HIAA80,90837,CPT4,006,11,MEHMO,180
,HIAA80,90837,CPT4,974,11,,271
,HIAA80,90837,CPT4,967,11,TC,251
,HIAA80,90837,CPT4,490,11,MPPO,206
,REF,90837,CPT4,AK01,11,MEPOS,204.5
,HIAA80,90837,CPT4,293,11,HMO,154
,HIAA80,90837,CPT4,553,11,,253
,HIAA80,90837,CPT4,570,11,MHMO,231
,HIAA80,90837,CPT4,535,11,HMO,247
,HIAA80,90837,CPT4,805,11,MCARE,274
,HIAA80,90837,CPT4,147,11,ALL,164
,HIAA80,90837,CPT4,240,11,VPHMO,189
,HIAA80,90837,CPT4,482,11,HMOHRA,231
,HIAA80,90837,CPT4,522,11,EAP,231
,HIAA80,90837,CPT4,540,11,EAP,257
,HIAA80,90837,CPT4,666,11,TRICR,206
,HIAA80,90837,CPT4,559,11,MEFFS,256
,HIAA80,90837,CPT4,570,11,MEPPO,231
,HIAA80,90837,CPT4,062,11,VPHMO,201
,HIAA80,90837,CPT4,535,11,POS,247
,HIAA80,90837,CPT4,768,11,TRICR,205
,HIAA80,90837,CPT4,495,11,MEPPO,205
,HIAA80,90837,CPT4,433,11,HMOHRA,180
,HIAA80,90837,CPT4,782,11,MEPOS,241
,HIAA80,90837,CPT4,669,11,MEPPO,201
,HIAA80,90837,CPT4,153,11,QPOS,179
,HIAA80,90837,CPT4,304,11,MEPPO,249
,HIAA80,90837,CPT4,540,11,NNHMO,257
,REF,90837,CPT4,AK01,11,MWC,169.37
,HIAA80,90837,CPT4,540,11,HMOAVN,257
,HIAA80,90837,CPT4,470,11,MPPO,176
,HIAA80,90837,CPT4,028,11,,195
,HIAA80,90837,CPT4,622,11,VPHMO,190
,HIAA80,90837,CPT4,232,11,VPHMO,186
,HIAA80,90837,CPT4,446,11,QPOS,181
,HIAA80,90837,CPT4,543,11,NNHMO,437
,HIAA80,90837,CPT4,612,11,HMO,231
,HIAA80,90837,CPT4,940,11,DHMO,298
,HIAA80,90837,CPT4,290,11,MCAID,164
,REF,90837,CPT4,AK01,11,MWC,204.5
,HIAA80,90837,CPT4,381,11,TRICR,201
,HIAA80,90837,CPT4,551,11,TC,251
,REF,90837,CPT4,AK01,11,POS,153.38
,HIAA80,90837,CPT4,278,11,SLFIN,246
,HIAA80,90837,CPT4,805,11,MBH,274
,HIAA80,90837,CPT4,890,11,,215
,HIAA80,90837,CPT4,571,11,ALL,251
,HIAA80,90837,CPT4,545,11,ALL,262
,HIAA80,90837,CPT4,085,11,DHMO,368
,HIAA80,90837,CPT4,710,11,NNHMO,179
,HIAA80,90837,CPT4,064,11,TC,201
,HIAA80,90837,CPT4,130,11,HMOAVN,179
,HIAA80,90837,CPT4,295,11,ALL,179
,HIAA80,90837,CPT4,995,11,HMO,298
,HIAA80,90837,CPT4,850,11,MBH,251
,HIAA80,90837,CPT4,850,11,SLFIN,251
,HIAA80,90837,CPT4,440,11,MCAID,216
,HIAA80,90837,CPT4,481,11,MEHMO,231
,REF,90837,CPT4,AK01,11,DHMO,204.5
,HIAA80,90837,CPT4,064,11,USACC,201
,HIAA80,90837,CPT4,239,11,MC,256
,HIAA80,90837,CPT4,088,11,MEFFS,206
,HIAA80,90837,CPT4,240,11,ALL,189
,HIAA80,90837,CPT4,618,11,HMOHRA,211
,HIAA80,90837,CPT4,920,11,USACC,297
,HIAA80,90837,CPT4,372,11,USACC,277
,HIAA80,90837,CPT4,293,11,SLFIN,154
,HIAA80,90837,CPT4,549,11,VPHMO,413
,HIAA80,90837,CPT4,275,11,MEHMO,241
,HIAA80,90837,CPT4,801,11,MPPO,274
,HIAA80,90837,CPT4,275,11,MCAID,241
,REF,90837,CPT4,AK01,11,HMOHRA,153.38
,HIAA80,90837,CPT4,543,11,USACC,437
,REF,90837,CPT4,AK01,11,MEPPO,191.95
,HIAA80,90837,CPT4,448,11,HMOAVN,175
,HIAA80,90837,CPT4,560,11,MEPOS,259
,HIAA80,90837,CPT4,028,11,HMOHRA,195
,REF,90837,CPT4,AK01,11,HMOHRA,169.37
,HIAA80,90837,CPT4,460,11,MHMO,205
,REF,90837,CPT4,AK01,11,,169.37
,HIAA80,90837,CPT4,475,11,VPHMO,293
,HIAA80,90837,CPT4,954,11,MEPPO,205
,HIAA80,90837,CPT4,541,11,MC,449
,REF,90837,CPT4,AK01,11,QPOS,173.83
,HIAA80,90837,CPT4,467,11,ALL,180
,HIAA80,90837,CPT4,360,11,HMOAVN,172
,HIAA80,90837,CPT4,147,11,SLFIN,164
,HIAA80,90837,CPT4,111,11,MEPPO,256
,REF,90837,CPT4,AK01,11,TC,204.5
,HIAA80,90837,CPT4,232,11,DHMO,186
,HIAA80,90837,CPT4,436,11,NNHMO,185
,HIAA80,90837,CPT4,546,11,MEPPO,413
,HIAA80,90837,CPT4,622,11,MWC,190
,HIAA80,90837,CPT4,212,11,MEFFS,184
,HIAA80,90837,CPT4,388,11,DPPO,205
,HIAA80,90837,CPT4,066,11,DHMO,225
,HIAA80,90837,CPT4,535,11,MEHMO,247
,HIAA80,90837,CPT4,294,11,NNHMO,231
,HIAA80,90837,CPT4,062,11,ALL,201
,HIAA80,90837,CPT4,620,11,DPPO,195
,HIAA80,90837,CPT4,437,11,HMOHRA,205
,HIAA80,90837,CPT4,300,11,MEPOS,226
,REF,90837,CPT4,AK01,11,POS,169.37
,HIAA80,90837,CPT4,974,11,HMOAVN,271
,HIAA80,90837,CPT4,153,11,NNHMO,179
,HIAA80,90837,CPT4,996,11,TRICR,266
,REF,90837,CPT4,AK01,11,MEFFS,153.38
,REF,90837,CPT4,AK01,11,MPPO,169.37
,HIAA80,90837,CPT4,342,11,POS,268
,HIAA80,90837,CPT4,287,11,DHMO,222
,HIAA80,90837,CPT4,232,11,HMOHRA,186
,HIAA80,90837,CPT4,669,11,DPPO,201
,HIAA80,90837,CPT4,490,11,MEPPO,206
,HIAA80,90837,CPT4,298,11,HMOHRA,257
,HIAA80,90837,CPT4,921,11,MBH,257
,HIAA80,90837,CPT4,296,11,VPHMO,185
,HIAA80,90837,CPT4,618,11,MC,211
,HIAA80,90837,CPT4,444,11,MEHMO,200
,HIAA80,90837,CPT4,856,11,MHMO,226
,HIAA80,90837,CPT4,230,11,MCARE,204
,HIAA80,90837,CPT4,336,11,MEPO,282
,REF,90837,CPT4,AK01,11,MEPPO,169.37
,HIAA80,90837,CPT4,544,11,TC,257
,HIAA80,90837,CPT4,111,11,SLFIN,256
,HIAA80,90837,CPT4,571,11,,251
,HIAA80,90837,CPT4,708,11,HMO,154
,HIAA80,90837,CPT4,462,11,SLFIN,222
,HIAA80,90837,CPT4,394,11,POS,205
,HIAA80,90837,CPT4,221,11,ALL,205
,HIAA80,90837,CPT4,995,11,MHMO,298
,HIAA80,90837,CPT4,967,11,NNHMO,251
,HIAA80,90837,CPT4,080,11,MHMO,226
,HIAA80,90837,CPT4,731,11,POS,194
,HIAA80,90837,CPT4,481,11,HMO,231
,HIAA80,90837,CPT4,130,11,SLFIN,179
,HIAA80,90837,CPT4,021,11,HMO,276
,HIAA80,90837,CPT4,242,11,DHMO,210
,HIAA80,90837,CPT4,531,11,DHMO,288
,HIAA80,90837,CPT4,611,11,POS,257
,HIAA80,90837,CPT4,703,11,POS,154
,REF,90837,CPT4,AK01,11,SLFIN,225.83
,REF,90837,CPT4,AK01,11,MEPPO,225.83
,HIAA80,90837,CPT4,278,11,MHMO,246
,HIAA80,90837,CPT4,622,11,DHMO,190
,HIAA80,90837,CPT4,571,11,TC,251
,HIAA80,90837,CPT4,260,11,MPPO,226
,HIAA80,90837,CPT4,760,11,HMO,225
,HIAA80,90837,CPT4,467,11,USACC,180
,REF,90837,CPT4,AK01,11,MC,225.83
,HIAA80,90837,CPT4,590,11,,190
,REF,90837,CPT4,AK01,11,NNHMO,204.5
,HIAA80,90837,CPT4,893,11,QPOS,257
,HIAA80,90837,CPT4,226,11,MEHMO,233
,HIAA80,90837,CPT4,470,11,TRICR,176
,HIAA80,90837,CPT4,407,11,MWC,211
,HIAA80,90837,CPT4,851,11,HMOHRA,226
,HIAA80,90837,CPT4,760,11,MPPO,225
,HIAA80,90837,CPT4,490,11,VPHMO,206
,HIAA80,90837,CPT4,940,11,NNHMO,298
,HIAA80,90837,CPT4,921,11,MCAID,257
,HIAA80,90837,CPT4,446,11,TC,181
,HIAA80,90837,CPT4,064,11,ALL,201
,HIAA80,90837,CPT4,337,11,MEPOS,273
,HIAA80,90837,CPT4,363,11,MEPOS,174
,HIAA80,90837,CPT4,480,11,MHMO,231
,HIAA80,90837,CPT4,142,11,TRICR,204
,HIAA80,90837,CPT4,604,11,VPHMO,241
,HIAA80,90837,CPT4,604,11,MEPO,241
,HIAA80,90837,CPT4,420,11,MC,164
,REF,90837,CPT4,AK01,11,MEHMO,225.83
,HIAA80,90837,CPT4,080,11,TC,226
,HIAA80,90837,CPT4,544,11,,257
,REF,90837,CPT4,AK01,11,MBH,225.83
,HIAA80,90837,CPT4,752,11,ALL,220
,HIAA80,90837,CPT4,787,11,HMOHRA,273
,HIAA80,90837,CPT4,475,11,ALL,293
,HIAA80,90837,CPT4,765,11,MEHMO,241
,HIAA80,90837,CPT4,062,11,MEPO,201
,HIAA80,90837,CPT4,752,11,MCAID,220
,HIAA80,90837,CPT4,370,11,HMOHRA,193
,HIAA80,90837,CPT4,150,11,USACC,185
,HIAA80,90837,CPT4,580,11,DHMO,334
,HIAA80,90837,CPT4,028,11,USACC,195
,HIAA80,90837,CPT4,554,11,HMOAVN,251
,HIAA80,90837,CPT4,294,11,VPHMO,231
,HIAA80,90837,CPT4,954,11,NNHMO,205
,HIAA80,90837,CPT4,850,11,MEHMO,251
,HIAA80,90837,CPT4,044,11,,184
,HIAA80,90837,CPT4,666,11,EAP,206
,HIAA80,90837,CPT4,388,11,NNHMO,205
,HIAA80,90837,CPT4,352,11,TRICR,179
,HIAA80,90837,CPT4,537,11,MCARE,251
,HIAA80,90837,CPT4,833,11,DPPO,215
,HIAA80,90837,CPT4,221,11,TC,205
,HIAA80,90837,CPT4,563,11,SLFIN,258
,HIAA80,90837,CPT4,442,11,MEPO,186
,REF,90837,CPT4,AK01,11,MEPPO,225.83
,HIAA80,90837,CPT4,038,11,MEHMO,201
,HIAA80,90837,CPT4,893,11,EAP,257
,HIAA80,90837,CPT4,774,11,HMOHRA,230
,HIAA80,90837,CPT4,153,11,HMO,179
,HIAA80,90837,CPT4,535,11,ALL,247
,HIAA80,90837,CPT4,050,11,QPOS,174
,HIAA80,90837,CPT4,407,11,HMO,211
,HIAA80,90837,CPT4,454,11,MEFFS,179
,HIAA80,90837,CPT4,535,11,MEPOS,247
,HIAA80,90837,CPT4,618,11,DPPO,211
,HIAA80,90837,CPT4,967,11,POS,251
,HIAA80,90837,CPT4,716,11,MEPPO,245
,HIAA80,90837,CPT4,224,11,MEPOS,195
,HIAA80,90837,CPT4,100,11,HMO,364
,HIAA80,90837,CPT4,913,11,MEHMO,276
,HIAA80,90837,CPT4,531,11,MPPO,288
,HIAA80,90837,CPT4,535,11,EAP,247
,HIAA80,90837,CPT4,590,11,MPPO,190
,HIAA80,90837,CPT4,995,11,MEFFS,298
,HIAA80,90837,CPT4,339,11,HMOHRA,337
,HIAA80,90837,CPT4,370,11,MEPO,193
,HIAA80,90837,CPT4,295,11,HMOAVN,179
,HIAA80,90837,CPT4,295,11,QPOS,179
,HIAA80,90837,CPT4,752,11,MEHMO,220
,HIAA80,90837,CPT4,462,11,HMOHRA,222
,HIAA80,90837,CPT4,233,11,MEPOS,251
,HIAA80,90837,CPT4,490,11,ALL,206
,HIAA80,90837,CPT4,450,11,TC,231
,REF,90837,CPT4,AK01,11,HMOHRA,225.83
,REF,90837,CPT4,AK01,11,MEPPO,153.38
,REF,90837,CPT4,AK01,11,DHMO,204.5
,HIAA80,90837,CPT4,296,11,POS,185
,HIAA80,90837,CPT4,652,11,DPPO,154
,HIAA80,90837,CPT4,344,11,ALL,265
,HIAA80,90837,CPT4,341,11,MEFFS,302
,HIAA80,90837,CPT4,054,11,EAP,154
,HIAA80,90837,CPT4,920,11,DHMO,297
,HIAA80,90837,CPT4,360,11,HMO,172
,HIAA80,90837,CPT4,932,11,MBH,251
,HIAA80,90837,CPT4,194,11,MEPO,205
,HIAA80,90837,CPT4,450,11,,231
,HIAA80,90837,CPT4,850,11,MEPOS,251
,HIAA80,90837,CPT4,021,11,EAP,276
,HIAA80,90837,CPT4,537,11,USACC,251
,REF,90837,CPT4,AK01,11,TRICR,204.5
,HIAA80,90837,CPT4,531,11,MEFFS,288
,HIAA80,90837,CPT4,304,11,NNHMO,249
,HIAA80,90837,CPT4,335,11,MPPO,284
,REF,90837,CPT4,AK01,11,MBH,169.37
,HIAA80,90837,CPT4,535,11,HMOAVN,247
,HIAA80,90837,CPT4,535,11,SLFIN,247
,HIAA80,90837,CPT4,553,11,MEPO,253
,HIAA80,90837,CPT4,050,11,DHMO,174
,HIAA80,90837,CPT4,164,11,MWC,176
,HIAA80,90837,CPT4,602,11,DHMO,206
,REF,90837,CPT4,AK01,11,HMOHRA,204.5
,HIAA80,90837,CPT4,731,11,EAP,194
,HIAA80,90837,CPT4,708,11,EAP,154
,HIAA80,90837,CPT4,616,11,MPPO,221
,HIAA80,90837,CPT4,475,11,HMO,293
,HIAA80,90837,CPT4,150,11,TC,185
,HIAA80,90837,CPT4,290,11,MEPOS,164
,HIAA80,90837,CPT4,292,11,MBH,189
,HIAA80,90837,CPT4,560,11,MHMO,259
,HIAA80,90837,CPT4,490,11,QPOS,206
,HIAA80,90837,CPT4,840,11,HMO,185
,HIAA80,90837,CPT4,561,11,NNHMO,302
,HIAA80,90837,CPT4,247,11,MEHMO,231
,HIAA80,90837,CPT4,554,11,MEPOS,251
,HIAA80,90837,CPT4,226,11,HMOAVN,233
,HIAA80,90837,CPT4,490,11,MEFFS,206
,HIAA80,90837,CPT4,142,11,POS,204
,HIAA80,90837,CPT4,890,11,TC,215
,HIAA80,90837,CPT4,652,11,MEPOS,154
,HIAA80,90837,CPT4,967,11,TRICR,251
,HIAA80,90837,CPT4,483,11,USACC,232
,HIAA80,90837,CPT4,150,11,MHMO,185
,HIAA80,90837,CPT4,308,11,MWC,225
,HIAA80,90837,CPT4,462,11,MEPOS,222
,HIAA80,90837,CPT4,708,11,SLFIN,154
,HIAA80,90837,CPT4,336,11,MCAID,282
,HIAA80,90837,CPT4,995,11,MEPOS,298
,HIAA80,90837,CPT4,446,11,MWC,181
,HIAA80,90837,CPT4,954,11,HMOHRA,205
,HIAA80,90837,CPT4,840,11,MEHMO,185
,HIAA80,90837,CPT4,805,11,SLFIN,274
,HIAA80,90837,CPT4,775,11,MWC,205
,HIAA80,90837,CPT4,066,11,MHMO,225
,HIAA80,90837,CPT4,563,11,HMO,258
,HIAA80,90837,CPT4,549,11,MEFFS,413
,REF,90837,CPT4,AK01,11,MEPOS,225.83
,HIAA80,90837,CPT4,878,11,HMOHRA,231
,HIAA80,90837,CPT4,432,11,POS,283
,REF,90837,CPT4,AK01,11,MWC,169.37
,HIAA80,90837,CPT4,703,11,ALL,154
,REF,90837,CPT4,AK01,11,MCAID,204.5
,HIAA80,90837,CPT4,065,11,MEPO,205
,HIAA80,90837,CPT4,388,11,TC,205
,HIAA80,90837,CPT4,563,11,TRICR,258
,REF,90837,CPT4,AK01,11,QPOS,191.95
,HIAA80,90837,CPT4,282,11,TRICR,251
,HIAA80,90837,CPT4,232,11,MCAID,186
,HIAA80,90837,CPT4,278,11,MEPOS,246
,HIAA80,90837,CPT4,212,11,MPPO,184
,HIAA80,90837,CPT4,194,11,TRICR,205
,REF,90837,CPT4,AK01,11,MEHMO,225.83
,HIAA80,90837,CPT4,570,11,TC,231
,HIAA80,90837,CPT4,142,11,ALL,204
,HIAA80,90837,CPT4,840,11,HMOAVN,185
,HIAA80,90837,CPT4,448,11,QPOS,175
,HIAA80,90837,CPT4,287,11,NNHMO,222
,HIAA80,90837,CPT4,640,11,MC,176
,HIAA80,90837,CPT4,233,11,USACC,251
,HIAA80,90837,CPT4,201,11,SLFIN,273
,HIAA80,90837,CPT4,372,11,SLFIN,277
,HIAA80,90837,CPT4,381,11,MEHMO,201
,HIAA80,90837,CPT4,801,11,DPPO,274
,HIAA80,90837,CPT4,612,11,MEFFS,231
,HIAA80,90837,CPT4,440,11,SLFIN,216
,HIAA80,90837,CPT4,856,11,ALL,226
,HIAA80,90837,CPT4,470,11,MEPOS,176
,HIAA80,90837,CPT4,242,11,USACC,210
,HIAA80,90837,CPT4,024,11,EAP,256
,HIAA80,90837,CPT4,339,11,MCARE,337
,HIAA80,90837,CPT4,805,11,DPPO,274
,HIAA80,90837,CPT4,530,11,HMO,288
,HIAA80,90837,CPT4,974,11,TC,271
,HIAA80,90837,CPT4,381,11,HMOHRA,201
,HIAA80,90837,CPT4,017,11,HMOAVN,226
,HIAA80,90837,CPT4,710,11,MCAID,179
,HIAA80,90837,CPT4,296,11,MHMO,185
,HIAA80,90837,CPT4,748,11,MEHMO,205
,HIAA80,90837,CPT4,580,11,MEPPO,334
,HIAA80,90837,CPT4,600,11,TC,206
,HIAA80,90837,CPT4,381,11,HMOAVN,201
,HIAA80,90837,CPT4,730,11,EAP,179
,REF,90837,CPT4,AK01,11,MCAID,225.83
,HIAA80,90837,CPT4,549,11,ALL,413
,HIAA80,90837,CPT4,240,11,USACC,189
,HIAA80,90837,CPT4,080,11,MC,226
,HIAA80,90837,CPT4,387,11,HMOAVN,205
,HIAA80,90837,CPT4,337,11,ALL,273
,HIAA80,90837,CPT4,115,11,MCARE,352
,HIAA80,90837,CPT4,465,11,MEPPO,190
,HIAA80,90837,CPT4,620,11,QPOS,195
,REF,90837,CPT4,AK01,11,MWC,225.83
,HIAA80,90837,CPT4,115,11,USACC,352
,HIAA80,90837,CPT4,602,11,MCAID,206
,HIAA80,90837,CPT4,936,11,HMOHRA,205
,REF,90837,CPT4,AK01,11,TRICR,153.38
,HIAA80,90837,CPT4,292,11,TRICR,189
,HIAA80,90837,CPT4,017,11,USACC,226
,HIAA80,90837,CPT4,945,11,SLFIN,274
,HIAA80,90837,CPT4,820,11,MWC,256
,REF,90837,CPT4,AK01,11,MCAID,191.95
,HIAA80,90837,CPT4,350,11,POS,164
,HIAA80,90837,CPT4,541,11,DPPO,449
,HIAA80,90837,CPT4,331,11,MEPOS,358
,HIAA80,90837,CPT4,341,11,MC,302
,HIAA80,90837,CPT4,292,11,MEFFS,189
,REF,90837,CPT4,AK01,11,SLFIN,153.38
,HIAA80,90837,CPT4,067,11,NNHMO,205
,HIAA80,90837,CPT4,660,11,MEFFS,185
,HIAA80,90837,CPT4,200,11,TRICR,257
,HIAA80,90837,CPT4,440,11,TRICR,216
,REF,90837,CPT4,AK01,11,POS,225.83
,HIAA80,90837,CPT4,278,11,DHMO,246
,HIAA80,90837,CPT4,531,11,VPHMO,288
,HIAA80,90837,CPT4,730,11,HMOHRA,179
,HIAA80,90837,CPT4,470,11,DHMO,176
,HIAA80,90837,CPT4,730,11,NNHMO,179
,HIAA80,90837,CPT4,954,11,DPPO,205
,HIAA80,90837,CPT4,240,11,MEPOS,189
,HIAA80,90837,CPT4,716,11,MC,245
,HIAA80,90837,CPT4,080,11,MEHMO,226
,HIAA80,90837,CPT4,363,11,MHMO,174
,HIAA80,90837,CPT4,452,11,MEFFS,180
,HIAA80,90837,CPT4,475,11,MPPO,293
,HIAA80,90837,CPT4,430,11,ALL,231
,HIAA80,90837,CPT4,913,11,QPOS,276
,HIAA80,90837,CPT4,194,11,SLFIN,205
,HIAA80,90837,CPT4,381,11,MWC,201
,HIAA80,90837,CPT4,113,11,DPPO,308
,HIAA80,90837,CPT4,580,11,HMO,334
,HIAA80,90837,CPT4,765,11,MEFFS,241
,REF,90837,CPT4,AK01,11,QPOS,204.5
,HIAA80,90837,CPT4,940,11,EAP,298
,HIAA80,90837,CPT4,403,11,MPPO,205
,HIAA80,90837,CPT4,480,11,TRICR,231
,HIAA80,90837,CPT4,551,11,MEFFS,251
,HIAA80,90837,CPT4,773,11,MEPOS,241
,HIAA80,90837,CPT4,647,11,TRICR,200
,HIAA80,90837,CPT4,316,11,MEFFS,241
,HIAA80,90837,CPT4,541,11,MEFFS,449
,REF,90837,CPT4,AK01,11,MEPPO,169.37
,REF,90837,CPT4,AK01,11,HMOAVN,153.38
,HIAA80,90837,CPT4,441,11,NNHMO,257
,HIAA80,90837,CPT4,496,11,TRICR,215
,HIAA80,90837,CPT4,770,11,VPHMO,352
,HIAA80,90837,CPT4,910,11,MEHMO,256
,HIAA80,90837,CPT4,469,11,HMOAVN,205
,REF,90837,CPT4,AK01,11,,191.95
,HIAA80,90837,CPT4,044,11,HMOHRA,184
,HIAA80,90837,CPT4,215,11,MEPPO,200
,HIAA80,90837,CPT4,077,11,TC,205
,HIAA80,90837,CPT4,066,11,NNHMO,225
,HIAA80,90837,CPT4,820,11,MPPO,256
,HIAA80,90837,CPT4,554,11,EAP,251
,HIAA80,90837,CPT4,787,11,MWC,273
,HIAA80,90837,CPT4,708,11,,154
,HIAA80,90837,CPT4,152,11,MEHMO,180
,HIAA80,90837,CPT4,153,11,MEHMO,179
,HIAA80,90837,CPT4,295,11,HMO,179
,HIAA80,90837,CPT4,337,11,VPHMO,273
,HIAA80,90837,CPT4,402,11,HMO,205
,HIAA80,90837,CPT4,748,11,NNHMO,205
,HIAA80,90837,CPT4,748,11,MEPO,205
,HIAA80,90837,CPT4,495,11,MWC,205
,HIAA80,90837,CPT4,460,11,MEFFS,205
,HIAA80,90837,CPT4,760,11,ALL,225
,HIAA80,90837,CPT4,247,11,QPOS,231
,HIAA80,90837,CPT4,855,11,MBH,275
,HIAA80,90837,CPT4,105,11,NNHMO,367
,HIAA80,90837,CPT4,339,11,USACC,337
,HIAA80,90837,CPT4,553,11,MCAID,253
,HIAA80,90837,CPT4,554,11,POS,251
,HIAA80,90837,CPT4,394,11,MCAID,205
,REF,90837,CPT4,AK01,11,HMOAVN,225.83
,HIAA80,90837,CPT4,465,11,MCARE,190
,HIAA80,90837,CPT4,541,11,DHMO,449
,HIAA80,90837,CPT4,070,11,MEPO,301
,HIAA80,90837,CPT4,467,11,MC,180
,HIAA80,90837,CPT4,954,11,MEHMO,205
,REF,90837,CPT4,AK01,11,MBH,204.5
,HIAA80,90837,CPT4,652,11,MEPPO,154
,HIAA80,90837,CPT4,546,11,MWC,413
,HIAA80,90837,CPT4,210,11,DPPO,205
,HIAA80,90837,CPT4,920,11,MEPOS,297
,HIAA80,90837,CPT4,932,11,MCARE,251
,HIAA80,90837,CPT4,294,11,USACC,231
,HIAA80,90837,CPT4,484,11,HMOHRA,251
,REF,90837,CPT4,AK01,11,MEPOS,225.83
,REF,90837,CPT4,AK01,11,MC,169.37
,HIAA80,90837,CPT4,441,11,ALL,257
,HIAA80,90837,CPT4,080,11,USACC,226
,REF,90837,CPT4,AK01,11,MEPO,153.38
,HIAA80,90837,CPT4,760,11,DHMO,225
,HIAA80,90837,CPT4,360,11,VPHMO,172
,HIAA80,90837,CPT4,701,11,MCAID,184
,HIAA80,90837,CPT4,308,11,MEPOS,225
,REF,90837,CPT4,AK01,11,POS,204.5
,HIAA80,90837,CPT4,080,11,ALL,226
,HIAA80,90837,CPT4,021,11,MEFFS,276
,HIAA80,90837,CPT4,932,11,SLFIN,251
,HIAA80,90837,CPT4,493,11,,201
,REF,90837,CPT4,AK01,11,MHMO,153.38
,HIAA80,90837,CPT4,028,11,POS,195
,HIAA80,90837,CPT4,336,11,DPPO,282
,HIAA80,90837,CPT4,086,11,TC,261
,HIAA80,90837,CPT4,467,11,VPHMO,180
,HIAA80,90837,CPT4,524,11,VPHMO,200
,HIAA80,90837,CPT4,559,11,TRICR,256
,HIAA80,90837,CPT4,440,11,DHMO,216
,HIAA80,90837,CPT4,939,11,QPOS,231
,REF,90837,CPT4,AK01,11,MEFFS,153.38
,REF,90837,CPT4,AK01,11,MWC,191.95
,HIAA80,90837,CPT4,974,11,MC,271
,HIAA80,90837,CPT4,488,11,DPPO,226
,HIAA80,90837,CPT4,370,11,MCARE,193
,HIAA80,90837,CPT4,750,11,QPOS,236
,HIAA80,90837,CPT4,495,11,EAP,205
,REF,90837,CPT4,AK01,11,ALL,204.5
,HIAA80,90837,CPT4,446,11,MBH,181
,HIAA80,90837,CPT4,215,11,MC,200
,HIAA80,90837,CPT4,480,11,SLFIN,231
,HIAA80,90837,CPT4,292,11,MWC,189
,HIAA80,90837,CPT4,411,11,HMOAVN,204
,HIAA80,90837,CPT4,240,11,MBH,189
,REF,90837,CPT4,AK01,11,EAP,169.37
,HIAA80,90837,CPT4,545,11,TRICR,262
,HIAA80,90837,CPT4,295,11,USACC,179
,HIAA80,90837,CPT4,100,11,MEPOS,364
,HIAA80,90837,CPT4,805,11,HMOAVN,274
,HIAA80,90837,CPT4,530,11,MEPO,288
,HIAA80,90837,CPT4,703,11,MCARE,154
,HIAA80,90837,CPT4,996,11,MWC,266
,REF,90837,CPT4,AK01,11,MWC,204.5
,HIAA80,90837,CPT4,164,11,TC,176
,HIAA80,90837,CPT4,591,11,TRICR,205
,HIAA80,90837,CPT4,115,11,MWC,352
,HIAA80,90837,CPT4,730,11,MEPOS,179
,HIAA80,90837,CPT4,402,11,MPPO,205
,HIAA80,90837,CPT4,731,11,NNHMO,194
,HIAA80,90837,CPT4,622,11,MEFFS,190
,HIAA80,90837,CPT4,488,11,MEFFS,226
,HIAA80,90837,CPT4,230,11,,204
,HIAA80,90837,CPT4,292,11,POS,189
,HIAA80,90837,CPT4,486,11,DPPO,215
,HIAA80,90837,CPT4,278,11,POS,246
,HIAA80,90837,CPT4,561,11,DHMO,302
,HIAA80,90837,CPT4,580,11,MC,334
,HIAA80,90837,CPT4,833,11,MEPPO,215
,HIAA80,90837,CPT4,480,11,,231
,HIAA80,90837,CPT4,910,11,MEPOS,256
,HIAA80,90837,CPT4,855,11,HMOAVN,275
,HIAA80,90837,CPT4,531,11,MEHMO,288
,HIAA80,90837,CPT4,282,11,MEPO,251
,HIAA80,90837,CPT4,647,11,DPPO,200
,HIAA80,90837,CPT4,295,11,TRICR,179
,HIAA80,90837,CPT4,388,11,USACC,205
,HIAA80,90837,CPT4,402,11,TRICR,205
,HIAA80,90837,CPT4,841,11,DHMO,185
,HIAA80,90837,CPT4,462,11,MBH,222
,HIAA80,90837,CPT4,067,11,HMO,205
,HIAA80,90837,CPT4,164,11,ALL,176
,REF,90837,CPT4,AK01,11,DHMO,204.5
,HIAA80,90837,CPT4,292,11,SLFIN,189
,HIAA80,90837,CPT4,304,11,MEHMO,249
,HIAA80,90837,CPT4,065,11,TC,205
,HIAA80,90837,CPT4,446,11,MPPO,181
,HIAA80,90837,CPT4,541,11,MEPO,449
,HIAA80,90837,CPT4,820,11,DHMO,256
,HIAA80,90837,CPT4,612,11,MC,231
,REF,90837,CPT4,AK01,11,DPPO,153.38
,HIAA80,90837,CPT4,563,11,QPOS,258
,HIAA80,90837,CPT4,153,11,TC,179
,HIAA80,90837,CPT4,327,11,SLFIN,199
,HIAA80,90837,CPT4,153,11,MEPPO,179
,REF,90837,CPT4,AK01,11,MEPPO,225.83
,HIAA80,90837,CPT4,730,11,MCAID,179
,HIAA80,90837,CPT4,411,11,USACC,204
,HIAA80,90837,CPT4,407,11,DPPO,211
,HIAA80,90837,CPT4,940,11,MC,298
,HIAA80,90837,CPT4,530,11,USACC,288
,HIAA80,90837,CPT4,470,11,HMO,176
,HIAA80,90837,CPT4,239,11,MEFFS,256
,HIAA80,90837,CPT4,893,11,HMOHRA,257
,HIAA80,90837,CPT4,050,11,SLFIN,174
,HIAA80,90837,CPT4,913,11,MC,276
,HIAA80,90837,CPT4,530,11,MBH,288
,REF,90837,CPT4,AK01,11,TC,153.38
,HIAA80,90837,CPT4,756,11,NNHMO,242
,REF,90837,CPT4,AK01,11,MEPPO,204.5
,HIAA80,90837,CPT4,360,11,MEHMO,172
,REF,90837,CPT4,AK01,11,MPPO,169.37
,HIAA80,90837,CPT4,553,11,MEPOS,253
,HIAA80,90837,CPT4,856,11,HMOHRA,226
,HIAA80,90837,CPT4,943,11,SLFIN,601
,HIAA80,90837,CPT4,546,11,QPOS,413
,REF,90837,CPT4,AK01,11,HMOAVN,204.5
,HIAA80,90837,CPT4,287,11,MBH,222
,REF,90837,CPT4,AK01,11,MEPO,153.38
,HIAA80,90837,CPT4,260,11,,226
,HIAA80,90837,CPT4,920,11,TC,297
,HIAA80,90837,CPT4,710,11,HMOAVN,179
,HIAA80,90837,CPT4,590,11,MEPPO,190
,HIAA80,90837,CPT4,013,11,DPPO,215
,HIAA80,90837,CPT4,446,11,ALL,181
,HIAA80,90837,CPT4,344,11,POS,265
,REF,90837,CPT4,AK01,11,HMOAVN,153.38
,HIAA80,90837,CPT4,442,11,HMO,186
,HIAA80,90837,CPT4,540,11,QPOS,257
,HIAA80,90837,CPT4,530,11,MEHMO,288
,HIAA80,90837,CPT4,560,11,MC,259
,HIAA80,90837,CPT4,570,11,DPPO,231
,REF,90837,CPT4,AK01,11,MPPO,204.5
,HIAA80,90837,CPT4,240,11,DPPO,189
,HIAA80,90837,CPT4,432,11,MEPOS,283
,HIAA80,90837,CPT4,350,11,MCAID,164
,HIAA80,90837,CPT4,545,11,MWC,262
,HIAA80,90837,CPT4,669,11,POS,201
,HIAA80,90837,CPT4,372,11,,277
,HIAA80,90837,CPT4,940,11,VPHMO,298
,HIAA80,90837,CPT4,038,11,MEPPO,201
,HIAA80,90837,CPT4,028,11,ALL,195
,HIAA80,90837,CPT4,945,11,MC,274
,HIAA80,90837,CPT4,050,11,HMOHRA,174
,HIAA80,90837,CPT4,387,11,TRICR,205
,HIAA80,90837,CPT4,801,11,TRICR,274
,HIAA80,90837,CPT4,208,11,MEPPO,273
,HIAA80,90837,CPT4,752,11,MHMO,220
,REF,90837,CPT4,AK01,11,DPPO,169.37
,HIAA80,90837,CPT4,212,11,EAP,184
,HIAA80,90837,CPT4,540,11,MCAID,257
,HIAA80,90837,CPT4,344,11,MEPOS,265
,HIAA80,90837,CPT4,893,11,POS,257
,HIAA80,90837,CPT4,543,11,HMO,437
,HIAA80,90837,CPT4,460,11,POS,205
,HIAA80,90837,CPT4,618,11,VPHMO,211
,HIAA80,90837,CPT4,775,11,MPPO,205
,HIAA80,90837,CPT4,996,11,POS,266
,HIAA80,90837,CPT4,590,11,MC,190
,HIAA80,90837,CPT4,335,11,EAP,284
,HIAA80,90837,CPT4,996,11,NNHMO,266
,HIAA80,90837,CPT4,531,11,QPOS,288
,HIAA80,90837,CPT4,756,11,TRICR,242
,HIAA80,90837,CPT4,549,11,TC,413
,HIAA80,90837,CPT4,486,11,MBH,215
,HIAA80,90837,CPT4,483,11,MPPO,232
,HIAA80,90837,CPT4,194,11,ALL,205
,HIAA80,90837,CPT4,731,11,MPPO,194
,HIAA80,90837,CPT4,210,11,HMO,205
,HIAA80,90837,CPT4,450,11,MHMO,231
,HIAA80,90837,CPT4,800,11,POS,260
,HIAA80,90837,CPT4,622,11,SLFIN,190
,HIAA80,90837,CPT4,773,11,MBH,241
,HIAA80,90837,CPT4,164,11,MPPO,176
,HIAA80,90837,CPT4,731,11,VPHMO,194
,HIAA80,90837,CPT4,928,11,SLFIN,277
,HIAA80,90837,CPT4,546,11,NNHMO,413
,REF,90837,CPT4,AK01,11,MCARE,204.5
,REF,90837,CPT4,AK01,11,MBH,225.83
,HIAA80,90837,CPT4,100,11,HMOHRA,364
,REF,90837,CPT4,AK01,11,,153.38
,HIAA80,90837,CPT4,995,11,MWC,298
,HIAA80,90837,CPT4,100,11,DPPO,364
,REF,90837,CPT4,AK01,11,MEPOS,225.83
,HIAA80,90837,CPT4,602,11,TRICR,206
,HIAA80,90837,CPT4,341,11,MEPPO,302
,REF,90837,CPT4,AL04,11,,106.61
,REF,90837,CPT4,AL04,11,MEFFS,106.61
,REF,90837,CPT4,AL05,11,EAP,106.61
,REF,90837,CPT4,CA01,11,MPPO,157.04
,REF,90837,CPT4,AK02,11,MEFFS,169.37
,REF,90837,CPT4,AL03,11,TRICR,106.61
,REF,90837,CPT4,AZ01,11,MBH,120.44
,REF,90837,CPT4,CA04,11,MEHMO,125.31
,REF,90837,CPT4,AZ01,11,TRICR,117.09
,REF,90837,CPT4,AL02,11,VPHMO,106.61
,REF,90837,CPT4,CA01,11,MEHMO,133.48
,REF,90837,CPT4,AR01,11,MPPO,99.02
,REF,90837,CPT4,CA02,11,MC,112.96
,REF,90837,CPT4,AZ01,11,MEPOS,90.33
,REF,90837,CPT4,AL04,11,HMO,142.14
,REF,90837,CPT4,AK02,11,MC,153.38
,REF,90837,CPT4,CA01,11,POS,117.78
,REF,90837,CPT4,CA01,11,MCARE,117.78
,REF,90837,CPT4,AL08,11,VPHMO,142.14
,REF,90837,CPT4,AZ01,11,DHMO,120.44
,REF,90837,CPT4,AZ01,11,MC,120.44
,REF,90837,CPT4,CA01,11,HMOAVN,157.04
,REF,90837,CPT4,AL04,11,POS,142.14
,REF,90837,CPT4,AL02,11,MEPO,106.61
,REF,90837,CPT4,AL04,11,EAP,106.61
,REF,90837,CPT4,AL02,11,MPPO,120.82
,REF,90837,CPT4,AL02,11,QPOS,106.61
,REF,90837,CPT4,AK02,11,TRICR,173.83
,REF,90837,CPT4,CA01,11,MC,117.78
,REF,90837,CPT4,CA04,11,MBH,110.57
,REF,90837,CPT4,AZ01,11,MEFFS,137.75
,REF,90837,CPT4,AL08,11,ALL,106.61
,REF,90837,CPT4,AZ01,11,NNHMO,117.09
,REF,90837,CPT4,AL02,11,MEPPO,142.14
,REF,90837,CPT4,CA02,11,MWC,150.61
,REF,90837,CPT4,AL07,11,USACC,106.61
,REF,90837,CPT4,AK02,11,MEFFS,173.83
,REF,90837,CPT4,AL03,11,MHMO,142.14
,REF,90837,CPT4,AK02,11,MC,191.95
,REF,90837,CPT4,AK02,11,EAP,169.37
,REF,90837,CPT4,AK02,11,POS,169.37
,REF,90837,CPT4,AK02,11,HMO,225.83
,REF,90837,CPT4,CA02,11,MPPO,150.61
,REF,90837,CPT4,AK02,11,MCARE,169.37
,REF,90837,CPT4,AK02,11,,225.83
,REF,90837,CPT4,AL08,11,MCAID,106.61
,REF,90837,CPT4,AL02,11,SLFIN,142.14
,REF,90837,CPT4,AL03,11,MWC,120.82
,REF,90837,CPT4,AL04,11,MCAID,120.82
,REF,90837,CPT4,AL06,11,MEHMO,106.61
,REF,90837,CPT4,AK02,11,MBH,204.5
,REF,90837,CPT4,AK02,11,SLFIN,153.38
,REF,90837,CPT4,AK02,11,MEPPO,173.83
,REF,90837,CPT4,AR01,11,MWC,78.49
,REF,90837,CPT4,AL05,11,TC,120.82
,REF,90837,CPT4,AL04,11,USACC,142.14
,REF,90837,CPT4,AL08,11,HMO,142.14
,REF,90837,CPT4,AL07,11,TRICR,120.82
,REF,90837,CPT4,AL05,11,MC,120.82
,REF,90837,CPT4,CA04,11,HMOHRA,147.42
,REF,90837,CPT4,AL07,11,ALL,142.14
,REF,90837,CPT4,AL04,11,MEHMO,142.14
,REF,90837,CPT4,AL04,11,HMOAVN,142.14
,REF,90837,CPT4,AL08,11,NNHMO,106.61
,REF,90837,CPT4,AL08,11,HMO,106.61
,REF,90837,CPT4,AZ01,11,MCAID,137.75
,REF,90837,CPT4,AL04,11,MEHMO,142.14
,REF,90837,CPT4,AL06,11,HMOHRA,120.82
,REF,90837,CPT4,AL02,11,MEPOS,142.14
,REF,90837,CPT4,CA01,11,DHMO,117.78
,REF,90837,CPT4,AK02,11,EAP,225.83
,REF,90837,CPT4,AZ01,11,POS,102.37
,REF,90837,CPT4,AL05,11,MEHMO,120.82
,REF,90837,CPT4,AL03,11,ALL,106.61
,REF,90837,CPT4,CA02,11,HMOAVN,112.96
,REF,90837,CPT4,AR01,11,MHMO,78.49
,REF,90837,CPT4,AL04,11,MEPO,142.14
,REF,90837,CPT4,AL03,11,USACC,142.14
,REF,90837,CPT4,AL02,11,MEPO,142.14
,REF,90837,CPT4,AL08,11,MEHMO,142.14
,REF,90837,CPT4,AL05,11,MEHMO,120.82
,REF,90837,CPT4,AL03,11,TRICR,142.14
,REF,90837,CPT4,AL03,11,HMOAVN,106.61
,REF,90837,CPT4,AL06,11,DHMO,142.14
,REF,90837,CPT4,CA04,11,EAP,110.57
,REF,90837,CPT4,AL06,11,MPPO,106.61
,REF,90837,CPT4,AK02,11,MCAID,153.38
,REF,90837,CPT4,CA01,11,MHMO,133.48
,REF,90837,CPT4,AR01,11,,78.49
,REF,90837,CPT4,AL08,11,MEPO,142.14
,REF,90837,CPT4,AL08,11,MCAID,142.14
,REF,90837,CPT4,AL08,11,MEFFS,142.14
,REF,90837,CPT4,AL07,11,HMOHRA,142.14
,REF,90837,CPT4,AL07,11,ALL,120.82
,REF,90837,CPT4,CA01,11,SLFIN,117.78
,REF,90837,CPT4,CA01,11,MEHMO,157.04
,REF,90837,CPT4,CA01,11,QPOS,117.78
,REF,90837,CPT4,CA04,11,MCAID,125.31
,REF,90837,CPT4,AR01,11,SLFIN,78.49
,REF,90837,CPT4,AZ01,11,POS,102.37
,REF,90837,CPT4,CA02,11,DHMO,128.02
,REF,90837,CPT4,CA02,11,HMOHRA,150.61
,REF,90837,CPT4,AL06,11,MCARE,120.82
,REF,90837,CPT4,AZ01,11,VPHMO,103.31
,REF,90837,CPT4,AL05,11,MHMO,106.61
,REF,90837,CPT4,AL05,11,MEFFS,106.61
,REF,90837,CPT4,AR01,11,DPPO,115.92
,REF,90837,CPT4,AL03,11,TRICR,142.14
,REF,90837,CPT4,AL06,11,NNHMO,120.82
,REF,90837,CPT4,AL05,11,,142.14
,REF,90837,CPT4,AR01,11,QPOS,115.92
,REF,90837,CPT4,AL04,11,MEFFS,106.61
,REF,90837,CPT4,AL02,11,NNHMO,142.14
,REF,90837,CPT4,CA02,11,,150.61
,REF,90837,CPT4,AL03,11,MEPO,142.14
,REF,90837,CPT4,AL04,11,POS,142.14
,REF,90837,CPT4,AL02,11,ALL,142.14
,REF,90837,CPT4,AZ01,11,TRICR,90.33
,REF,90837,CPT4,AL04,11,MCARE,142.14
,REF,90837,CPT4,AL03,11,MC,106.61
,REF,90837,CPT4,AL08,11,,142.14
,REF,90837,CPT4,AL07,11,MEHMO,142.14
,REF,90837,CPT4,AZ01,11,MHMO,137.75
,REF,90837,CPT4,AL02,11,TC,106.61
,REF,90837,CPT4,CA02,11,SLFIN,150.61
,REF,90837,CPT4,AR01,11,ALL,78.49
,REF,90837,CPT4,AK02,11,POS,204.5
,REF,90837,CPT4,AL03,11,MWC,142.14
,REF,90837,CPT4,CA04,11,HMOAVN,147.42
,REF,90837,CPT4,CA01,11,TC,157.04
,REF,90837,CPT4,AL04,11,MC,142.14
,REF,90837,CPT4,AZ01,11,MC,90.33
,REF,90837,CPT4,AL06,11,DHMO,142.14
,REF,90837,CPT4,AL03,11,SLFIN,106.61
,REF,90837,CPT4,AK02,11,MWC,225.83
,REF,90837,CPT4,AL04,11,MEPO,106.61
,REF,90837,CPT4,AL02,11,SLFIN,120.82
,REF,90837,CPT4,AK02,11,NNHMO,169.37
,REF,90837,CPT4,AL03,11,MEPOS,142.14
,REF,90837,CPT4,AL07,11,POS,120.82
,REF,90837,CPT4,AL08,11,NNHMO,120.82
,REF,90837,CPT4,AL07,11,HMOAVN,142.14
,REF,90837,CPT4,AL08,11,MEPO,142.14
,REF,90837,CPT4,CA04,11,MEPO,147.42
,REF,90837,CPT4,AL02,11,MC,142.14
,REF,90837,CPT4,AL08,11,NNHMO,106.61
,REF,90837,CPT4,AL02,11,SLFIN,120.82
,REF,90837,CPT4,AZ01,11,EAP,103.31
,REF,90837,CPT4,AK02,11,MEPO,225.83
,REF,90837,CPT4,AL02,11,ALL,106.61
,REF,90837,CPT4,AZ01,11,,137.75
,REF,90837,CPT4,AL08,11,,120.82
,REF,90837,CPT4,AK02,11,,169.37
,REF,90837,CPT4,AL02,11,QPOS,142.14
,REF,90837,CPT4,AZ01,11,,137.75
,REF,90837,CPT4,AZ01,11,EAP,137.75
,REF,90837,CPT4,CA01,11,HMO,157.04
,REF,90837,CPT4,CA04,11,MEPOS,147.42
,REF,90837,CPT4,AR01,11,MCAID,115.92
,REF,90837,CPT4,AL04,11,ALL,106.61
,REF,90837,CPT4,AK02,11,MBH,153.38
,REF,90837,CPT4,CA04,11,HMOAVN,147.42
,REF,90837,CPT4,AK02,11,MEHMO,169.37
,REF,90837,CPT4,AL06,11,POS,142.14
,REF,90837,CPT4,AL03,11,MPPO,142.14
,REF,90837,CPT4,CA02,11,HMOHRA,112.96
,REF,90837,CPT4,AL03,11,ALL,142.14
,REF,90837,CPT4,AL07,11,MWC,120.82
,REF,90837,CPT4,AL06,11,MCARE,142.14
,REF,90837,CPT4,AK02,11,,225.83
,REF,90837,CPT4,AL06,11,MCAID,120.82
,REF,90837,CPT4,CA01,11,MEFFS,117.78
,REF,90837,CPT4,CA01,11,MBH,157.04
,REF,90837,CPT4,CA01,11,MC,157.04
,REF,90837,CPT4,AR01,11,NNHMO,115.92
,REF,90837,CPT4,AZ01,11,DHMO,90.33
,REF,90837,CPT4,AZ01,11,HMO,103.31
,REF,90837,CPT4,AR01,11,HMO,78.49
,REF,90837,CPT4,AL08,11,MBH,142.14
,REF,90837,CPT4,AL07,11,POS,120.82
,REF,90837,CPT4,AL07,11,MEHMO,142.14
,REF,90837,CPT4,AL04,11,DPPO,142.14
,REF,90837,CPT4,AL04,11,QPOS,142.14
,REF,90837,CPT4,CA01,11,POS,157.04
,REF,90837,CPT4,AL02,11,DHMO,106.61
,REF,90837,CPT4,AL07,11,HMOAVN,106.61
,REF,90837,CPT4,CA04,11,MEFFS,147.42
,REF,90837,CPT4,CA02,11,NNHMO,150.61
,REF,90837,CPT4,AL02,11,DHMO,106.61
,REF,90837,CPT4,AL05,11,USACC,106.61
,REF,90837,CPT4,CA01,11,POS,157.04
,REF,90837,CPT4,AZ01,11,NNHMO,120.44
,REF,90837,CPT4,CA01,11,EAP,157.04
,REF,90837,CPT4,AL05,11,SLFIN,142.14
,REF,90837,CPT4,AZ01,11,MEPPO,103.31
,REF,90837,CPT4,AL06,11,MPPO,106.61
,REF,90837,CPT4,AR01,11,HMOHRA,115.92
,REF,90837,CPT4,AL06,11,NNHMO,142.14
,REF,90837,CPT4,AL02,11,MC,120.82
,REF,90837,CPT4,CA01,11,HMOHRA,157.04
,REF,90837,CPT4,AL02,11,HMOAVN,106.61
,REF,90837,CPT4,CA01,11,DPPO,157.04
,REF,90837,CPT4,CA02,11,DHMO,112.96
,REF,90837,CPT4,AK02,11,HMO,204.5
,REF,90837,CPT4,CA02,11,MEPO,150.61
,REF,90837,CPT4,AK02,11,TC,204.5
,REF,90837,CPT4,AL02,11,HMOAVN,142.14
,REF,90837,CPT4,AR01,11,MC,78.49
,REF,90837,CPT4,AL04,11,TRICR,142.14
,REF,90837,CPT4,AZ01,11,HMOAVN,137.75
,REF,90837,CPT4,AL07,11,EAP,120.82
,REF,90837,CPT4,AK02,11,POS,169.37
,REF,90837,CPT4,AR01,11,MEPPO,78.49
,REF,90837,CPT4,AL05,11,MBH,106.61
,REF,90837,CPT4,CA01,11,HMOAVN,157.04
,REF,90837,CPT4,AZ01,11,MHMO,137.75
,REF,90837,CPT4,CA01,11,MPPO,117.78
,REF,90837,CPT4,AL06,11,POS,106.61
,REF,90837,CPT4,AK02,11,SLFIN,169.37
,REF,90837,CPT4,CA02,11,MEPOS,112.96
,REF,90837,CPT4,AK02,11,MEPO,173.83
,REF,90837,CPT4,AL03,11,MPPO,142.14
,REF,90837,CPT4,AR01,11,MEPO,78.49
,REF,90837,CPT4,AK02,11,HMO,153.38
,REF,90837,CPT4,CA04,11,MEFFS,110.57
,REF,90837,CPT4,AK02,11,MEHMO,204.5
,REF,90837,CPT4,AK01,11,VPHMO,173.83
,REF,90837,CPT4,AL07,11,TRICR,142.14
,REF,90837,CPT4,CA01,11,NNHMO,117.78
,REF,90837,CPT4,AL08,11,TC,106.61
,REF,90837,CPT4,CA04,11,MEPOS,147.42
,REF,90837,CPT4,AZ01,11,,102.37
,REF,90837,CPT4,CA02,11,QPOS,150.61
,REF,90837,CPT4,AZ01,11,DHMO,103.31
,REF,90837,CPT4,AL02,11,MEHMO,106.61
,REF,90837,CPT4,CA01,11,MWC,157.04
,REF,90837,CPT4,AL07,11,MEPOS,142.14
,REF,90837,CPT4,AL07,11,HMOAVN,120.82
,REF,90837,CPT4,AL08,11,HMOHRA,142.14
,REF,90837,CPT4,CA01,11,VPHMO,157.04
,REF,90837,CPT4,AL06,11,DHMO,142.14
,REF,90837,CPT4,AL07,11,MEFFS,142.14
,REF,90837,CPT4,CA02,11,MC,150.61
,REF,90837,CPT4,CA01,11,MBH,157.04
,REF,90837,CPT4,AL06,11,MEPOS,120.82
,REF,90837,CPT4,AK02,11,MPPO,204.5
,REF,90837,CPT4,CA01,11,SLFIN,157.04
,REF,90837,CPT4,AL06,11,MHMO,142.14
,REF,90837,CPT4,AL07,11,NNHMO,142.14
,REF,90837,CPT4,AL04,11,TC,106.61
,REF,90837,CPT4,AL03,11,USACC,106.61
,REF,90837,CPT4,AL05,11,MWC,106.61
,REF,90837,CPT4,CA02,11,MCARE,150.61
,REF,90837,CPT4,AL02,11,MEPOS,106.61
,REF,90837,CPT4,AL02,11,MWC,142.14
,REF,90837,CPT4,AZ01,11,MEPOS,120.44
,REF,90837,CPT4,AR01,11,MHMO,78.49
,REF,90837,CPT4,AL07,11,ALL,120.82
,REF,90837,CPT4,AL03,11,,142.14
,REF,90837,CPT4,AL06,11,HMOAVN,106.61
,REF,90837,CPT4,AL02,11,MCAID,106.61
,REF,90837,CPT4,AK02,11,MC,204.5
,REF,90837,CPT4,CA01,11,MPPO,157.04
,REF,90837,CPT4,AZ01,11,MPPO,120.44
,REF,90837,CPT4,AZ01,11,MPPO,90.33
,REF,90837,CPT4,AZ01,11,MHMO,102.37
,REF,90837,CPT4,AL04,11,MEFFS,120.82
,REF,90837,CPT4,AL08,11,DPPO,142.14
,REF,90837,CPT4,AL03,11,HMO,142.14
,REF,90837,CPT4,AL04,11,MEHMO,142.14
,REF,90837,CPT4,AL04,11,DPPO,120.82
,REF,90837,CPT4,AL07,11,EAP,142.14
,REF,90837,CPT4,AK02,11,SLFIN,153.38
,REF,90837,CPT4,AL08,11,MEPOS,142.14
,REF,90837,CPT4,AL04,11,EAP,142.14
,REF,90837,CPT4,AL06,11,VPHMO,142.14
,REF,90837,CPT4,AK02,11,DHMO,191.95
,REF,90837,CPT4,AK02,11,,204.5
,REF,90837,CPT4,AK02,11,DPPO,153.38
,REF,90837,CPT4,AL03,11,MWC,142.14
,REF,90837,CPT4,AR01,11,HMO,78.49
,REF,90837,CPT4,AZ01,11,POS,137.75
,REF,90837,CPT4,AL08,11,POS,106.61
,REF,90837,CPT4,AL03,11,TRICR,142.14
,REF,90837,CPT4,AL02,11,HMOHRA,142.14
,REF,90837,CPT4,AZ01,11,TRICR,120.44
,REF,90837,CPT4,AL06,11,USACC,106.61
,REF,90837,CPT4,CA04,11,DHMO,147.42
,REF,90837,CPT4,AL03,11,QPOS,142.14
,REF,90837,CPT4,CA02,11,DHMO,150.61
,REF,90837,CPT4,AZ01,11,QPOS,103.31
,REF,90837,CPT4,CA02,11,MCAID,150.61
,REF,90837,CPT4,AL05,11,MWC,120.82
,REF,90837,CPT4,CA01,11,DHMO,117.78
,REF,90837,CPT4,CA01,11,QPOS,157.04
,REF,90837,CPT4,AL08,11,MHMO,106.61
,REF,90837,CPT4,AZ01,11,MC,117.09
,REF,90837,CPT4,AK02,11,MEFFS,153.38
,REF,90837,CPT4,CA01,11,HMO,117.78
,REF,90837,CPT4,AL04,11,HMO,106.61
,REF,90837,CPT4,AZ01,11,QPOS,120.44
,REF,90837,CPT4,AL03,11,MEPPO,142.14
,REF,90837,CPT4,AL02,11,MEPPO,106.61
,REF,90837,CPT4,AL07,11,NNHMO,142.14
,REF,90837,CPT4,AL06,11,TC,106.61
,REF,90837,CPT4,AL02,11,MBH,142.14
,REF,90837,CPT4,AL08,11,POS,106.61
,REF,90837,CPT4,AL08,11,QPOS,142.14
,REF,90837,CPT4,CA02,11,MEHMO,128.02
,REF,90837,CPT4,CA02,11,ALL,150.61
,REF,90837,CPT4,AL03,11,QPOS,106.61
,REF,90837,CPT4,AR01,11,MBH,115.92
,REF,90837,CPT4,AK02,11,MPPO,225.83
,REF,90837,CPT4,CA02,11,VPHMO,150.61
,REF,90837,CPT4,AZ01,11,HMOHRA,117.09
,REF,90837,CPT4,AZ01,11,DHMO,120.44
,REF,90837,CPT4,AZ01,11,MWC,120.44
,REF,90837,CPT4,CA01,11,QPOS,157.04
,REF,90837,CPT4,AZ01,11,MCARE,120.44
,REF,90837,CPT4,AL07,11,MCAID,106.61
,REF,90837,CPT4,CA02,11,MPPO,112.96
,REF,90837,CPT4,AL08,11,MEPPO,142.14
,REF,90837,CPT4,AL05,11,TRICR,106.61
,REF,90837,CPT4,AZ01,11,,117.09
,REF,90837,CPT4,AK02,11,VPHMO,153.38
,REF,90837,CPT4,AL02,11,DPPO,142.14
,REF,90837,CPT4,CA02,11,VPHMO,112.96
,REF,90837,CPT4,AL04,11,VPHMO,106.61
,REF,90837,CPT4,AL06,11,VPHMO,142.14
,REF,90837,CPT4,AR01,11,MWC,78.49
,REF,90837,CPT4,AZ01,11,HMO,120.44
,REF,90837,CPT4,AL06,11,TRICR,142.14
,REF,90837,CPT4,AL08,11,DPPO,106.61
,REF,90837,CPT4,AR01,11,MHMO,78.49
,REF,90837,CPT4,AL05,11,HMOAVN,142.14
,REF,90837,CPT4,AL08,11,ALL,106.61
,REF,90837,CPT4,AZ01,11,SLFIN,137.75
,REF,90837,CPT4,AZ01,11,HMOAVN,120.44
,REF,90837,CPT4,AL06,11,HMOHRA,142.14
,REF,90837,CPT4,AL05,11,MEHMO,142.14
,REF,90837,CPT4,AK02,11,EAP,153.38
,REF,90837,CPT4,AL07,11,HMO,142.14
,REF,90837,CPT4,AZ01,11,DPPO,103.31
,REF,90837,CPT4,AL04,11,TC,142.14
,REF,90837,CPT4,AZ01,11,VPHMO,90.33
,REF,90837,CPT4,CA02,11,DHMO,112.96
,REF,90837,CPT4,AZ01,11,MEPOS,103.31
,REF,90837,CPT4,AR01,11,MBH,115.92
,REF,90837,CPT4,AL05,11,QPOS,142.14
,REF,90837,CPT4,AZ01,11,MCARE,120.44
,REF,90837,CPT4,AK02,11,MCAID,169.37
,REF,90837,CPT4,AZ01,11,HMO,90.33
,REF,90837,CPT4,AK02,11,MEPOS,204.5
,REF,90837,CPT4,CA02,11,MHMO,128.02
,REF,90837,CPT4,AK02,11,USACC,225.83
,REF,90837,CPT4,AR01,11,SLFIN,115.92
,REF,90837,CPT4,AL05,11,HMO,106.61
,REF,90837,CPT4,AL07,11,VPHMO,142.14
,REF,90837,CPT4,AZ01,11,MEFFS,90.33
,REF,90837,CPT4,AL02,11,DHMO,142.14
,REF,90837,CPT4,AR01,11,SLFIN,78.49
,REF,90837,CPT4,AL04,11,MEFFS,142.14
,REF,90837,CPT4,AL02,11,SLFIN,106.61
,REF,90837,CPT4,AL05,11,DPPO,106.61
,REF,90837,CPT4,AL04,11,HMO,142.14
,REF,90837,CPT4,AK02,11,VPHMO,153.38
,REF,90837,CPT4,AK02,11,,225.83
,REF,90837,CPT4,AL05,11,MCAID,142.14
,REF,90837,CPT4,AK02,11,DPPO,225.83
,REF,90837,CPT4,AZ01,11,MCAID,137.75
,REF,90837,CPT4,AL04,11,HMO,142.14
,REF,90837,CPT4,AR01,11,DHMO,115.92
,REF,90837,CPT4,AL03,11,HMO,106.61
,REF,90837,CPT4,AR01,11,NNHMO,78.49
,REF,90837,CPT4,AZ01,11,MEPOS,120.44
,REF,90837,CPT4,CA02,11,MHMO,112.96
,REF,90837,CPT4,AL05,11,VPHMO,106.61
,REF,90837,CPT4,CA01,11,MCAID,157.04
,REF,90837,CPT4,AK02,11,MPPO,225.83
,REF,90837,CPT4,AL06,11,SLFIN,142.14
,REF,90837,CPT4,AL06,11,MEPO,142.14
,REF,90837,CPT4,AL03,11,DPPO,142.14
,REF,90837,CPT4,AL05,11,MHMO,142.14
,REF,90837,CPT4,AL06,11,DHMO,106.61
,REF,90837,CPT4,AL05,11,NNHMO,120.82
,REF,90837,CPT4,AZ01,11,MEPO,120.44
,REF,90837,CPT4,AL06,11,TC,106.61
,REF,90837,CPT4,AL04,11,HMOAVN,142.14
,REF,90837,CPT4,AL04,11,MWC,142.14
,REF,90837,CPT4,CA04,11,,147.42
,REF,90837,CPT4,AL07,11,MWC,142.14
,REF,90837,CPT4,AL06,11,DHMO,106.61
,REF,90837,CPT4,AL05,11,MEPO,142.14
,REF,90837,CPT4,AL07,11,MHMO,106.61
,REF,90837,CPT4,AL03,11,MBH,106.61
,REF,90837,CPT4,AL07,11,MHMO,106.61
,REF,90837,CPT4,AL07,11,NNHMO,120.82
,REF,90837,CPT4,CA02,11,DPPO,112.96
,REF,90837,CPT4,AL04,11,MEPPO,142.14
,REF,90837,CPT4,AL04,11,HMOAVN,106.61
,REF,90837,CPT4,AL04,11,TC,142.14
,REF,90837,CPT4,AL08,11,MPPO,142.14
,REF,90837,CPT4,AL04,11,DHMO,142.14
,REF,90837,CPT4,CA01,11,MCAID,157.04
,REF,90837,CPT4,AL07,11,NNHMO,120.82
,REF,90837,CPT4,AZ01,11,POS,90.33
,REF,90837,CPT4,AK02,11,MEPOS,169.37
,REF,90837,CPT4,AL06,11,MC,142.14
,REF,90837,CPT4,AL04,11,MEFFS,142.14
,REF,90837,CPT4,AL03,11,MCARE,142.14
,REF,90837,CPT4,AK02,11,VPHMO,153.38
,REF,90837,CPT4,AZ01,11,ALL,102.37
,REF,90837,CPT4,AL07,11,USACC,106.61
,REF,90837,CPT4,CA02,11,MCAID,112.96
,REF,90837,CPT4,AK02,11,TC,204.5
,REF,90837,CPT4,AK02,11,VPHMO,153.38
,REF,90837,CPT4,AK02,11,HMOHRA,153.38
,REF,90837,CPT4,AL04,11,MEPOS,106.61
,REF,90837,CPT4,AL03,11,ALL,142.14
,REF,90837,CPT4,AK02,11,SLFIN,169.37
,REF,90837,CPT4,AL04,11,DPPO,142.14
,REF,90837,CPT4,AL05,11,MWC,142.14
,REF,90837,CPT4,AZ01,11,HMOAVN,120.44
,REF,90837,CPT4,AL02,11,POS,142.14
,REF,90837,CPT4,AL02,11,,106.61
,REF,90837,CPT4,AL05,11,HMOAVN,142.14
,REF,90837,CPT4,CA02,11,HMOHRA,150.61
,REF,90837,CPT4,AZ01,11,MCARE,120.44
,REF,90837,CPT4,AK02,11,MEPPO,204.5
,REF,90837,CPT4,AZ01,11,SLFIN,137.75
,REF,90837,CPT4,AZ01,11,MCAID,103.31
,REF,90837,CPT4,AK02,11,,225.83
,REF,90837,CPT4,AZ01,11,QPOS,90.33
,REF,90837,CPT4,AK02,11,POS,173.83
,REF,90837,CPT4,AL02,11,HMO,142.14
,REF,90837,CPT4,AL05,11,ALL,106.61
,REF,90837,CPT4,AL08,11,DHMO,120.82
,REF,90837,CPT4,AR01,11,,115.92
,REF,90837,CPT4,AK02,11,MEPOS,173.83
,REF,90837,CPT4,CA01,11,MEHMO,157.04
,REF,90837,CPT4,AZ01,11,MEPOS,103.31
,REF,90837,CPT4,AL02,11,DHMO,120.82
,REF,90837,CPT4,AK02,11,TRICR,169.37
,REF,90837,CPT4,CA01,11,VPHMO,157.04
,REF,90837,CPT4,AL05,11,MEHMO,142.14
,REF,90837,CPT4,AL08,11,MCARE,120.82
,REF,90837,CPT4,AL05,11,DHMO,142.14
,REF,90837,CPT4,CA02,11,MCAID,150.61
,REF,90837,CPT4,AL06,11,HMO,142.14
,REF,90837,CPT4,CA01,11,HMOAVN,157.04
,REF,90837,CPT4,AL07,11,USACC,142.14
,REF,90837,CPT4,AL04,11,SLFIN,142.14
,REF,90837,CPT4,AR01,11,MCARE,115.92
,REF,90837,CPT4,CA04,11,MEPOS,147.42
,REF,90837,CPT4,AR01,11,MEFFS,115.92
,REF,90837,CPT4,CA04,11,EAP,147.42
,REF,90837,CPT4,AZ01,11,MBH,137.75
,REF,90837,CPT4,CA02,11,QPOS,112.96
,REF,90837,CPT4,AR01,11,MBH,115.92
,REF,90837,CPT4,AL08,11,ALL,142.14
,REF,90837,CPT4,AZ01,11,POS,117.09
,REF,90837,CPT4,AK02,11,SLFIN,225.83
,REF,90837,CPT4,AL04,11,MEPOS,142.14
,REF,90837,CPT4,AL03,11,NNHMO,106.61
,REF,90837,CPT4,AL06,11,MEPOS,106.61
,REF,90837,CPT4,AL05,11,MBH,120.82
,REF,90837,CPT4,AK02,11,,153.38
,REF,90837,CPT4,CA02,11,,150.61
,REF,90837,CPT4,AK01,11,VPHMO,204.5
,REF,90837,CPT4,AL02,11,NNHMO,106.61
,REF,90837,CPT4,CA02,11,DPPO,112.96
,REF,90837,CPT4,AL04,11,EAP,142.14
,REF,90837,CPT4,AK02,11,MBH,225.83
,REF,90837,CPT4,CA02,11,TRICR,128.02
,REF,90837,CPT4,AL04,11,MBH,142.14
,REF,90837,CPT4,AL08,11,MEPOS,142.14
,REF,90837,CPT4,AK02,11,HMOHRA,169.37
,REF,90837,CPT4,AL05,11,EAP,120.82
,REF,90837,CPT4,AL04,11,MCARE,106.61
,REF,90837,CPT4,AZ01,11,HMOAVN,103.31
,REF,90837,CPT4,AZ01,11,MC,103.31
,REF,90837,CPT4,AK02,11,EAP,191.95
,REF,90837,CPT4,AL07,11,MEPO,142.14
,REF,90837,CPT4,AL02,11,TRICR,106.61
,REF,90837,CPT4,AK02,11,TRICR,225.83
,REF,90837,CPT4,AL07,11,MEFFS,142.14
,REF,90837,CPT4,AL02,11,EAP,106.61
,REF,90837,CPT4,AL05,11,MEPPO,120.82
,REF,90837,CPT4,AK02,11,MEPPO,204.5
,REF,90837,CPT4,AZ01,11,,90.33
,REF,90837,CPT4,AL08,11,MEFFS,106.61
,REF,90837,CPT4,AL04,11,MEHMO,106.61
,REF,90837,CPT4,AK02,11,MEHMO,204.5
,REF,90837,CPT4,AL03,11,VPHMO,142.14
,REF,90837,CPT4,AL07,11,MBH,142.14
,REF,90837,CPT4,CA02,11,MEFFS,112.96
,REF,90837,CPT4,AL03,11,QPOS,106.61
,REF,90837,CPT4,AR01,11,ALL,115.92
,REF,90837,CPT4,AK01,11,VPHMO,169.37
,REF,90837,CPT4,AR01,11,POS,115.92
,REF,90837,CPT4,CA02,11,,150.61
,REF,90837,CPT4,AK02,11,NNHMO,169.37
,REF,90837,CPT4,AK02,11,MEPPO,153.38
,REF,90837,CPT4,AR01,11,MEPO,78.49
,REF,90837,CPT4,AL04,11,MC,142.14
,REF,90837,CPT4,AL06,11,HMOHRA,142.14
,REF,90837,CPT4,AK02,11,MBH,225.83
,REF,90837,CPT4,AL06,11,,120.82
,REF,90837,CPT4,AL04,11,VPHMO,106.61
,REF,90837,CPT4,AK02,11,EAP,169.37
,REF,90837,CPT4,AZ01,11,VPHMO,137.75
,REF,90837,CPT4,AR01,11,DHMO,115.92
,REF,90837,CPT4,AL07,11,DHMO,142.14
,REF,90837,CPT4,AZ01,11,DPPO,137.75
,REF,90837,CPT4,AL08,11,TRICR,142.14
,REF,90837,CPT4,AR01,11,SLFIN,78.49
,REF,90837,CPT4,AK02,11,MEPOS,204.5
,REF,90837,CPT4,AL05,11,MEPPO,142.14
,REF,90837,CPT4,AL02,11,SLFIN,142.14
,REF,90837,CPT4,AK02,11,VPHMO,204.5
,REF,90837,CPT4,AL06,11,MEFFS,142.14
,REF,90837,CPT4,CA04,11,HMO,110.57
,REF,90837,CPT4,AL06,11,,120.82
,REF,90837,CPT4,AK02,11,MEPPO,153.38
,REF,90837,CPT4,AK02,11,MHMO,225.83
,REF,90837,CPT4,CA04,11,HMOAVN,125.31
,REF,90837,CPT4,AL06,11,DPPO,106.61
,REF,90837,CPT4,AL07,11,MCAID,142.14
,REF,90837,CPT4,AK02,11,QPOS,204.5
,REF,90837,CPT4,AL06,11,DHMO,142.14
,REF,90837,CPT4,CA01,11,MCARE,157.04
,REF,90837,CPT4,AR01,11,MEPPO,115.92
,REF,90837,CPT4,AL06,11,DPPO,106.61
,REF,90837,CPT4,AL03,11,DPPO,120.82
,REF,90837,CPT4,CA02,11,TC,112.96
,REF,90837,CPT4,AK02,11,MEPOS,225.83
,REF,90837,CPT4,CA04,11,DHMO,110.57
,REF,90837,CPT4,AR01,11,HMO,78.49
,REF,90837,CPT4,AK02,11,MHMO,204.5
,REF,90837,CPT4,AR01,11,QPOS,99.02
,REF,90837,CPT4,AZ01,11,ALL,137.75
,REF,90837,CPT4,AR01,11,NNHMO,115.92
,REF,90837,CPT4,AL02,11,MEPO,142.14
,REF,90837,CPT4,AK01,11,VPHMO,204.5
,REF,90837,CPT4,AZ01,11,DHMO,137.75
,REF,90837,CPT4,AL08,11,HMOAVN,142.14
,REF,90837,CPT4,CA04,11,MCAID,147.42
,REF,90837,CPT4,AL08,11,MEPPO,106.61
,REF,90837,CPT4,CA01,11,MEPO,133.48
,REF,90837,CPT4,AL07,11,NNHMO,106.61
,REF,90837,CPT4,AR01,11,TRICR,115.92
,REF,90837,CPT4,CA02,11,USACC,128.02
,REF,90837,CPT4,AL02,11,HMOAVN,142.14
,REF,90837,CPT4,AL06,11,SLFIN,106.61
,REF,90837,CPT4,AL02,11,HMOHRA,120.82
,REF,90837,CPT4,AL06,11,MEPO,106.61
,REF,90837,CPT4,AL06,11,EAP,142.14
,REF,90837,CPT4,CA01,11,HMOAVN,157.04
,REF,90837,CPT4,AL05,11,POS,142.14
,REF,90837,CPT4,AR01,11,MHMO,115.92
,REF,90837,CPT4,AZ01,11,MBH,117.09
,REF,90837,CPT4,CA02,11,DHMO,128.02
,REF,90837,CPT4,AK02,11,MBH,169.37
,REF,90837,CPT4,AL06,11,HMOHRA,106.61
,REF,90837,CPT4,CA02,11,MEPPO,150.61
,REF,90837,CPT4,AL05,11,HMOHRA,120.82
,REF,90837,CPT4,CA04,11,ALL,147.42
,REF,90837,CPT4,AL02,11,MEHMO,142.14
,REF,90837,CPT4,CA01,11,DPPO,157.04
,REF,90837,CPT4,AZ01,11,MHMO,90.33
,REF,90837,CPT4,AL06,11,ALL,142.14
,REF,90837,CPT4,AL06,11,NNHMO,106.61
,REF,90837,CPT4,AZ01,11,NNHMO,137.75
,REF,90837,CPT4,AL03,11,MEFFS,142.14
,REF,90837,CPT4,AL07,11,HMOHRA,106.61
,REF,90837,CPT4,CA01,11,QPOS,117.78
,REF,90837,CPT4,AR01,11,MEPPO,78.49
,REF,90837,CPT4,CA01,11,SLFIN,157.04
,REF,90837,CPT4,AL03,11,MHMO,120.82
,REF,90837,CPT4,AL02,11,HMO,106.61
,REF,90837,CPT4,AL02,11,MCAID,142.14
,REF,90837,CPT4,AL04,11,MCARE,142.14
,REF,90837,CPT4,AL02,11,MEPOS,106.61
,REF,90837,CPT4,AK02,11,MBH,225.83
,REF,90837,CPT4,CA02,11,MPPO,150.61
,REF,90837,CPT4,AZ01,11,MCARE,90.33
,REF,90837,CPT4,AL02,11,VPHMO,120.82
,REF,90837,CPT4,AZ01,11,MEHMO,137.75
,REF,90837,CPT4,AZ01,11,HMOHRA,137.75
,REF,90837,CPT4,AL03,11,MHMO,142.14
,REF,90837,CPT4,AZ01,11,MWC,90.33
,REF,90837,CPT4,CA01,11,MEHMO,133.48
,REF,90837,CPT4,AZ01,11,HMOAVN,120.44
,REF,90837,CPT4,AL05,11,VPHMO,142.14
,REF,90837,CPT4,AL04,11,ALL,142.14
,REF,90837,CPT4,CA04,11,MEPOS,147.42
,REF,90837,CPT4,CA02,11,VPHMO,112.96
,REF,90837,CPT4,AK02,11,HMOHRA,204.5
,REF,90837,CPT4,CA02,11,DPPO,150.61
,REF,90837,CPT4,AK02,11,TRICR,204.5
,REF,90837,CPT4,CA02,11,MEPOS,112.96
,REF,90837,CPT4,AK02,11,MEHMO,169.37
,REF,90837,CPT4,AZ01,11,MEHMO,120.44
,REF,90837,CPT4,AL02,11,MEFFS,142.14
,REF,90837,CPT4,CA01,11,MBH,117.78
,REF,90837,CPT4,AL07,11,MEHMO,142.14
,REF,90837,CPT4,AL08,11,MEHMO,120.82
,REF,90837,CPT4,AZ01,11,TC,90.33
,REF,90837,CPT4,AR01,11,EAP,115.92
,REF,90837,CPT4,CA04,11,MC,147.42
,REF,90837,CPT4,AL05,11,POS,142.14
,REF,90837,CPT4,AL06,11,MC,120.82
,REF,90837,CPT4,CA04,11,MCARE,110.57
,REF,90837,CPT4,AL08,11,POS,142.14
,REF,90837,CPT4,AL04,11,USACC,142.14
,REF,90837,CPT4,AK02,11,MBH,204.5
,REF,90837,CPT4,AK02,11,TC,153.38
,REF,90837,CPT4,AL03,11,MEPPO,120.82
,REF,90837,CPT4,AL04,11,MEPPO,106.61
,REF,90837,CPT4,AL05,11,QPOS,106.61
,REF,90837,CPT4,AL02,11,HMOAVN,106.61
,REF,90837,CPT4,AL07,11,POS,142.14
,REF,90837,CPT4,CA04,11,DPPO,125.31
,REF,90837,CPT4,AL05,11,HMOHRA,142.14
,REF,90837,CPT4,AL08,11,DPPO,142.14
,REF,90837,CPT4,AL08,11,MEPO,142.14
,REF,90837,CPT4,AL05,11,MEPO,106.61
,REF,90837,CPT4,CA04,11,HMOAVN,110.57
,REF,90837,CPT4,AZ01,11,MWC,120.44
,REF,90837,CPT4,AZ01,11,TC,137.75
,REF,90837,CPT4,AL04,11,MCARE,142.14
,REF,90837,CPT4,CA01,11,NNHMO,117.78
,REF,90837,CPT4,AL07,11,HMO,142.14
,REF,90837,CPT4,AL03,11,HMOAVN,120.82
,REF,90837,CPT4,AZ01,11,NNHMO,103.31
,REF,90837,CPT4,AR01,11,NNHMO,78.49
,REF,90837,CPT4,AL03,11,HMO,142.14
,REF,90837,CPT4,AL07,11,MCARE,106.61
,REF,90837,CPT4,AL06,11,DPPO,106.61
,REF,90837,CPT4,AL08,11,MEPPO,142.14
,REF,90837,CPT4,CA02,11,DPPO,150.61
,REF,90837,CPT4,AK02,11,QPOS,204.5
,REF,90837,CPT4,AL03,11,VPHMO,120.82
,REF,90837,CPT4,AL08,11,TRICR,106.61
,REF,90837,CPT4,AL05,11,ALL,106.61
,REF,90837,CPT4,CA01,11,MEPPO,157.04
,REF,90837,CPT4,CA04,11,MHMO,125.31
,REF,90837,CPT4,AK02,11,DPPO,225.83
,REF,90837,CPT4,AZ01,11,MCAID,90.33
,REF,90837,CPT4,AL05,11,POS,120.82
,REF,90837,CPT4,AZ01,11,MC,103.31
,REF,90837,CPT4,AK02,11,POS,153.38
,REF,90837,CPT4,AL04,11,MWC,106.61
,REF,90837,CPT4,AZ01,11,MHMO,117.09
,REF,90837,CPT4,AR01,11,TC,115.92
,REF,90837,CPT4,AL04,11,TC,142.14
,REF,90837,CPT4,AL04,11,MEFFS,142.14
,REF,90837,CPT4,AK02,11,SLFIN,225.83
,REF,90837,CPT4,AZ01,11,MBH,117.09
,REF,90837,CPT4,AZ01,11,TC,137.75
,REF,90837,CPT4,CA01,11,MEFFS,117.78
,REF,90837,CPT4,CA02,11,DPPO,112.96
,REF,90837,CPT4,AZ01,11,SLFIN,103.31
,REF,90837,CPT4,AL08,11,HMOAVN,142.14
,REF,90837,CPT4,AZ01,11,MPPO,120.44
,REF,90837,CPT4,AL07,11,MEPPO,142.14
,REF,90837,CPT4,AR01,11,MCARE,115.92
,REF,90837,CPT4,AZ01,11,MC,120.44
,REF,90837,CPT4,AZ01,11,MEPOS,102.37
,REF,90837,CPT4,AR01,11,MPPO,115.92
,REF,90837,CPT4,AL02,11,MWC,120.82
,REF,90837,CPT4,AR01,11,POS,115.92
,REF,90837,CPT4,AZ01,11,POS,120.44
,REF,90837,CPT4,AL04,11,QPOS,106.61
,REF,90837,CPT4,AL05,11,MEPO,142.14
,REF,90837,CPT4,AK02,11,HMOHRA,204.5
,REF,90837,CPT4,AL03,11,MCARE,142.14
,REF,90837,CPT4,AL06,11,MCARE,106.61
,REF,90837,CPT4,AZ01,11,MHMO,120.44
,REF,90837,CPT4,CA01,11,MCARE,117.78
,REF,90837,CPT4,CA02,11,POS,150.61
,REF,90837,CPT4,AZ01,11,MEPPO,137.75
,REF,90837,CPT4,AL02,11,TRICR,120.82
,REF,90837,CPT4,AL08,11,MPPO,120.82
,REF,90837,CPT4,AL05,11,POS,142.14
,REF,90837,CPT4,AL05,11,MEPPO,142.14
,REF,90837,CPT4,AL02,11,NNHMO,142.14
,REF,90837,CPT4,CA04,11,MCARE,125.31
,REF,90837,CPT4,AZ01,11,MC,103.31
,REF,90837,CPT4,AL02,11,TRICR,106.61
,REF,90837,CPT4,AZ01,11,DHMO,90.33
,REF,90837,CPT4,AL06,11,MEFFS,106.61
,REF,90837,CPT4,CA01,11,EAP,117.78
,REF,90837,CPT4,AL08,11,ALL,142.14
,REF,90837,CPT4,AZ01,11,HMOAVN,103.31
,REF,90837,CPT4,AZ01,11,VPHMO,117.09
,REF,90837,CPT4,AZ01,11,EAP,120.44
,REF,90837,CPT4,AR01,11,MCAID,78.49
,REF,90837,CPT4,AK02,11,MBH,204.5
,REF,90837,CPT4,AL06,11,MEHMO,142.14
,REF,90837,CPT4,AL06,11,MEFFS,142.14
,REF,90837,CPT4,AL03,11,MEHMO,106.61
,REF,90837,CPT4,AZ01,11,HMOAVN,137.75
,REF,90837,CPT4,AL07,11,MEPPO,142.14
,REF,90837,CPT4,AZ01,11,MEHMO,103.31
,REF,90837,CPT4,AK02,11,TRICR,169.37
,REF,90837,CPT4,AL04,11,MWC,142.14
,REF,90837,CPT4,CA01,11,MCAID,157.04
,REF,90837,CPT4,AZ01,11,MC,120.44
,REF,90837,CPT4,AL03,11,POS,120.82
,REF,90837,CPT4,AL06,11,MCARE,106.61
,REF,90837,CPT4,AL07,11,QPOS,120.82
,REF,90837,CPT4,AL04,11,MEHMO,142.14
,REF,90837,CPT4,AR01,11,MPPO,78.49
,REF,90837,CPT4,AL06,11,MBH,120.82
,REF,90837,CPT4,AL07,11,MBH,142.14
,REF,90837,CPT4,AL08,11,NNHMO,106.61
,REF,90837,CPT4,AL05,11,MEFFS,142.14
,REF,90837,CPT4,AK02,11,DHMO,225.83
,REF,90837,CPT4,CA02,11,USACC,112.96
,REF,90837,CPT4,AL07,11,SLFIN,142.14
,REF,90837,CPT4,AL07,11,MPPO,142.14
,REF,90837,CPT4,AL07,11,DPPO,142.14
,REF,90837,CPT4,AL03,11,MCARE,120.82
,REF,90837,CPT4,AZ01,11,,103.31
,REF,90837,CPT4,AZ01,11,MCAID,103.31
,REF,90837,CPT4,CA01,11,MEPPO,117.78
,REF,90837,CPT4,AK02,11,MBH,191.95
,REF,90837,CPT4,CA01,11,POS,133.48
,REF,90837,CPT4,CA01,11,,157.04
,REF,90837,CPT4,AL03,11,MEFFS,106.61
,REF,90837,CPT4,AK02,11,MEPOS,204.5
,REF,90837,CPT4,AL07,11,MCAID,120.82
,REF,90837,CPT4,AZ01,11,SLFIN,90.33
,REF,90837,CPT4,AL04,11,TC,106.61
,REF,90837,CPT4,AL07,11,POS,142.14
,REF,90837,CPT4,AK02,11,MCARE,204.5
,REF,90837,CPT4,AL02,11,USACC,142.14
,REF,90837,CPT4,AZ01,11,MEPOS,120.44
,REF,90837,CPT4,CA01,11,TRICR,157.04
,REF,90837,CPT4,AL06,11,EAP,142.14
,REF,90837,CPT4,AL06,11,HMOAVN,106.61
,REF,90837,CPT4,AR01,11,HMO,115.92
,REF,90837,CPT4,AK02,11,MEPPO,191.95
,REF,90837,CPT4,CA04,11,DHMO,147.42
,REF,90837,CPT4,AL08,11,MCARE,106.61
,REF,90837,CPT4,AL02,11,EAP,106.61
,REF,90837,CPT4,AL07,11,SLFIN,106.61
,REF,90837,CPT4,AL02,11,HMO,142.14
,REF,90837,CPT4,CA01,11,MPPO,157.04
,REF,90837,CPT4,AL02,11,TC,142.14
,REF,90837,CPT4,AL03,11,MEPPO,142.14
,REF,90837,CPT4,CA02,11,MWC,150.61
,REF,90837,CPT4,AL08,11,HMOHRA,142.14
,REF,90837,CPT4,CA01,11,MEFFS,157.04
,REF,90837,CPT4,AL07,11,MC,142.14
,REF,90837,CPT4,AK02,11,HMOAVN,191.95
,REF,90837,CPT4,AZ01,11,MEPPO,103.31
,REF,90837,CPT4,AZ01,11,SLFIN,137.75
,REF,90837,CPT4,AL03,11,QPOS,142.14
,REF,90837,CPT4,CA02,11,MBH,112.96
,REF,90837,CPT4,AL06,11,EAP,142.14
,REF,90837,CPT4,AL08,11,DHMO,120.82
,REF,90837,CPT4,AR01,11,MHMO,115.92
,REF,90837,CPT4,AK02,11,HMOAVN,191.95
,REF,90837,CPT4,AR01,11,MPPO,78.49
,REF,90837,CPT4,CA01,11,VPHMO,157.04
,REF,90837,CPT4,CA01,11,MWC,133.48
,REF,90837,CPT4,AL08,11,MWC,142.14
,REF,90837,CPT4,AZ01,11,QPOS,120.44
,REF,90837,CPT4,AL02,11,MEPPO,120.82
,REF,90837,CPT4,AL06,11,EAP,106.61
,REF,90837,CPT4,AL02,11,MBH,142.14
,REF,90837,CPT4,AL03,11,TC,142.14
,REF,90837,CPT4,AZ01,11,MCARE,137.75
,REF,90837,CPT4,CA01,11,POS,133.48
,REF,90837,CPT4,AL04,11,SLFIN,142.14
,REF,90837,CPT4,CA04,11,ALL,147.42
,REF,90837,CPT4,CA02,11,MBH,112.96
,REF,90837,CPT4,AL03,11,MEPOS,106.61
,REF,90837,CPT4,AZ01,11,VPHMO,137.75
,REF,90837,CPT4,AZ01,11,MC,90.33
,REF,90837,CPT4,AZ01,11,,120.44
,REF,90837,CPT4,AL04,11,USACC,106.61
,REF,90837,CPT4,AZ01,11,HMOHRA,103.31
,REF,90837,CPT4,AR01,11,ALL,115.92
,REF,90837,CPT4,AL07,11,MHMO,142.14
,REF,90837,CPT4,CA04,11,DHMO,147.42
,REF,90837,CPT4,AZ01,11,,90.33
,REF,90837,CPT4,AL04,11,USACC,106.61
,REF,90837,CPT4,AZ01,11,HMOAVN,102.37
,REF,90837,CPT4,AK02,11,MEPO,191.95
,REF,90837,CPT4,AZ01,11,SLFIN,103.31
,REF,90837,CPT4,AL06,11,SLFIN,120.82
,REF,90837,CPT4,AL02,11,MEPO,142.14
,REF,90837,CPT4,CA02,11,SLFIN,150.61
,REF,90837,CPT4,AK02,11,DPPO,225.83
,REF,90837,CPT4,AL07,11,MWC,142.14
,REF,90837,CPT4,AL07,11,SLFIN,142.14
,REF,90837,CPT4,AL06,11,TC,142.14
,REF,90837,CPT4,AL02,11,TRICR,142.14
,REF,90837,CPT4,AK02,11,MCARE,204.5
,REF,90837,CPT4,AR01,11,MCAID,78.49
,REF,90837,CPT4,AK02,11,DPPO,225.83
,REF,90837,CPT4,AL08,11,MPPO,142.14
,REF,90837,CPT4,AZ01,11,MEPOS,137.75
,REF,90837,CPT4,AL02,11,MHMO,142.14
,REF,90837,CPT4,CA04,11,MBH,110.57
,REF,90837,CPT4,AL06,11,MEPPO,106.61
,REF,90837,CPT4,AL04,11,MPPO,120.82
,REF,90837,CPT4,AL03,11,MPPO,142.14
,REF,90837,CPT4,CA01,11,MPPO,117.78
,REF,90837,CPT4,AL06,11,SLFIN,142.14
,REF,90837,CPT4,AL05,11,MWC,106.61
,REF,90837,CPT4,AL03,11,MBH,120.82
,REF,90837,CPT4,AK02,11,MEHMO,204.5
,REF,90837,CPT4,CA01,11,DHMO,157.04
,REF,90837,CPT4,AL05,11,HMO,106.61
,REF,90837,CPT4,AL05,11,MWC,106.61
,REF,90837,CPT4,AK02,11,MEPPO,225.83
,REF,90837,CPT4,AL08,11,HMOHRA,142.14
,REF,90837,CPT4,AL07,11,MEHMO,142.14
,REF,90837,CPT4,AK02,11,MEFFS,225.83
,REF,90837,CPT4,AK02,11,MEPPO,153.38
,REF,90837,CPT4,AK02,11,DHMO,225.83
,REF,90837,CPT4,AZ01,11,MPPO,120.44
,REF,90837,CPT4,AL07,11,MPPO,142.14
,REF,90837,CPT4,CA04,11,DHMO,147.42
,REF,90837,CPT4,AL05,11,POS,142.14
,REF,90837,CPT4,CA01,11,MWC,117.78
,REF,90837,CPT4,CA01,11,MWC,157.04
,REF,90837,CPT4,AL02,11,MCARE,106.61
,REF,90837,CPT4,AK02,11,DPPO,173.83
,REF,90837,CPT4,AL06,11,MEFFS,142.14
,REF,90837,CPT4,CA01,11,USACC,117.78
,REF,90837,CPT4,AL08,11,VPHMO,106.61
,REF,90837,CPT4,CA01,11,TC,157.04
,REF,90837,CPT4,AK02,11,MEPOS,204.5
,REF,90837,CPT4,CA02,11,MWC,150.61
,REF,90837,CPT4,AK02,11,NNHMO,204.5
,REF,90837,CPT4,AZ01,11,MEPO,117.09
,REF,90837,CPT4,AL05,11,MCARE,106.61
,REF,90837,CPT4,AL03,11,HMO,142.14
,REF,90837,CPT4,AL05,11,USACC,142.14
,REF,90837,CPT4,AL08,11,NNHMO,142.14
,REF,90837,CPT4,AZ01,11,MHMO,90.33
,REF,90837,CPT4,AR01,11,MEHMO,78.49
,REF,90837,CPT4,AZ01,11,USACC,117.09
,REF,90837,CPT4,CA01,11,ALL,157.04
,REF,90837,CPT4,AL04,11,HMO,142.14
,REF,90837,CPT4,AL08,11,SLFIN,142.14
,REF,90837,CPT4,AL04,11,POS,106.61
,REF,90837,CPT4,AK02,11,,169.37
,REF,90837,CPT4,AL04,11,HMOHRA,142.14
,REF,90837,CPT4,AL04,11,,142.14
,REF,90837,CPT4,AL05,11,ALL,142.14
,REF,90837,CPT4,AL06,11,MWC,142.14
,REF,90837,CPT4,AZ01,11,MEPOS,103.31
,REF,90837,CPT4,AK02,11,MC,191.95
,REF,90837,CPT4,AL03,11,TC,142.14
,REF,90837,CPT4,AL07,11,MEPPO,106.61
,REF,90837,CPT4,CA01,11,MEPOS,157.04
,REF,90837,CPT4,CA01,11,MEPO,157.04
,REF,90837,CPT4,AK01,11,VPHMO,153.38
,REF,90837,CPT4,AR01,11,HMOHRA,115.92
,REF,90837,CPT4,AR01,11,MEPOS,115.92
,REF,90837,CPT4,AL08,11,MCARE,142.14
,REF,90837,CPT4,AK02,11,POS,225.83
,REF,90837,CPT4,AR01,11,USACC,115.92
,REF,90837,CPT4,AK02,11,DHMO,153.38
,REF,90837,CPT4,AL06,11,HMO,142.14
,REF,90837,CPT4,AL08,11,MC,120.82
,REF,90837,CPT4,AL03,11,MWC,142.14
,REF,90837,CPT4,AK02,11,USACC,204.5
,REF,90837,CPT4,CA04,11,HMOAVN,110.57
,REF,90837,CPT4,AK02,11,VPHMO,225.83
,REF,90837,CPT4,AL06,11,ALL,120.82
,REF,90837,CPT4,AK02,11,NNHMO,169.37
,REF,90837,CPT4,AL07,11,MBH,142.14
,REF,90837,CPT4,AL03,11,MEPOS,142.14
,REF,90837,CPT4,CA02,11,QPOS,150.61
,REF,90837,CPT4,CA01,11,,157.04
,REF,90837,CPT4,AZ01,11,HMO,137.75
,REF,90837,CPT4,CA04,11,EAP,147.42
,REF,90837,CPT4,CA01,11,POS,157.04
,REF,90837,CPT4,AK02,11,TRICR,169.37
,REF,90837,CPT4,AK01,11,VPHMO,191.95
,REF,90837,CPT4,AL03,11,TC,142.14
,REF,90837,CPT4,AL03,11,MC,106.61
,REF,90837,CPT4,AL02,11,MEPO,106.61
,REF,90837,CPT4,AL02,11,TRICR,142.14
,REF,90837,CPT4,CA01,11,MEFFS,117.78
,REF,90837,CPT4,AL04,11,DPPO,142.14
,REF,90837,CPT4,AL02,11,MEPO,142.14
,REF,90837,CPT4,AL08,11,HMOAVN,106.61
,REF,90837,CPT4,AL03,11,DPPO,142.14
,REF,90837,CPT4,CA01,11,MEFFS,117.78
,REF,90837,CPT4,AK02,11,MBH,153.38
,REF,90837,CPT4,CA01,11,MEHMO,117.78
,REF,90837,CPT4,AL03,11,MC,106.61
,REF,90837,CPT4,AL02,11,HMOHRA,120.82
,REF,90837,CPT4,AL05,11,TRICR,142.14
,REF,90837,CPT4,AR01,11,MHMO,78.49
,REF,90837,CPT4,AR01,11,MCAID,115.92
,REF,90837,CPT4,AZ01,11,HMOHRA,103.31
,REF,90837,CPT4,CA04,11,MEHMO,110.57
,REF,90837,CPT4,AZ01,11,HMOAVN,117.09
,REF,90837,CPT4,AZ01,11,MCARE,117.09
,REF,90837,CPT4,AL07,11,NNHMO,106.61
,REF,90837,CPT4,CA04,11,MCAID,147.42
,REF,90837,CPT4,AL05,11,TC,106.61
,REF,90837,CPT4,AK02,11,MCARE,225.83
,REF,90837,CPT4,AR01,11,MBH,78.49
,REF,90837,CPT4,CA02,11,MEPOS,150.61
,REF,90837,CPT4,CA04,11,HMOAVN,147.42
,REF,90837,CPT4,AL03,11,MEPO,120.82
,REF,90837,CPT4,AL06,11,TC,142.14
,REF,90837,CPT4,AL07,11,USACC,142.14
,REF,90837,CPT4,AL07,11,MEPO,142.14
,REF,90837,CPT4,AL02,11,MHMO,142.14
,REF,90837,CPT4,AL06,11,HMOHRA,142.14
,REF,90837,CPT4,CA04,11,MBH,147.42
,REF,90837,CPT4,CA04,11,MCAID,147.42
,REF,90837,CPT4,AL08,11,MEPOS,142.14
,REF,90837,CPT4,CA01,11,TC,133.48
,REF,90837,CPT4,AK02,11,NNHMO,204.5
,REF,90837,CPT4,AL07,11,MCARE,120.82
,REF,90837,CPT4,AL06,11,MEPO,142.14
,REF,90837,CPT4,AL05,11,MWC,106.61
,REF,90837,CPT4,AZ01,11,DHMO,90.33
,REF,90837,CPT4,AL08,11,DHMO,142.14
,REF,90837,CPT4,AL04,11,MEFFS,142.14
,REF,90837,CPT4,AL05,11,ALL,120.82
,REF,90837,CPT4,AZ01,11,SLFIN,137.75
,REF,90837,CPT4,AL07,11,HMOAVN,142.14
,REF,90837,CPT4,AL07,11,MBH,106.61
,REF,90837,CPT4,AL04,11,POS,106.61
,REF,90837,CPT4,AK02,11,EAP,169.37
,REF,90837,CPT4,AL08,11,MBH,142.14
,REF,90837,CPT4,AL04,11,DPPO,106.61
,REF,90837,CPT4,AR01,11,MEHMO,78.49
,REF,90837,CPT4,AR01,11,NNHMO,78.49
,REF,90837,CPT4,AL06,11,USACC,106.61
,REF,90837,CPT4,CA02,11,MHMO,150.61
,REF,90837,CPT4,AZ01,11,MEPPO,137.75
,REF,90837,CPT4,CA01,11,HMOAVN,117.78
,REF,90837,CPT4,AZ01,11,MEPPO,137.75
,REF,90837,CPT4,CA04,11,HMOAVN,147.42
,REF,90837,CPT4,AL05,11,MBH,142.14
,REF,90837,CPT4,AL06,11,HMOHRA,142.14
,REF,90837,CPT4,CA01,11,MEPO,117.78
,REF,90837,CPT4,AL05,11,DHMO,106.61
,REF,90837,CPT4,AL04,11,MBH,120.82
,REF,90837,CPT4,AL03,11,MBH,142.14
,REF,90837,CPT4,AZ01,11,MEHMO,137.75
,REF,90837,CPT4,AL06,11,MHMO,142.14
,REF,90837,CPT4,AL03,11,NNHMO,142.14
,REF,90837,CPT4,AR01,11,MPPO,78.49
,REF,90837,CPT4,AL08,11,NNHMO,142.14
,REF,90837,CPT4,AL07,11,MEPOS,106.61
,REF,90837,CPT4,CA01,11,HMO,157.04
,REF,90837,CPT4,AK02,11,MBH,169.37
,REF,90837,CPT4,AL04,11,NNHMO,106.61
,REF,90837,CPT4,AZ01,11,MWC,120.44
,REF,90837,CPT4,AZ01,11,DPPO,137.75
,REF,90837,CPT4,AL04,11,TRICR,106.61
,REF,90837,CPT4,AL02,11,MEPOS,106.61
,REF,90837,CPT4,AZ01,11,EAP,102.37
,REF,90837,CPT4,AL06,11,MEPPO,106.61
,REF,90837,CPT4,CA02,11,DPPO,150.61
,REF,90837,CPT4,AR01,11,MEPOS,115.92
,REF,90837,CPT4,AZ01,11,NNHMO,120.44
,REF,90837,CPT4,CA04,11,MBH,110.57
,REF,90837,CPT4,AR01,11,NNHMO,78.49
,REF,90837,CPT4,AL04,11,MEFFS,142.14
,REF,90837,CPT4,AL06,11,DPPO,106.61
,REF,90837,CPT4,AL02,11,POS,106.61
,REF,90837,CPT4,CA02,11,DHMO,128.02
,REF,90837,CPT4,AK02,11,USACC,225.83
,REF,90837,CPT4,AZ01,11,MPPO,137.75
,REF,90837,CPT4,AL08,11,MC,142.14
,REF,90837,CPT4,AL06,11,SLFIN,142.14
,REF,90837,CPT4,AL08,11,HMOAVN,142.14
,REF,90837,CPT4,AL03,11,SLFIN,142.14
,REF,90837,CPT4,AK02,11,MPPO,204.5
,REF,90837,CPT4,AL03,11,TC,120.82
,REF,90837,CPT4,AL06,11,MEHMO,142.14
,REF,90837,CPT4,AZ01,11,MEPO,117.09
,REF,90837,CPT4,AL03,11,HMO,142.14
,REF,90837,CPT4,CA02,11,USACC,150.61
,REF,90837,CPT4,AZ01,11,MC,120.44
,REF,90837,CPT4,AL03,11,MEPPO,106.61
,REF,90837,CPT4,AL04,11,MEPOS,106.61
,REF,90837,CPT4,AL05,11,HMOHRA,142.14
,REF,90837,CPT4,AL07,11,MPPO,142.14
,REF,90837,CPT4,AL03,11,VPHMO,142.14
,REF,90837,CPT4,AL08,11,MEFFS,142.14
,REF,90837,CPT4,AL08,11,MCARE,142.14
,REF,90837,CPT4,AZ01,11,MCARE,120.44
,REF,90837,CPT4,CA04,11,DPPO,147.42
,REF,90837,CPT4,AL08,11,MCAID,120.82
,REF,90837,CPT4,AL08,11,TRICR,120.82
,REF,90837,CPT4,AK02,11,TC,191.95
,REF,90837,CPT4,AL07,11,MEPOS,120.82
,REF,90837,CPT4,AZ01,11,HMOAVN,120.44
,REF,90837,CPT4,AL02,11,MPPO,142.14
,REF,90837,CPT4,AZ01,11,MBH,120.44
,REF,90837,CPT4,AZ01,11,MEPO,103.31
,REF,90837,CPT4,AL08,11,TC,106.61
,REF,90837,CPT4,AK02,11,SLFIN,173.83
,REF,90837,CPT4,AL05,11,MCARE,142.14
,REF,90837,CPT4,AR01,11,MEPOS,78.49
,REF,90837,CPT4,AL07,11,VPHMO,142.14
,REF,90837,CPT4,AL08,11,NNHMO,106.61
,REF,90837,CPT4,AK02,11,USACC,204.5
,REF,90837,CPT4,AL08,11,TC,106.61
,REF,90837,CPT4,AL03,11,DHMO,142.14
,REF,90837,CPT4,AL06,11,HMOAVN,142.14
,REF,90837,CPT4,CA02,11,MEFFS,128.02
,REF,90837,CPT4,AL08,11,MCAID,142.14
,REF,90837,CPT4,AL03,11,POS,106.61
,REF,90837,CPT4,AK02,11,TC,169.37
,REF,90837,CPT4,CA02,11,MC,128.02
,REF,90837,CPT4,AL08,11,MWC,142.14
,REF,90837,CPT4,AZ01,11,,102.37
,REF,90837,CPT4,AK02,11,MBH,173.83
,REF,90837,CPT4,AZ01,11,ALL,120.44
,REF,90837,CPT4,AR01,11,MWC,115.92
,REF,90837,CPT4,AL02,11,DHMO,142.14
,REF,90837,CPT4,AL05,11,TRICR,142.14
,REF,90837,CPT4,AK02,11,MEPO,225.83
,REF,90837,CPT4,CA04,11,EAP,110.57
,REF,90837,CPT4,AL05,11,MHMO,106.61
,REF,90837,CPT4,AL03,11,HMOHRA,142.14
,REF,90837,CPT4,AL05,11,DPPO,106.61
,REF,90837,CPT4,AL02,11,MPPO,120.82
,REF,90837,CPT4,AK02,11,USACC,225.83
,REF,90837,CPT4,AL07,11,MEFFS,106.61
,REF,90837,CPT4,AZ01,11,MEPOS,90.33
,REF,90837,CPT4,AL04,11,SLFIN,142.14
,REF,90837,CPT4,AL08,11,,120.82
,REF,90837,CPT4,AL05,11,HMOAVN,106.61
,REF,90837,CPT4,AK02,11,MEPO,191.95
,REF,90837,CPT4,AL06,11,MBH,142.14
,REF,90837,CPT4,AK02,11,MHMO,204.5
,REF,90837,CPT4,AZ01,11,ALL,90.33
,REF,90837,CPT4,AZ01,11,MHMO,120.44
,REF,90837,CPT4,AL03,11,MPPO,142.14
,REF,90837,CPT4,AL04,11,,120.82
,REF,90837,CPT4,AR01,11,POS,115.92
,REF,90837,CPT4,CA01,11,POS,157.04
,REF,90837,CPT4,AK02,11,,204.5
,REF,90837,CPT4,AR01,11,DPPO,78.49
,REF,90837,CPT4,AZ01,11,MBH,120.44
,REF,90837,CPT4,AL02,11,MWC,142.14
,REF,90837,CPT4,AL05,11,MCARE,142.14
,REF,90837,CPT4,AR01,11,MHMO,115.92
,REF,90837,CPT4,AL05,11,MWC,106.61
,REF,90837,CPT4,AL08,11,MBH,142.14
,REF,90837,CPT4,AZ01,11,MHMO,117.09
,REF,90837,CPT4,AL03,11,NNHMO,120.82
,REF,90837,CPT4,AZ01,11,HMOHRA,137.75
,REF,90837,CPT4,AR01,11,DPPO,99.02
,REF,90837,CPT4,CA02,11,MHMO,112.96
,REF,90837,CPT4,AR01,11,HMOAVN,78.49
,REF,90837,CPT4,AL02,11,,142.14
,REF,90837,CPT4,AZ01,11,ALL,120.44
,REF,90837,CPT4,AL04,11,TRICR,106.61
,REF,90837,CPT4,AR01,11,USACC,78.49
,REF,90837,CPT4,AL05,11,TC,106.61
,REF,90837,CPT4,AK02,11,DPPO,169.37
,REF,90837,CPT4,AL05,11,TC,106.61
,REF,90837,CPT4,AZ01,11,HMOAVN,103.31
,REF,90837,CPT4,AR01,11,USACC,78.49
,REF,90837,CPT4,AK02,11,TRICR,225.83
,REF,90837,CPT4,CA02,11,HMOHRA,128.02
,REF,90837,CPT4,AL02,11,EAP,142.14
,REF,90837,CPT4,AL04,11,MEHMO,106.61
,REF,90837,CPT4,AK02,11,MEFFS,204.5
,REF,90837,CPT4,AL02,11,MC,106.61
,REF,90837,CPT4,AL04,11,MEPO,120.82
,REF,90837,CPT4,AL07,11,TRICR,106.61
,REF,90837,CPT4,AK02,11,HMO,191.95
,REF,90837,CPT4,AK02,11,POS,204.5
,REF,90837,CPT4,CA04,11,MEPO,110.57
,REF,90837,CPT4,AL04,11,POS,120.82
,REF,90837,CPT4,AZ01,11,DPPO,120.44
,REF,90837,CPT4,AL05,11,DHMO,106.61
,REF,90837,CPT4,AK02,11,DHMO,169.37
,REF,90837,CPT4,AZ01,11,TRICR,117.09
,REF,90837,CPT4,AK02,11,HMO,204.5
,REF,90837,CPT4,AL02,11,MEPOS,142.14
,REF,90837,CPT4,AL03,11,NNHMO,142.14
,REF,90837,CPT4,AL04,11,MEHMO,142.14
,REF,90837,CPT4,AL08,11,EAP,106.61
,REF,90837,CPT4,AZ01,11,QPOS,137.75
,REF,90837,CPT4,AR01,11,DPPO,78.49
,REF,90837,CPT4,AK02,11,TRICR,153.38
,REF,90837,CPT4,AR01,11,VPHMO,78.49
,REF,90837,CPT4,AL05,11,NNHMO,120.82
,REF,90837,CPT4,AK02,11,HMOAVN,225.83
,REF,90837,CPT4,AL08,11,MC,106.61
,REF,90837,CPT4,AL06,11,MWC,142.14
,REF,90837,CPT4,AK02,11,MEPOS,169.37
,REF,90837,CPT4,CA04,11,MC,125.31
,REF,90837,CPT4,AL02,11,MBH,106.61
,REF,90837,CPT4,CA01,11,NNHMO,157.04
,REF,90837,CPT4,CA02,11,MCARE,150.61
,REF,90837,CPT4,AL07,11,DPPO,142.14
,REF,90837,CPT4,AL06,11,TC,142.14
,REF,90837,CPT4,AZ01,11,VPHMO,103.31
,REF,90837,CPT4,CA04,11,MCAID,125.31
,REF,90837,CPT4,CA01,11,VPHMO,117.78
,REF,90837,CPT4,AL04,11,POS,142.14
,REF,90837,CPT4,AL05,11,MCAID,142.14
,REF,90837,CPT4,AR01,11,DHMO,78.49
,REF,90837,CPT4,AR01,11,MBH,115.92
,REF,90837,CPT4,CA02,11,NNHMO,128.02
,REF,90837,CPT4,AK02,11,SLFIN,204.5
,REF,90837,CPT4,AL03,11,TRICR,106.61
,REF,90837,CPT4,AL05,11,EAP,142.14
,REF,90837,CPT4,AL03,11,MHMO,142.14
,REF,90837,CPT4,AK02,11,TC,169.37
,REF,90837,CPT4,AL08,11,HMOHRA,120.82
,REF,90837,CPT4,AL05,11,MPPO,142.14
,REF,90837,CPT4,AL05,11,HMOHRA,142.14
,REF,90837,CPT4,AL02,11,EAP,142.14
,REF,90837,CPT4,AK02,11,DPPO,204.5
,REF,90837,CPT4,AL04,11,MC,142.14
,REF,90837,CPT4,AL07,11,HMOAVN,142.14
,REF,90837,CPT4,AL07,11,NNHMO,142.14
,REF,90837,CPT4,AL08,11,MPPO,142.14
,REF,90837,CPT4,AL04,11,HMOHRA,142.14
,REF,90837,CPT4,AZ01,11,MBH,103.31
,REF,90837,CPT4,CA02,11,MWC,112.96
,REF,90837,CPT4,AL03,11,VPHMO,106.61
,REF,90837,CPT4,CA02,11,MEPPO,150.61
,REF,90837,CPT4,CA02,11,MCARE,150.61
,REF,90837,CPT4,AZ01,11,SLFIN,120.44
,REF,90837,CPT4,CA02,11,HMOHRA,150.61
,REF,90837,CPT4,AL02,11,HMO,142.14
,REF,90837,CPT4,AR01,11,MEFFS,115.92
,REF,90837,CPT4,AL03,11,MWC,142.14
,REF,90837,CPT4,AK02,11,MHMO,204.5
,REF,90837,CPT4,AL02,11,MEPOS,120.82
,REF,90837,CPT4,AL06,11,MEPPO,142.14
,REF,90837,CPT4,AK02,11,MC,169.37
,REF,90837,CPT4,AZ01,11,DPPO,103.31
,REF,90837,CPT4,CA04,11,DHMO,110.57
,REF,90837,CPT4,AL02,11,DHMO,120.82
,REF,90837,CPT4,CA04,11,MCAID,110.57
,REF,90837,CPT4,AL06,11,DPPO,142.14
,REF,90837,CPT4,AL02,11,MBH,106.61
,REF,90837,CPT4,AR01,11,MEPOS,115.92
,REF,90837,CPT4,AR01,11,MCARE,115.92
,REF,90837,CPT4,AR01,11,NNHMO,115.92
,REF,90837,CPT4,AL03,11,TRICR,142.14
,REF,90837,CPT4,AL05,11,MC,142.14
,REF,90837,CPT4,CA01,11,DHMO,157.04
,REF,90837,CPT4,AL06,11,HMO,106.61
,REF,90837,CPT4,AK02,11,MCAID,225.83
,REF,90837,CPT4,AL07,11,VPHMO,106.61
,REF,90837,CPT4,AZ01,11,HMOAVN,90.33
,REF,90837,CPT4,AL08,11,SLFIN,142.14
,REF,90837,CPT4,AL06,11,MCAID,142.14
,REF,90837,CPT4,AL04,11,MEPO,106.61
,REF,90837,CPT4,AL03,11,DHMO,142.14
,REF,90837,CPT4,AK02,11,NNHMO,225.83
,REF,90837,CPT4,AR01,11,MEHMO,115.92
,REF,90837,CPT4,AL06,11,EAP,106.61
,REF,90837,CPT4,AL06,11,DPPO,142.14
,REF,90837,CPT4,CA04,11,DHMO,147.42
,REF,90837,CPT4,AL04,11,MCAID,142.14
,REF,90837,CPT4,CA02,11,POS,112.96
,REF,90837,CPT4,AZ01,11,NNHMO,120.44
,REF,90837,CPT4,AL03,11,MEHMO,142.14
,REF,90837,CPT4,AK02,11,MEHMO,225.83
,REF,90837,CPT4,AK02,11,TRICR,153.38
,REF,90837,CPT4,AL08,11,POS,142.14
,REF,90837,CPT4,CA04,11,EAP,147.42
,REF,90837,CPT4,AL08,11,HMOHRA,106.61
,REF,90837,CPT4,AR01,11,MHMO,99.02
,REF,90837,CPT4,AL03,11,ALL,120.82
,REF,90837,CPT4,AL05,11,MPPO,106.61
,REF,90837,CPT4,AK02,11,MEFFS,153.38
,REF,90837,CPT4,AL05,11,MBH,120.82
,REF,90837,CPT4,AL06,11,MCAID,142.14
,REF,90837,CPT4,AR01,11,MEFFS,115.92
,REF,90837,CPT4,AL04,11,MCARE,142.14
,REF,90837,CPT4,AZ01,11,MCAID,137.75
,REF,90837,CPT4,AR01,11,ALL,78.49
,REF,90837,CPT4,AL05,11,QPOS,142.14
,REF,90837,CPT4,AL07,11,HMOHRA,120.82
,REF,90837,CPT4,AK02,11,USACC,204.5
,REF,90837,CPT4,AL07,11,MCAID,142.14
,REF,90837,CPT4,AK02,11,SLFIN,204.5
,REF,90837,CPT4,AK02,11,MCAID,153.38
,REF,90837,CPT4,AZ01,11,USACC,120.44
,REF,90837,CPT4,AR01,11,MEFFS,115.92
,REF,90837,CPT4,AL03,11,HMOHRA,106.61
,REF,90837,CPT4,AL04,11,MCAID,142.14
,REF,90837,CPT4,CA02,11,MEHMO,128.02
,REF,90837,CPT4,AL02,11,MEPOS,142.14
,REF,90837,CPT4,CA01,11,QPOS,117.78
,REF,90837,CPT4,AZ01,11,TC,137.75
,REF,90837,CPT4,AZ01,11,MBH,137.75
,REF,90837,CPT4,AL05,11,MEFFS,142.14
,REF,90837,CPT4,AL05,11,TC,120.82
,REF,90837,CPT4,AK02,11,,153.38
,REF,90837,CPT4,AR01,11,USACC,78.49
,REF,90837,CPT4,AZ01,11,POS,137.75
,REF,90837,CPT4,AL03,11,NNHMO,142.14
,REF,90837,CPT4,AL05,11,TRICR,120.82
,REF,90837,CPT4,CA02,11,TRICR,112.96
,REF,90837,CPT4,AL05,11,USACC,106.61
,REF,90837,CPT4,AL06,11,MBH,106.61
,REF,90837,CPT4,AK01,11,VPHMO,225.83
,REF,90837,CPT4,AL05,11,VPHMO,142.14
,REF,90837,CPT4,AL08,11,MEPOS,120.82
,REF,90837,CPT4,CA01,11,HMO,157.04
,REF,90837,CPT4,AL05,11,MEPOS,106.61
,REF,90837,CPT4,AL08,11,POS,142.14
,REF,90837,CPT4,AL03,11,VPHMO,106.61
,REF,90837,CPT4,AZ01,11,EAP,117.09
,REF,90837,CPT4,AL07,11,DHMO,120.82
,REF,90837,CPT4,AK02,11,USACC,169.37
,REF,90837,CPT4,AK02,11,EAP,225.83
,REF,90837,CPT4,CA04,11,EAP,147.42
,REF,90837,CPT4,CA02,11,MCARE,150.61
,REF,90837,CPT4,AL05,11,MWC,142.14
,REF,90837,CPT4,AL02,11,MCARE,142.14
,REF,90837,CPT4,AK02,11,ALL,169.37
,REF,90837,CPT4,AZ01,11,POS,120.44
,REF,90837,CPT4,AL08,11,,142.14
,REF,90837,CPT4,AL07,11,MEPPO,142.14
,REF,90837,CPT4,CA02,11,MEHMO,112.96
,REF,90837,CPT4,AL02,11,MEPPO,106.61
,REF,90837,CPT4,AL08,11,USACC,120.82
,REF,90837,CPT4,AL04,11,QPOS,142.14
,REF,90837,CPT4,AL08,11,HMOHRA,142.14
,REF,90837,CPT4,AL08,11,USACC,142.14
,REF,90837,CPT4,AK02,11,NNHMO,204.5
,REF,90837,CPT4,AL05,11,MEPOS,120.82
,REF,90837,CPT4,AL02,11,MCARE,120.82
,REF,90837,CPT4,CA01,11,MEPO,157.04
,REF,90837,CPT4,AK02,11,TRICR,153.38
,REF,90837,CPT4,AK02,11,MHMO,153.38
,REF,90837,CPT4,AL05,11,MWC,142.14
,REF,90837,CPT4,AZ01,11,NNHMO,137.75
,REF,90837,CPT4,CA01,11,SLFIN,157.04
,REF,90837,CPT4,AL08,11,HMOAVN,142.14
,REF,90837,CPT4,CA01,11,MEPO,133.48
,REF,90837,CPT4,AL02,11,USACC,142.14
,REF,90837,CPT4,AL06,11,NNHMO,142.14
,REF,90837,CPT4,AL07,11,POS,142.14
,REF,90837,CPT4,CA04,11,MEPOS,110.57
,REF,90837,CPT4,AL04,11,MBH,142.14
,REF,90837,CPT4,AL03,11,DPPO,106.61
,REF,90837,CPT4,CA04,11,MHMO,147.42
,REF,90837,CPT4,AL02,11,DPPO,120.82
,REF,90837,CPT4,AK02,11,MEPOS,153.38
,REF,90837,CPT4,AL08,11,TRICR,142.14
,REF,90837,CPT4,CA02,11,MEFFS,150.61
,REF,90837,CPT4,CA02,11,MEHMO,128.02
,REF,90837,CPT4,CA01,11,USACC,117.78
,REF,90837,CPT4,AL03,11,MC,142.14
,REF,90837,CPT4,AL05,11,HMOHRA,142.14
,REF,90837,CPT4,AK02,11,HMOAVN,204.5
,REF,90837,CPT4,AZ01,11,VPHMO,117.09
,REF,90837,CPT4,AL08,11,QPOS,142.14
,REF,90837,CPT4,CA02,11,DHMO,150.61
,REF,90837,CPT4,AR01,11,TRICR,115.92
,REF,90837,CPT4,AZ01,11,QPOS,90.33
,REF,90837,CPT4,AL05,11,DPPO,142.14
,REF,90837,CPT4,AL08,11,EAP,142.14
,REF,90837,CPT4,CA02,11,MEPOS,150.61
,REF,90837,CPT4,AL08,11,VPHMO,142.14
,REF,90837,CPT4,AK02,11,MCARE,191.95
,REF,90837,CPT4,AL04,11,MCARE,106.61
,REF,90837,CPT4,AL07,11,POS,106.61
,REF,90837,CPT4,AK02,11,MEFFS,225.83
,REF,90837,CPT4,CA02,11,TC,150.61
,REF,90837,CPT4,AL06,11,QPOS,142.14
,REF,90837,CPT4,AK01,11,VPHMO,225.83
,REF,90837,CPT4,AL06,11,MEPOS,142.14
,REF,90837,CPT4,AR01,11,MBH,78.49
,REF,90837,CPT4,AZ01,11,EAP,90.33
,REF,90837,CPT4,AZ01,11,MEHMO,90.33
,REF,90837,CPT4,AZ01,11,EAP,120.44
,REF,90837,CPT4,AL03,11,VPHMO,142.14
,REF,90837,CPT4,AL04,11,MWC,106.61
,REF,90837,CPT4,AL03,11,MEFFS,106.61
,REF,90837,CPT4,AL04,11,MWC,142.14
,REF,90837,CPT4,AL05,11,HMOAVN,142.14
,REF,90837,CPT4,AL07,11,MEPOS,106.61
,REF,90837,CPT4,AL07,11,NNHMO,120.82
,REF,90837,CPT4,AL05,11,HMOHRA,106.61
,REF,90837,CPT4,CA02,11,MBH,150.61
,REF,90837,CPT4,CA01,11,MEPOS,157.04
,REF,90837,CPT4,CA01,11,MCARE,117.78
,REF,90837,CPT4,AL02,11,MBH,142.14
,REF,90837,CPT4,CA04,11,MEPO,110.57
,REF,90837,CPT4,AK02,11,MCARE,169.37
,REF,90837,CPT4,AK01,11,VPHMO,225.83
,REF,90837,CPT4,AL05,11,NNHMO,142.14
,REF,90837,CPT4,AL02,11,MBH,142.14
,REF,90837,CPT4,AL07,11,MPPO,120.82
,REF,90837,CPT4,AZ01,11,MEFFS,120.44
,REF,90837,CPT4,AL05,11,HMOAVN,106.61
,REF,90837,CPT4,AL07,11,DPPO,106.61
,REF,90837,CPT4,AL06,11,MHMO,142.14
,REF,90837,CPT4,AL02,11,SLFIN,142.14
,REF,90837,CPT4,AL04,11,VPHMO,142.14
,REF,90837,CPT4,AK02,11,HMO,173.83
,REF,90837,CPT4,AZ01,11,QPOS,102.37
,REF,90837,CPT4,CA02,11,MEPPO,112.96
,REF,90837,CPT4,AL02,11,MBH,106.61
,REF,90837,CPT4,AL06,11,MEFFS,142.14
,REF,90837,CPT4,AK02,11,MC,225.83
,REF,90837,CPT4,CA01,11,QPOS,157.04
,REF,90837,CPT4,CA04,11,MEPPO,125.31
,REF,90837,CPT4,CA01,11,ALL,117.78
,REF,90837,CPT4,AL02,11,VPHMO,142.14
,REF,90837,CPT4,AL08,11,,106.61
,REF,90837,CPT4,AL02,11,VPHMO,142.14
,REF,90837,CPT4,AZ01,11,MPPO,90.33
,REF,90837,CPT4,AK02,11,HMO,169.37
,REF,90837,CPT4,AL06,11,MC,142.14
,REF,90837,CPT4,AL03,11,DHMO,142.14
,REF,90837,CPT4,AL08,11,NNHMO,142.14
,REF,90837,CPT4,AL06,11,HMOHRA,120.82
,REF,90837,CPT4,AL06,11,,142.14
,REF,90837,CPT4,AL03,11,DHMO,106.61
,REF,90837,CPT4,AL07,11,USACC,142.14
,REF,90837,CPT4,AK02,11,MPPO,153.38
,REF,90837,CPT4,AR01,11,SLFIN,115.92
,REF,90837,CPT4,CA02,11,EAP,150.61
,REF,90837,CPT4,AL06,11,MC,106.61
,REF,90837,CPT4,AL03,11,ALL,106.61
,REF,90837,CPT4,CA02,11,VPHMO,150.61
,REF,90837,CPT4,AK02,11,QPOS,169.37
,REF,90837,CPT4,AL08,11,MEFFS,142.14
,REF,90837,CPT4,CA02,11,MPPO,150.61
,REF,90837,CPT4,AL05,11,MC,142.14
,REF,90837,CPT4,AL08,11,DPPO,120.82
,REF,90837,CPT4,AL07,11,,106.61
,REF,90837,CPT4,CA02,11,MCARE,112.96
,REF,90837,CPT4,AL05,11,HMOAVN,106.61
,REF,90837,CPT4,AL07,11,MBH,120.82
,REF,90837,CPT4,AZ01,11,MWC,137.75
,REF,90837,CPT4,CA02,11,MEHMO,150.61
,REF,90837,CPT4,AK02,11,TRICR,191.95
,REF,90837,CPT4,AL08,11,MCAID,142.14
,REF,90837,CPT4,AL04,11,MHMO,120.82
,REF,90837,CPT4,AR01,11,MWC,78.49
,REF,90837,CPT4,AK02,11,MCARE,153.38
,REF,90837,CPT4,AL04,11,MCAID,142.14
,REF,90837,CPT4,AK02,11,MEPO,204.5
,REF,90837,CPT4,AK02,11,MEPO,153.38
,REF,90837,CPT4,CA04,11,ALL,147.42
,REF,90837,CPT4,AL04,11,MWC,106.61
,REF,90837,CPT4,AL08,11,POS,142.14
,REF,90837,CPT4,CA02,11,MEPO,112.96
,REF,90837,CPT4,AL05,11,MEPOS,142.14
,REF,90837,CPT4,AL03,11,MBH,142.14
,REF,90837,CPT4,AK02,11,MBH,225.83
,REF,90837,CPT4,AL04,11,MHMO,120.82
,REF,90837,CPT4,AR01,11,HMOHRA,115.92
,REF,90837,CPT4,AK02,11,DHMO,191.95
,REF,90837,CPT4,AZ01,11,MEFFS,120.44
,REF,90837,CPT4,AL05,11,DHMO,106.61
,REF,90837,CPT4,AK02,11,USACC,225.83
,REF,90837,CPT4,AL05,11,MEPPO,142.14
,REF,90837,CPT4,AL08,11,MEPO,142.14
,REF,90837,CPT4,AL04,11,MHMO,106.61
,REF,90837,CPT4,AK02,11,MEFFS,153.38
,REF,90837,CPT4,AL08,11,POS,106.61
,REF,90837,CPT4,AK02,11,HMOHRA,169.37
,REF,90837,CPT4,AL03,11,MWC,142.14
,REF,90837,CPT4,AL07,11,MWC,142.14
,REF,90837,CPT4,AL03,11,HMO,142.14
,REF,90837,CPT4,AK02,11,SLFIN,204.5
,REF,90837,CPT4,AK02,11,EAP,173.83
,REF,90837,CPT4,CA01,11,MEFFS,157.04
,REF,90837,CPT4,AL05,11,MPPO,106.61
,REF,90837,CPT4,AK02,11,MCARE,204.5
,REF,90837,CPT4,AK02,11,MEHMO,191.95
,REF,90837,CPT4,AL08,11,MPPO,106.61
,REF,90837,CPT4,AL05,11,NNHMO,106.61
,REF,90837,CPT4,AL06,11,MWC,142.14
,REF,90837,CPT4,AK02,11,SLFIN,225.83
,REF,90837,CPT4,AL06,11,MC,142.14
,REF,90837,CPT4,AL02,11,MCAID,106.61
,REF,90837,CPT4,AL04,11,MHMO,106.61
,REF,90837,CPT4,AL08,11,MHMO,142.14
,REF,90837,CPT4,AK02,11,MPPO,225.83
,REF,90837,CPT4,AR01,11,ALL,115.92
,REF,90837,CPT4,AL07,11,ALL,106.61
,REF,90837,CPT4,CA01,11,POS,117.78
,REF,90837,CPT4,CA01,11,HMOHRA,117.78
,REF,90837,CPT4,AR01,11,VPHMO,78.49
,REF,90837,CPT4,AK02,11,TC,169.37
,REF,90837,CPT4,AZ01,11,MPPO,117.09
,REF,90837,CPT4,CA02,11,ALL,112.96
,REF,90837,CPT4,AL05,11,MEPOS,120.82
,REF,90837,CPT4,AL05,11,TRICR,142.14
,REF,90837,CPT4,AZ01,11,MEFFS,90.33
,REF,90837,CPT4,CA01,11,DHMO,157.04
,REF,90837,CPT4,CA01,11,QPOS,157.04
,REF,90837,CPT4,CA01,11,VPHMO,157.04
,REF,90837,CPT4,AL05,11,HMOHRA,106.61
,REF,90837,CPT4,AK02,11,TRICR,173.83
,REF,90837,CPT4,AL03,11,SLFIN,142.14
,REF,90837,CPT4,AZ01,11,NNHMO,120.44
,REF,90837,CPT4,AZ01,11,MEPO,103.31
,REF,90837,CPT4,AL04,11,MEPO,142.14
,REF,90837,CPT4,CA01,11,MEPPO,133.48
,REF,90837,CPT4,AZ01,11,VPHMO,137.75
,REF,90837,CPT4,AL04,11,MBH,142.14
,REF,90837,CPT4,AL05,11,MEFFS,142.14
,REF,90837,CPT4,AK02,11,EAP,225.83
,REF,90837,CPT4,CA01,11,DPPO,117.78
,REF,90837,CPT4,AL02,11,QPOS,142.14
,REF,90837,CPT4,AL05,11,ALL,142.14
,REF,90837,CPT4,AL07,11,ALL,142.14
,REF,90837,CPT4,AL02,11,MEPPO,142.14
,REF,90837,CPT4,CA04,11,HMO,110.57
,REF,90837,CPT4,AZ01,11,MPPO,137.75
,REF,90837,CPT4,AZ01,11,MEHMO,137.75
,REF,90837,CPT4,AL05,11,HMO,120.82
,REF,90837,CPT4,CA01,11,MCAID,157.04
,REF,90837,CPT4,AL04,11,MEFFS,142.14
,REF,90837,CPT4,CA01,11,POS,117.78
,REF,90837,CPT4,CA02,11,MEHMO,150.61
,REF,90837,CPT4,AL02,11,MWC,142.14
,REF,90837,CPT4,AL03,11,POS,142.14
,REF,90837,CPT4,AL06,11,DPPO,120.82
,REF,90837,CPT4,CA02,11,MC,150.61
,REF,90837,CPT4,AK02,11,MPPO,204.5
,REF,90837,CPT4,CA02,11,USACC,150.61
,REF,90837,CPT4,AR01,11,,115.92
,REF,90837,CPT4,AK02,11,NNHMO,153.38
,REF,90837,CPT4,AL03,11,MEPOS,106.61
,REF,90837,CPT4,AK02,11,HMOAVN,204.5
,REF,90837,CPT4,AL07,11,USACC,142.14
,REF,90837,CPT4,AL06,11,MPPO,106.61
,REF,90837,CPT4,AL06,11,DPPO,142.14
,REF,90837,CPT4,CA02,11,MC,112.96
,REF,90837,CPT4,CA02,11,SLFIN,150.61
,REF,90837,CPT4,AZ01,11,MHMO,137.75
,REF,90837,CPT4,AL08,11,SLFIN,106.61
,REF,90837,CPT4,AR01,11,QPOS,115.92
,REF,90837,CPT4,AR01,11,QPOS,99.02
,REF,90837,CPT4,AZ01,11,HMO,103.31
,REF,90837,CPT4,CA01,11,DPPO,157.04
,REF,90837,CPT4,AZ01,11,MEHMO,103.31
,REF,90837,CPT4,AL08,11,VPHMO,120.82
,REF,90837,CPT4,AL05,11,MCARE,142.14
,REF,90837,CPT4,AL03,11,MEHMO,142.14
,REF,90837,CPT4,AL03,11,QPOS,106.61
,REF,90837,CPT4,AL06,11,MPPO,142.14
,REF,90837,CPT4,AL07,11,HMOHRA,142.14
,REF,90837,CPT4,AK02,11,TRICR,204.5
,REF,90837,CPT4,AZ01,11,TRICR,120.44
,REF,90837,CPT4,AL08,11,MEPOS,106.61
,REF,90837,CPT4,CA04,11,HMOHRA,147.42
,REF,90837,CPT4,CA02,11,HMOHRA,150.61
,REF,90837,CPT4,AL05,11,MC,106.61
,REF,90837,CPT4,AL02,11,DPPO,142.14
,REF,90837,CPT4,AL03,11,MC,120.82
,REF,90837,CPT4,AL07,11,SLFIN,120.82
,REF,90837,CPT4,AL07,11,MWC,142.14
,REF,90837,CPT4,AK02,11,MC,169.37
,REF,90837,CPT4,AL06,11,NNHMO,120.82
,REF,90837,CPT4,AR01,11,QPOS,115.92
,REF,90837,CPT4,AL02,11,HMOHRA,142.14
,REF,90837,CPT4,AZ01,11,USACC,120.44
,REF,90837,CPT4,AL07,11,MC,142.14
,REF,90837,CPT4,AL08,11,EAP,120.82
,REF,90837,CPT4,AL04,11,MEFFS,106.61
,REF,90837,CPT4,AK02,11,MEFFS,153.38
,REF,90837,CPT4,AR01,11,NNHMO,78.49
,REF,90837,CPT4,AL07,11,MC,106.61
,REF,90837,CPT4,AL02,11,MHMO,142.14
,REF,90837,CPT4,AL05,11,MCAID,142.14
,REF,90837,CPT4,AL05,11,,106.61
,REF,90837,CPT4,AL05,11,HMOHRA,142.14
,REF,90837,CPT4,AZ01,11,MCARE,120.44
,REF,90837,CPT4,AZ01,11,USACC,103.31
,REF,90837,CPT4,AK02,11,USACC,169.37
,REF,90837,CPT4,AZ01,11,QPOS,137.75
,REF,90837,CPT4,AL08,11,TRICR,142.14
,REF,90837,CPT4,AL08,11,VPHMO,142.14
,REF,90837,CPT4,AR01,11,MEFFS,78.49
,REF,90837,CPT4,AK02,11,NNHMO,204.5
,REF,90837,CPT4,CA02,11,MC,128.02
,REF,90837,CPT4,AZ01,11,POS,117.09
,REF,90837,CPT4,AK02,11,ALL,204.5
,REF,90837,CPT4,AZ01,11,DHMO,90.33
,REF,90837,CPT4,AL04,11,MEPPO,106.61
,REF,90837,CPT4,AL04,11,TRICR,106.61
,REF,90837,CPT4,AK02,11,VPHMO,225.83
,REF,90837,CPT4,AL07,11,ALL,142.14
,REF,90837,CPT4,AL04,11,MEPOS,106.61
,REF,90837,CPT4,AR01,11,HMOAVN,78.49
,REF,90837,CPT4,AL08,11,MHMO,106.61
,REF,90837,CPT4,AL04,11,QPOS,120.82
,REF,90837,CPT4,CA01,11,MWC,133.48
,REF,90837,CPT4,AL07,11,QPOS,120.82
,REF,90837,CPT4,AK02,11,USACC,153.38
,REF,90837,CPT4,AK02,11,HMOAVN,204.5
,REF,90837,CPT4,AR01,11,MCAID,115.92
,REF,90837,CPT4,AL07,11,HMO,142.14
,REF,90837,CPT4,CA04,11,MEHMO,125.31
,REF,90837,CPT4,CA01,11,MEPPO,117.78
,REF,90837,CPT4,AL07,11,TRICR,106.61
,REF,90837,CPT4,AL08,11,VPHMO,142.14
,REF,90837,CPT4,AZ01,11,MCARE,137.75
,REF,90837,CPT4,CA01,11,TC,117.78
,REF,90837,CPT4,AL02,11,VPHMO,120.82
,REF,90837,CPT4,AL02,11,MCARE,142.14
,REF,90837,CPT4,AL07,11,VPHMO,142.14
,REF,90837,CPT4,AL04,11,MCARE,106.61
,REF,90837,CPT4,AZ01,11,MEPOS,137.75
,REF,90837,CPT4,AL07,11,MBH,106.61
,REF,90837,CPT4,CA02,11,MEPO,112.96
,REF,90837,CPT4,AL07,11,MEPOS,142.14
,REF,90837,CPT4,AL05,11,DPPO,142.14
,REF,90837,CPT4,CA01,11,TRICR,133.48
,REF,90837,CPT4,AL04,11,HMOHRA,106.61
,REF,90837,CPT4,AL02,11,MBH,120.82
,REF,90837,CPT4,AL02,11,USACC,142.14
,REF,90837,CPT4,AK02,11,DHMO,153.38
,REF,90837,CPT4,AK02,11,MWC,225.83
,REF,90837,CPT4,AL07,11,MEFFS,142.14
,REF,90837,CPT4,CA04,11,MBH,147.42
,REF,90837,CPT4,AL03,11,SLFIN,120.82
,REF,90837,CPT4,AL04,11,TRICR,142.14
,REF,90837,CPT4,AR01,11,USACC,115.92
,REF,90837,CPT4,AL07,11,NNHMO,142.14
,REF,90837,CPT4,AL06,11,SLFIN,120.82
,REF,90837,CPT4,AL03,11,MEHMO,106.61
,REF,90837,CPT4,CA01,11,MHMO,157.04
,REF,90837,CPT4,AL07,11,MHMO,120.82
,REF,90837,CPT4,AL06,11,USACC,142.14
,REF,90837,CPT4,AL02,11,USACC,106.61
,REF,90837,CPT4,AZ01,11,HMOHRA,120.44
,REF,90837,CPT4,AL04,11,MPPO,106.61
,REF,90837,CPT4,AK02,11,QPOS,191.95
,REF,90837,CPT4,AL03,11,TRICR,120.82
,REF,90837,CPT4,AL03,11,USACC,106.61
,REF,90837,CPT4,CA04,11,MCARE,147.42
,REF,90837,CPT4,AK02,11,HMO,204.5
,REF,90837,CPT4,AL08,11,DHMO,142.14
,REF,90837,CPT4,CA02,11,USACC,112.96
,REF,90837,CPT4,AK02,11,MPPO,225.83
,REF,90837,CPT4,AL07,11,NNHMO,142.14
,REF,90837,CPT4,AL08,11,MHMO,142.14
,REF,90837,CPT4,AK02,11,MC,225.83
,REF,90837,CPT4,AL02,11,MHMO,142.14
,REF,90837,CPT4,AL08,11,MCAID,106.61
,REF,90837,CPT4,AK02,11,TC,153.38
,REF,90837,CPT4,CA02,11,HMOHRA,112.96
,REF,90837,CPT4,AL05,11,MCAID,142.14
,REF,90837,CPT4,AZ01,11,MEHMO,137.75
,REF,90837,CPT4,AL05,11,MEPOS,142.14
,REF,90837,CPT4,AL08,11,DHMO,142.14
,REF,90837,CPT4,CA02,11,SLFIN,150.61
,REF,90837,CPT4,CA02,11,VPHMO,150.61
,REF,90837,CPT4,AZ01,11,NNHMO,90.33
,REF,90837,CPT4,AL08,11,HMOAVN,106.61
,REF,90837,CPT4,AL07,11,MWC,106.61
,REF,90837,CPT4,AL02,11,HMO,120.82
,REF,90837,CPT4,CA01,11,DPPO,157.04
,REF,90837,CPT4,AZ01,11,MEFFS,137.75
,REF,90837,CPT4,AK02,11,DPPO,225.83
,REF,90837,CPT4,AZ01,11,MWC,120.44
,REF,90837,CPT4,CA02,11,NNHMO,150.61
,REF,90837,CPT4,CA02,11,,112.96
,REF,90837,CPT4,AZ01,11,TRICR,103.31
,REF,90837,CPT4,AR01,11,,115.92
,REF,90837,CPT4,AZ01,11,HMOHRA,103.31
,REF,90837,CPT4,AL03,11,TRICR,120.82
,REF,90837,CPT4,CA01,11,MWC,133.48
,REF,90837,CPT4,CA04,11,MC,125.31
,REF,90837,CPT4,AL06,11,DHMO,142.14
,REF,90837,CPT4,AK02,11,MPPO,169.37
,REF,90837,CPT4,AR01,11,MC,78.49
,REF,90837,CPT4,CA01,11,MC,157.04
,REF,90837,CPT4,AL07,11,MWC,106.61
,REF,90837,CPT4,AZ01,11,MEFFS,137.75
,REF,90837,CPT4,AR01,11,MEHMO,115.92
,REF,90837,CPT4,AL06,11,HMOHRA,142.14
,REF,90837,CPT4,AZ01,11,MBH,137.75
,REF,90837,CPT4,AR01,11,MHMO,78.49
,REF,90837,CPT4,AL04,11,MEPPO,142.14
,REF,90837,CPT4,CA01,11,MCAID,117.78
,REF,90837,CPT4,AL03,11,QPOS,142.14
,REF,90837,CPT4,AL04,11,MHMO,142.14
,REF,90837,CPT4,AL05,11,TC,120.82
,REF,90837,CPT4,AL07,11,TC,106.61
,REF,90837,CPT4,AZ01,11,EAP,103.31
,REF,90837,CPT4,AZ01,11,DPPO,137.75
,REF,90837,CPT4,CA02,11,MC,128.02
,REF,90837,CPT4,AK02,11,ALL,225.83
,REF,90837,CPT4,CA01,11,MC,117.78
,REF,90837,CPT4,AL06,11,TC,106.61
,REF,90837,CPT4,AL03,11,,120.82
,REF,90837,CPT4,AL05,11,DPPO,106.61
,REF,90837,CPT4,AZ01,11,VPHMO,90.33
,REF,90837,CPT4,CA01,11,HMOAVN,117.78
,REF,90837,CPT4,CA02,11,MC,150.61
,REF,90837,CPT4,AZ01,11,MC,137.75
,REF,90837,CPT4,AL02,11,TC,142.14
,REF,90837,CPT4,AR01,11,DHMO,78.49
,REF,90837,CPT4,CA01,11,MHMO,117.78
,REF,90837,CPT4,AL04,11,MC,142.14
,REF,90837,CPT4,AZ01,11,MEHMO,103.31
,REF,90837,CPT4,AK02,11,TRICR,169.37
,REF,90837,CPT4,AL07,11,DHMO,142.14
,REF,90837,CPT4,AK02,11,HMOAVN,169.37
,REF,90837,CPT4,AL08,11,POS,142.14
,REF,90837,CPT4,AL07,11,HMOHRA,142.14
,REF,90837,CPT4,AL02,11,EAP,142.14
,REF,90837,CPT4,CA01,11,DPPO,157.04
,REF,90837,CPT4,AL04,11,MEPO,142.14
,REF,90837,CPT4,CA02,11,MBH,112.96
,REF,90837,CPT4,AZ01,11,ALL,137.75
,REF,90837,CPT4,AL03,11,MC,106.61
,REF,90837,CPT4,CA02,11,ALL,112.96
,REF,90837,CPT4,AL07,11,TC,142.14
,REF,90837,CPT4,AL07,11,EAP,142.14
,REF,90837,CPT4,AL04,11,MEPOS,120.82
,REF,90837,CPT4,AL03,11,MEFFS,142.14
,REF,90837,CPT4,AL06,11,TRICR,142.14
,REF,90837,CPT4,AR01,11,MC,115.92
,REF,90837,CPT4,CA04,11,MEPOS,110.57
,REF,90837,CPT4,AL04,11,NNHMO,142.14
,REF,90837,CPT4,AL04,11,TRICR,142.14
,REF,90837,CPT4,AL08,11,USACC,142.14
,REF,90837,CPT4,CA01,11,MEPPO,117.78
,REF,90837,CPT4,AL07,11,MEPPO,120.82
,REF,90837,CPT4,AK01,11,VPHMO,153.38
,REF,90837,CPT4,AL03,11,MCAID,142.14
,REF,90837,CPT4,CA04,11,MBH,147.42
,REF,90837,CPT4,AL05,11,SLFIN,106.61
,REF,90837,CPT4,AL04,11,TC,106.61
,REF,90837,CPT4,AK02,11,MHMO,204.5
,REF,90837,CPT4,AZ01,11,MCAID,137.75
,REF,90837,CPT4,AZ01,11,,137.75
,REF,90837,CPT4,AK02,11,MBH,153.38
,REF,90837,CPT4,AK02,11,HMOAVN,204.5
,REF,90837,CPT4,AK02,11,HMOHRA,225.83
,REF,90837,CPT4,AL06,11,MEPO,106.61
,REF,90837,CPT4,AK02,11,ALL,173.83
,REF,90837,CPT4,AL04,11,MCARE,142.14
,REF,90837,CPT4,AZ01,11,USACC,90.33
,REF,90837,CPT4,AZ01,11,SLFIN,137.75
,REF,90837,CPT4,AL07,11,MEPOS,120.82
,REF,90837,CPT4,AL02,11,MEPOS,120.82
,REF,90837,CPT4,CA02,11,MHMO,150.61
,REF,90837,CPT4,AL02,11,MEPOS,142.14
,REF,90837,CPT4,AK02,11,MHMO,153.38
,REF,90837,CPT4,CA02,11,EAP,150.61
,REF,90837,CPT4,AL05,11,,142.14
,REF,90837,CPT4,AL02,11,MEHMO,106.61
,REF,90837,CPT4,AL04,11,MWC,106.61
,REF,90837,CPT4,AL07,11,SLFIN,142.14
,REF,90837,CPT4,CA04,11,ALL,147.42
,REF,90837,CPT4,AR01,11,MC,115.92
,REF,90837,CPT4,AL08,11,DPPO,142.14
,REF,90837,CPT4,AL07,11,SLFIN,142.14
,REF,90837,CPT4,CA01,11,HMO,157.04
,REF,90837,CPT4,CA04,11,,147.42
,REF,90837,CPT4,AZ01,11,NNHMO,120.44
,REF,90837,CPT4,AZ01,11,HMOAVN,103.31
,REF,90837,CPT4,CA04,11,ALL,125.31
,REF,90837,CPT4,AL06,11,MEHMO,142.14
,REF,90837,CPT4,CA01,11,MBH,117.78
,REF,90837,CPT4,CA04,11,ALL,147.42
,REF,90837,CPT4,AZ01,11,MEHMO,120.44
,REF,90837,CPT4,AL03,11,VPHMO,142.14
,REF,90837,CPT4,AZ01,11,MWC,137.75
,REF,90837,CPT4,AL08,11,MPPO,120.82
,REF,90837,CPT4,AL05,11,MEHMO,142.14
,REF,90837,CPT4,AL07,11,MEPO,142.14
,REF,90837,CPT4,CA02,11,MEPOS,150.61
,REF,90837,CPT4,CA04,11,MEPO,125.31
,REF,90837,CPT4,AL06,11,TRICR,106.61
,REF,90837,CPT4,CA02,11,MPPO,150.61
,REF,90837,CPT4,AL08,11,MEPOS,106.61
,REF,90837,CPT4,AL08,11,USACC,106.61
,REF,90837,CPT4,AK02,11,SLFIN,173.83
,REF,90837,CPT4,AL07,11,MCAID,120.82
,REF,90837,CPT4,AL08,11,USACC,120.82
,REF,90837,CPT4,AK02,11,MPPO,204.5
,REF,90837,CPT4,AK02,11,MEFFS,191.95
,REF,90837,CPT4,AL05,11,MCAID,106.61
,REF,90837,CPT4,AZ01,11,,120.44
,REF,90837,CPT4,AL03,11,QPOS,106.61
,REF,90837,CPT4,AZ01,11,TRICR,103.31
,REF,90837,CPT4,CA04,11,EAP,125.31
,REF,90837,CPT4,AL07,11,DHMO,142.14
,REF,90837,CPT4,AL07,11,USACC,106.61
,REF,90837,CPT4,AL03,11,MEPO,120.82
,REF,90837,CPT4,AK02,11,MPPO,204.5
,REF,90837,CPT4,AZ01,11,NNHMO,120.44
,REF,90837,CPT4,AK02,11,HMOHRA,204.5
,REF,90837,CPT4,AZ01,11,VPHMO,120.44
,REF,90837,CPT4,AK02,11,,153.38
,REF,90837,CPT4,AL06,11,VPHMO,142.14
,REF,90837,CPT4,CA01,11,EAP,117.78
,REF,90837,CPT4,CA04,11,HMOHRA,125.31
,REF,90837,CPT4,AL02,11,TRICR,120.82
,REF,90837,CPT4,AK01,11,VPHMO,169.37
,REF,90837,CPT4,AL04,11,MEPOS,142.14
,REF,90837,CPT4,CA04,11,MEHMO,110.57
,REF,90837,CPT4,AL03,11,QPOS,120.82
,REF,90837,CPT4,AL06,11,DPPO,142.14
,REF,90837,CPT4,AL07,11,VPHMO,106.61
,REF,90837,CPT4,AL04,11,MEHMO,106.61
,REF,90837,CPT4,AK02,11,NNHMO,153.38
,REF,90837,CPT4,AL05,11,DHMO,106.61
,REF,90837,CPT4,AK02,11,MCARE,204.5
,REF,90837,CPT4,AL08,11,MEFFS,142.14
,REF,90837,CPT4,AK02,11,NNHMO,204.5
,REF,90837,CPT4,AL06,11,DHMO,142.14
,REF,90837,CPT4,AL04,11,DHMO,142.14
,REF,90837,CPT4,CA04,11,MCAID,147.42
,REF,90837,CPT4,AR01,11,MEPO,78.49
,REF,90837,CPT4,AK02,11,MEPPO,225.83
,REF,90837,CPT4,AL05,11,QPOS,142.14
,REF,90837,CPT4,CA02,11,POS,150.61
,REF,90837,CPT4,AL02,11,TRICR,142.14
,REF,90837,CPT4,AL04,11,MCAID,142.14
,REF,90837,CPT4,CA04,11,HMO,125.31
,REF,90837,CPT4,CA02,11,POS,112.96
,REF,90837,CPT4,AR01,11,POS,99.02
,REF,90837,CPT4,CA02,11,VPHMO,150.61
,REF,90837,CPT4,AL04,11,MC,142.14
,REF,90837,CPT4,CA04,11,ALL,147.42
,REF,90837,CPT4,CA01,11,DPPO,133.48
,REF,90837,CPT4,CA01,11,TRICR,157.04
,REF,90837,CPT4,AL04,11,QPOS,106.61
,REF,90837,CPT4,AL07,11,QPOS,142.14
,REF,90837,CPT4,AL08,11,MEPO,142.14
,REF,90837,CPT4,AL06,11,,106.61
,REF,90837,CPT4,AL05,11,MEPO,142.14
,REF,90837,CPT4,AL07,11,EAP,142.14
,REF,90837,CPT4,AL05,11,POS,142.14
,REF,90837,CPT4,AK02,11,MC,173.83
,REF,90837,CPT4,CA02,11,MC,112.96
,REF,90837,CPT4,AK02,11,TRICR,191.95
,REF,90837,CPT4,CA02,11,,150.61
,REF,90837,CPT4,AZ01,11,MEPOS,102.37
,REF,90837,CPT4,AL05,11,SLFIN,142.14
,REF,90837,CPT4,AL02,11,QPOS,142.14
,REF,90837,CPT4,AK02,11,TRICR,204.5
,REF,90837,CPT4,AZ01,11,HMO,90.33
,REF,90837,CPT4,AK02,11,MWC,153.38
,REF,90837,CPT4,CA04,11,MHMO,125.31
,REF,90837,CPT4,AR01,11,VPHMO,115.92
,REF,90837,CPT4,AZ01,11,MEHMO,137.75
,REF,90837,CPT4,AL06,11,USACC,142.14
,REF,90837,CPT4,AK02,11,DHMO,204.5
,REF,90837,CPT4,CA02,11,MCARE,150.61
,REF,90837,CPT4,CA01,11,MC,117.78
,REF,90837,CPT4,AK02,11,MWC,169.37
,REF,90837,CPT4,AZ01,11,MPPO,137.75
,REF,90837,CPT4,CA02,11,MEPO,112.96
,REF,90837,CPT4,AL03,11,MEPO,142.14
,REF,90837,CPT4,AK02,11,SLFIN,191.95
,REF,90837,CPT4,AK02,11,MEPOS,225.83
,REF,90837,CPT4,AL03,11,TC,106.61
,REF,90837,CPT4,AK02,11,MHMO,153.38
,REF,90837,CPT4,AL04,11,DHMO,142.14
,REF,90837,CPT4,AL08,11,MEPPO,142.14
,REF,90837,CPT4,AL07,11,,106.61
,REF,90837,CPT4,AR01,11,EAP,78.49
,REF,90837,CPT4,CA02,11,NNHMO,112.96
,REF,90837,CPT4,AL08,11,VPHMO,120.82
,REF,90837,CPT4,AL03,11,MCARE,120.82
,REF,90837,CPT4,AZ01,11,TRICR,90.33
,REF,90837,CPT4,AL06,11,TC,142.14
,REF,90837,CPT4,AL08,11,,142.14
,REF,90837,CPT4,AR01,11,MEPO,78.49
,REF,90837,CPT4,AL02,11,MEPOS,120.82
,REF,90837,CPT4,CA02,11,MEHMO,112.96
,REF,90837,CPT4,CA01,11,MEPPO,157.04
,REF,90837,CPT4,AZ01,11,POS,137.75
,REF,90837,CPT4,AL06,11,MEPO,142.14
,REF,90837,CPT4,AK02,11,VPHMO,225.83
,REF,90837,CPT4,AL08,11,TC,120.82
,REF,90837,CPT4,CA04,11,EAP,147.42
,REF,90837,CPT4,AL02,11,MEFFS,106.61
,REF,90837,CPT4,AR01,11,SLFIN,78.49
,REF,90837,CPT4,AR01,11,MEHMO,115.92
,REF,90837,CPT4,AL02,11,ALL,142.14
,REF,90837,CPT4,AL05,11,,142.14
,REF,90837,CPT4,AK02,11,MEPO,173.83
,REF,90837,CPT4,AZ01,11,DPPO,137.75
,REF,90837,CPT4,AL03,11,MCAID,106.61
,REF,90837,CPT4,AL02,11,SLFIN,142.14
,REF,90837,CPT4,CA01,11,SLFIN,157.04
,REF,90837,CPT4,AK02,11,ALL,153.38
,REF,90837,CPT4,AZ01,11,MCARE,102.37
,REF,90837,CPT4,AL05,11,MPPO,106.61
,REF,90837,CPT4,AZ01,11,TC,103.31
,REF,90837,CPT4,AL07,11,HMO,142.14
,REF,90837,CPT4,AL02,11,MWC,106.61
,REF,90837,CPT4,AZ01,11,,90.33
,REF,90837,CPT4,CA04,11,MC,110.57
,REF,90837,CPT4,AK02,11,DPPO,173.83
,REF,90837,CPT4,AK02,11,EAP,153.38
,REF,90837,CPT4,CA02,11,HMOAVN,112.96
,REF,90837,CPT4,AL07,11,VPHMO,142.14
,REF,90837,CPT4,AL07,11,MEPPO,142.14
,REF,90837,CPT4,AK02,11,DHMO,153.38
,REF,90837,CPT4,AZ01,11,NNHMO,90.33
,REF,90837,CPT4,AL07,11,TC,142.14
,REF,90837,CPT4,CA02,11,MCARE,128.02
,REF,90837,CPT4,AK02,11,MEPPO,173.83
,REF,90837,CPT4,AL04,11,TRICR,142.14
,REF,90837,CPT4,AL04,11,USACC,142.14
,REF,90837,CPT4,AL06,11,,142.14
,REF,90837,CPT4,AR01,11,HMOAVN,115.92
,REF,90837,CPT4,AL05,11,USACC,106.61
,REF,90837,CPT4,AL08,11,HMO,120.82
,REF,90837,CPT4,CA02,11,HMO,150.61
,REF,90837,CPT4,AL05,11,MBH,142.14
,REF,90837,CPT4,AL04,11,MPPO,142.14
,REF,90837,CPT4,AL05,11,HMOAVN,120.82
,REF,90837,CPT4,AL08,11,HMOHRA,120.82
,REF,90837,CPT4,AL02,11,POS,142.14
,REF,90837,CPT4,AL05,11,MEPPO,106.61
,REF,90837,CPT4,AL06,11,HMOAVN,142.14
,REF,90837,CPT4,CA01,11,TC,157.04
,REF,90837,CPT4,AZ01,11,TRICR,137.75
,REF,90837,CPT4,CA01,11,HMO,157.04
,REF,90837,CPT4,AL07,11,MCARE,120.82
,REF,90837,CPT4,CA04,11,MEPO,147.42
,REF,90837,CPT4,AK02,11,MEFFS,204.5
,REF,90837,CPT4,AL03,11,NNHMO,142.14
,REF,90837,CPT4,AL05,11,VPHMO,142.14
,REF,90837,CPT4,AZ01,11,MEPOS,90.33
,REF,90837,CPT4,AL05,11,MEFFS,106.61
,REF,90837,CPT4,AZ01,11,MEHMO,137.75
,REF,90837,CPT4,AL02,11,NNHMO,106.61
,REF,90837,CPT4,AK02,11,ALL,153.38
,REF,90837,CPT4,AL02,11,NNHMO,142.14
,REF,90837,CPT4,CA02,11,ALL,112.96
,REF,90837,CPT4,AK02,11,VPHMO,191.95
,REF,90837,CPT4,AL03,11,MBH,120.82
,REF,90837,CPT4,AK02,11,MHMO,225.83
,REF,90837,CPT4,AZ01,11,POS,90.33
,REF,90837,CPT4,AL06,11,HMOAVN,120.82
,REF,90837,CPT4,AL02,11,DHMO,142.14
,REF,90837,CPT4,AK02,11,DHMO,169.37
,REF,90837,CPT4,AK02,11,TRICR,225.83
,REF,90837,CPT4,AL06,11,MHMO,120.82
,REF,90837,CPT4,AL02,11,HMOHRA,106.61
,REF,90837,CPT4,AL07,11,DHMO,142.14
,REF,90837,CPT4,AZ01,11,USACC,137.75
,REF,90837,CPT4,AL08,11,MBH,106.61
,REF,90837,CPT4,AR01,11,TRICR,99.02
,REF,90837,CPT4,AL08,11,NNHMO,106.61
,REF,90837,CPT4,AL03,11,MEPOS,106.61
,REF,90837,CPT4,CA02,11,SLFIN,128.02
,REF,90837,CPT4,AK02,11,QPOS,225.83
,REF,90837,CPT4,AL07,11,USACC,120.82
,REF,90837,CPT4,AL08,11,VPHMO,142.14
,REF,90837,CPT4,AL06,11,TRICR,142.14
,REF,90837,CPT4,AK02,11,MEPOS,204.5
,REF,90837,CPT4,AZ01,11,EAP,120.44
,REF,90837,CPT4,AL07,11,HMOHRA,120.82
,REF,90837,CPT4,AL07,11,SLFIN,142.14
,REF,90837,CPT4,AZ01,11,DPPO,90.33
,REF,90837,CPT4,AZ01,11,MEPO,137.75
,REF,90837,CPT4,AK02,11,HMO,153.38
,REF,90837,CPT4,AZ01,11,MWC,117.09
,REF,90837,CPT4,AZ01,11,VPHMO,137.75
,REF,90837,CPT4,AL04,11,MBH,106.61
,REF,90837,CPT4,AL03,11,VPHMO,106.61
,REF,90837,CPT4,AL07,11,SLFIN,142.14
,REF,90837,CPT4,AL04,11,MWC,106.61
,REF,90837,CPT4,AL05,11,MPPO,142.14
,REF,90837,CPT4,AK02,11,TC,204.5
,REF,90837,CPT4,AL08,11,MEHMO,106.61
,REF,90837,CPT4,AL03,11,ALL,142.14
,REF,90837,CPT4,CA04,11,MEPOS,125.31
,REF,90837,CPT4,AR01,11,MEPPO,115.92
,REF,90837,CPT4,AL03,11,HMO,142.14
,REF,90837,CPT4,AZ01,11,MEPPO,120.44
,REF,90837,CPT4,AK02,11,MCAID,225.83
,REF,90837,CPT4,AL02,11,VPHMO,142.14
,REF,90837,CPT4,AR01,11,MEFFS,115.92
,REF,90837,CPT4,CA02,11,NNHMO,150.61
,REF,90837,CPT4,AZ01,11,MEHMO,90.33
,REF,90837,CPT4,AK02,11,MEHMO,204.5
,REF,90837,CPT4,AL08,11,MCAID,142.14
,REF,90837,CPT4,AK02,11,MCAID,169.37
,REF,90837,CPT4,AL03,11,QPOS,120.82
,REF,90837,CPT4,AL03,11,MCAID,106.61
,REF,90837,CPT4,AL07,11,HMO,106.61
,REF,90837,CPT4,CA01,11,MEPPO,157.04
,REF,90837,CPT4,AL06,11,DHMO,120.82
,REF,90837,CPT4,AL07,11,MHMO,106.61
,REF,90837,CPT4,CA02,11,HMOAVN,128.02
,REF,90837,CPT4,AL02,11,MCAID,142.14
,REF,90837,CPT4,AL05,11,MCARE,142.14
,REF,90837,CPT4,AL07,11,DPPO,142.14
,REF,90837,CPT4,AL04,11,MCARE,142.14
,REF,90837,CPT4,CA02,11,TC,150.61
,REF,90837,CPT4,AK02,11,MBH,169.37
,REF,90837,CPT4,AL08,11,MHMO,106.61
,REF,90837,CPT4,CA04,11,,147.42
,REF,90837,CPT4,AL08,11,TC,106.61
,REF,90837,CPT4,CA01,11,MEPOS,133.48
,REF,90837,CPT4,CA02,11,MHMO,150.61
,REF,90837,CPT4,CA02,11,MPPO,128.02
,REF,90837,CPT4,AK02,11,TC,225.83
,REF,90837,CPT4,CA01,11,DHMO,117.78
,REF,90837,CPT4,AL02,11,DHMO,106.61
,REF,90837,CPT4,AK02,11,MPPO,169.37
,REF,90837,CPT4,AL02,11,MHMO,106.61
,REF,90837,CPT4,AL06,11,MHMO,142.14
,REF,90837,CPT4,AL03,11,MHMO,142.14
,REF,90837,CPT4,AL03,11,MBH,106.61
,REF,90837,CPT4,AL02,11,MEPO,106.61
,REF,90837,CPT4,AL07,11,HMOAVN,142.14
,REF,90837,CPT4,AZ01,11,DPPO,103.31
,REF,90837,CPT4,AL04,11,MEFFS,142.14
,REF,90837,CPT4,AK02,11,TC,173.83
,REF,90837,CPT4,AL03,11,NNHMO,106.61
,REF,90837,CPT4,CA04,11,,110.57
,REF,90837,CPT4,AL07,11,MEPO,142.14
,REF,90837,CPT4,CA02,11,VPHMO,150.61
,REF,90837,CPT4,AL06,11,SLFIN,142.14
,REF,90837,CPT4,AL02,11,MEPO,120.82
,REF,90837,CPT4,AL05,11,USACC,142.14
,REF,90837,CPT4,AZ01,11,VPHMO,120.44
,REF,90837,CPT4,AK02,11,DPPO,153.38
,REF,90837,CPT4,AL02,11,EAP,142.14
,REF,90837,CPT4,AK01,11,VPHMO,173.83
,REF,90837,CPT4,CA02,11,TRICR,112.96
,REF,90837,CPT4,AL05,11,HMOAVN,142.14
,REF,90837,CPT4,AZ01,11,MCARE,117.09
,REF,90837,CPT4,AL05,11,MC,106.61
,REF,90837,CPT4,CA01,11,SLFIN,117.78
,REF,90837,CPT4,AK02,11,NNHMO,225.83
,REF,90837,CPT4,AK02,11,SLFIN,169.37
,REF,90837,CPT4,CA01,11,MCARE,157.04
,REF,90837,CPT4,AZ01,11,MWC,117.09
,REF,90837,CPT4,AL05,11,SLFIN,142.14
,REF,90837,CPT4,CA02,11,MBH,150.61
,REF,90837,CPT4,AL04,11,MHMO,142.14
,REF,90837,CPT4,CA02,11,ALL,128.02
,REF,90837,CPT4,CA04,11,MCAID,147.42
,REF,90837,CPT4,AK02,11,ALL,191.95
,REF,90837,CPT4,AL04,11,HMOHRA,106.61
,REF,90837,CPT4,CA02,11,MHMO,150.61
,REF,90837,CPT4,AK02,11,POS,173.83
,REF,90837,CPT4,AK02,11,DHMO,169.37
,REF,90837,CPT4,CA01,11,POS,157.04
,REF,90837,CPT4,AK02,11,MCARE,153.38
,REF,90837,CPT4,AZ01,11,HMOAVN,103.31
,REF,90837,CPT4,CA02,11,MC,150.61
,REF,90837,CPT4,CA01,11,MEPOS,133.48
,REF,90837,CPT4,AL02,11,MBH,142.14
,REF,90837,CPT4,AL02,11,MHMO,142.14
,REF,90837,CPT4,AL03,11,MPPO,142.14
,REF,90837,CPT4,AL04,11,MBH,120.82
,REF,90837,CPT4,AK02,11,MEPO,191.95
,REF,90837,CPT4,AL04,11,ALL,106.61
,REF,90837,CPT4,CA02,11,TC,112.96
,REF,90837,CPT4,AL03,11,EAP,120.82
,REF,90837,CPT4,AK02,11,MEPOS,169.37
,REF,90837,CPT4,CA02,11,TC,150.61
,REF,90837,CPT4,AL08,11,USACC,106.61
,REF,90837,CPT4,CA01,11,USACC,133.48
,REF,90837,CPT4,AL03,11,MCARE,106.61
,REF,90837,CPT4,AL03,11,VPHMO,106.61
,REF,90837,CPT4,AL03,11,TC,106.61
,REF,90837,CPT4,AL07,11,MPPO,120.82
,REF,90837,CPT4,AK02,11,MEPPO,169.37
,REF,90837,CPT4,CA02,11,MHMO,150.61
,REF,90837,CPT4,AL08,11,MEHMO,142.14
,REF,90837,CPT4,AL03,11,MCARE,142.14
,REF,90837,CPT4,AL07,11,HMOAVN,142.14
,REF,90837,CPT4,CA04,11,DHMO,147.42
,REF,90837,CPT4,AL07,11,QPOS,142.14
,REF,90837,CPT4,AL05,11,,106.61
,REF,90837,CPT4,AL02,11,MEPOS,106.61
,REF,90837,CPT4,AZ01,11,MEHMO,103.31
,REF,90837,CPT4,AZ01,11,MEFFS,90.33
,REF,90837,CPT4,AL02,11,NNHMO,106.61
,REF,90837,CPT4,AL03,11,ALL,106.61
,REF,90837,CPT4,CA02,11,QPOS,150.61
,REF,90837,CPT4,AL07,11,MEFFS,120.82
,REF,90837,CPT4,CA04,11,MEPOS,110.57
,REF,90837,CPT4,AK02,11,HMO,225.83
,REF,90837,CPT4,AL06,11,HMOAVN,106.61
,REF,90837,CPT4,AL07,11,VPHMO,142.14
,REF,90837,CPT4,CA02,11,SLFIN,150.61
,REF,90837,CPT4,AZ01,11,MCAID,137.75
,REF,90837,CPT4,AZ01,11,MPPO,137.75
,REF,90837,CPT4,AR01,11,ALL,115.92
,REF,90837,CPT4,AL02,11,HMO,120.82
,REF,90837,CPT4,AL07,11,DHMO,106.61
,REF,90837,CPT4,AL03,11,POS,106.61
,REF,90837,CPT4,CA01,11,HMOAVN,117.78
,REF,90837,CPT4,AR01,11,SLFIN,78.49
,REF,90837,CPT4,AR01,11,MC,78.49
,REF,90837,CPT4,AR01,11,HMOAVN,115.92
,REF,90837,CPT4,AK02,11,MWC,169.37
,REF,90837,CPT4,AL08,11,MEHMO,142.14
,REF,90837,CPT4,AR01,11,TC,115.92
,REF,90837,CPT4,CA02,11,POS,150.61
,REF,90837,CPT4,AL08,11,QPOS,106.61
,REF,90837,CPT4,CA01,11,NNHMO,157.04
,REF,90837,CPT4,AL04,11,MC,106.61
,REF,90837,CPT4,AL07,11,MCAID,142.14
,REF,90837,CPT4,AL05,11,TC,106.61
,REF,90837,CPT4,CA01,11,MCAID,117.78
,REF,90837,CPT4,CA02,11,HMOHRA,150.61
,REF,90837,CPT4,CA04,11,HMO,147.42
,REF,90837,CPT4,CA02,11,TC,150.61
,REF,90837,CPT4,AL07,11,HMOHRA,142.14
,REF,90837,CPT4,AL05,11,MEFFS,106.61
,REF,90837,CPT4,CA02,11,MEHMO,150.61
,REF,90837,CPT4,AL02,11,MWC,142.14
,REF,90837,CPT4,AZ01,11,MEFFS,120.44
,REF,90837,CPT4,CA01,11,SLFIN,133.48
,REF,90837,CPT4,CA01,11,HMO,157.04
,REF,90837,CPT4,AL07,11,USACC,106.61
,REF,90837,CPT4,CA02,11,MEHMO,150.61
,REF,90837,CPT4,AL04,11,ALL,120.82
,REF,90837,CPT4,CA04,11,MEPOS,110.57
,REF,90837,CPT4,AL08,11,TC,142.14
,REF,90837,CPT4,AZ01,11,MEFFS,137.75
,REF,90837,CPT4,AL03,11,HMOAVN,142.14
,REF,90837,CPT4,AL08,11,TC,142.14
,REF,90837,CPT4,AZ01,11,TRICR,120.44
,REF,90837,CPT4,AZ01,11,MHMO,137.75
,REF,90837,CPT4,CA01,11,TC,117.78
,REF,90837,CPT4,AL02,11,HMO,106.61
,REF,90837,CPT4,CA02,11,MWC,128.02
,REF,90837,CPT4,AL05,11,MEFFS,142.14
,REF,90837,CPT4,CA01,11,MWC,117.78
,REF,90837,CPT4,AL08,11,MC,120.82
,REF,90837,CPT4,AL03,11,EAP,106.61
,REF,90837,CPT4,CA01,11,MCAID,157.04
,REF,90837,CPT4,AK02,11,MEHMO,225.83
,REF,90837,CPT4,CA01,11,SLFIN,157.04
,REF,90837,CPT4,AL05,11,MEHMO,106.61
,REF,90837,CPT4,CA04,11,HMOHRA,125.31
,REF,90837,CPT4,AL03,11,HMO,106.61
,REF,90837,CPT4,AL06,11,MEHMO,142.14
,REF,90837,CPT4,AL07,11,MWC,142.14
,REF,90837,CPT4,AL05,11,POS,106.61
,REF,90837,CPT4,CA02,11,QPOS,112.96
,REF,90837,CPT4,AZ01,11,MEFFS,102.37
,REF,90837,CPT4,AR01,11,VPHMO,115.92
,REF,90837,CPT4,AK02,11,ALL,225.83
,REF,90837,CPT4,AL02,11,ALL,106.61
,REF,90837,CPT4,AK02,11,MWC,225.83
,REF,90837,CPT4,AL04,11,VPHMO,120.82
,REF,90837,CPT4,CA01,11,MEPPO,157.04
,REF,90837,CPT4,CA02,11,MPPO,112.96
,REF,90837,CPT4,CA02,11,USACC,112.96
,REF,90837,CPT4,AZ01,11,ALL,120.44
,REF,90837,CPT4,AL04,11,USACC,142.14
,REF,90837,CPT4,AL06,11,MEFFS,106.61
,REF,90837,CPT4,CA02,11,MC,112.96
,REF,90837,CPT4,AL03,11,,142.14
,REF,90837,CPT4,AL06,11,MEFFS,120.82
,REF,90837,CPT4,AL07,11,MPPO,142.14
,REF,90837,CPT4,CA01,11,MBH,117.78
,REF,90837,CPT4,AL02,11,MPPO,106.61
,REF,90837,CPT4,AL03,11,SLFIN,120.82
,REF,90837,CPT4,AL06,11,VPHMO,142.14
,REF,90837,CPT4,AZ01,11,MEHMO,120.44
,REF,90837,CPT4,AL03,11,MCAID,106.61
,REF,90837,CPT4,AL08,11,TC,120.82
,REF,90837,CPT4,CA02,11,POS,112.96
,REF,90837,CPT4,AL06,11,MEFFS,142.14
,REF,90837,CPT4,AL06,11,MEFFS,142.14
,REF,90837,CPT4,AR01,11,NNHMO,78.49
,REF,90837,CPT4,AL06,11,MEFFS,142.14
,REF,90837,CPT4,AZ01,11,MEPO,90.33
,REF,90837,CPT4,AR01,11,HMO,78.49
,REF,90837,CPT4,AL07,11,EAP,142.14
,REF,90837,CPT4,AL07,11,TRICR,142.14
,REF,90837,CPT4,CA01,11,MEHMO,157.04
,REF,90837,CPT4,AL07,11,MC,142.14
,REF,90837,CPT4,AL05,11,SLFIN,106.61
,REF,90837,CPT4,AL08,11,MEPPO,142.14
,REF,90837,CPT4,AL04,11,HMOAVN,142.14
,REF,90837,CPT4,AZ01,11,MC,137.75
,REF,90837,CPT4,CA02,11,DPPO,128.02
,REF,90837,CPT4,CA02,11,MCAID,150.61
,REF,90837,CPT4,AK02,11,MEFFS,204.5
,REF,90837,CPT4,AL04,11,DPPO,106.61
,REF,90837,CPT4,AL06,11,SLFIN,106.61
,REF,90837,CPT4,CA02,11,HMOAVN,112.96
,REF,90837,CPT4,AL04,11,POS,106.61
,REF,90837,CPT4,AZ01,11,MEFFS,102.37
,REF,90837,CPT4,AL07,11,MCARE,142.14
,REF,90837,CPT4,AL08,11,MBH,106.61
,REF,90837,CPT4,CA04,11,HMOHRA,110.57
,REF,90837,CPT4,AL04,11,MCAID,106.61
,REF,90837,CPT4,AZ01,11,MWC,103.31
,REF,90837,CPT4,AL05,11,TRICR,106.61
,REF,90837,CPT4,AK02,11,TC,153.38
,REF,90837,CPT4,CA02,11,MBH,150.61
,REF,90837,CPT4,AK02,11,HMOHRA,225.83
,REF,90837,CPT4,AL04,11,DHMO,106.61
,REF,90837,CPT4,CA02,11,EAP,150.61
,REF,90837,CPT4,AR01,11,QPOS,78.49
,REF,90837,CPT4,AK02,11,TRICR,191.95
,REF,90837,CPT4,AL04,11,MWC,142.14
,REF,90837,CPT4,AL03,11,TC,106.61
,REF,90837,CPT4,AL02,11,MCAID,142.14
,REF,90837,CPT4,AL07,11,MWC,106.61
,REF,90837,CPT4,AK02,11,HMO,225.83
,REF,90837,CPT4,AL08,11,MWC,142.14
,REF,90837,CPT4,AL04,11,VPHMO,142.14
,REF,90837,CPT4,AZ01,11,DPPO,117.09
,REF,90837,CPT4,CA01,11,ALL,117.78
,REF,90837,CPT4,AL04,11,MPPO,106.61
,REF,90837,CPT4,CA02,11,MEPO,150.61
,REF,90837,CPT4,AL07,11,MPPO,142.14
,REF,90837,CPT4,AR01,11,TC,78.49
,REF,90837,CPT4,AL02,11,QPOS,106.61
,REF,90837,CPT4,AL04,11,NNHMO,106.61
,REF,90837,CPT4,AR01,11,USACC,78.49
,REF,90837,CPT4,AZ01,11,POS,103.31
,REF,90837,CPT4,AZ01,11,MEPO,137.75
,REF,90837,CPT4,CA04,11,EAP,147.42
,REF,90837,CPT4,AZ01,11,NNHMO,117.09
,REF,90837,CPT4,AL04,11,MEHMO,106.61
,REF,90837,CPT4,CA02,11,VPHMO,150.61
,REF,90837,CPT4,AL06,11,MBH,120.82
,REF,90837,CPT4,AK02,11,HMOHRA,173.83
,REF,90837,CPT4,AL04,11,MPPO,142.14
,REF,90837,CPT4,CA02,11,MCAID,150.61
,REF,90837,CPT4,CA01,11,MHMO,157.04
,REF,90837,CPT4,AK02,11,MEPO,153.38
,REF,90837,CPT4,AL04,11,HMOAVN,142.14
,REF,90837,CPT4,AL02,11,MEPPO,142.14
,REF,90837,CPT4,CA01,11,MCAID,117.78
,REF,90837,CPT4,AR01,11,HMOAVN,115.92
,REF,90837,CPT4,AK02,11,MEPPO,225.83
,REF,90837,CPT4,AL02,11,MEFFS,106.61
,REF,90837,CPT4,AL08,11,MHMO,142.14
,REF,90837,CPT4,AL05,11,MWC,142.14
,REF,90837,CPT4,CA01,11,MWC,157.04
,REF,90837,CPT4,AL06,11,MEHMO,120.82
,REF,90837,CPT4,AZ01,11,QPOS,137.75
,REF,90837,CPT4,AZ01,11,MPPO,103.31
,REF,90837,CPT4,CA02,11,,112.96
,REF,90837,CPT4,AZ01,11,MPPO,102.37
,REF,90837,CPT4,AL06,11,MEPOS,142.14
,REF,90837,CPT4,AL05,11,,142.14
,REF,90837,CPT4,AL04,11,QPOS,142.14
,REF,90837,CPT4,AL08,11,MBH,106.61
,REF,90837,CPT4,AK01,11,VPHMO,173.83
,REF,90837,CPT4,AL07,11,MWC,120.82
,REF,90837,CPT4,AL08,11,EAP,106.61
,REF,90837,CPT4,CA01,11,MC,133.48
,REF,90837,CPT4,AL07,11,MCARE,142.14
,REF,90837,CPT4,AL02,11,TRICR,142.14
,REF,90837,CPT4,AL07,11,SLFIN,142.14
,REF,90837,CPT4,AL02,11,MEPPO,142.14
,REF,90837,CPT4,AL03,11,SLFIN,106.61
,REF,90837,CPT4,AL05,11,MEPOS,142.14
,REF,90837,CPT4,AK02,11,MWC,169.37
,REF,90837,CPT4,AL04,11,SLFIN,120.82
,REF,90837,CPT4,AL04,11,DPPO,106.61
,REF,90837,CPT4,AL05,11,MEPO,142.14
,REF,90837,CPT4,AL06,11,TC,142.14
,REF,90837,CPT4,AL04,11,QPOS,106.61
,REF,90837,CPT4,AL03,11,MCARE,142.14
,REF,90837,CPT4,AZ01,11,MWC,103.31
,REF,90837,CPT4,AL05,11,MEPPO,106.61
,REF,90837,CPT4,CA02,11,MWC,150.61
,REF,90837,CPT4,AL06,11,,106.61
,REF,90837,CPT4,AL07,11,MEPPO,142.14
,REF,90837,CPT4,AK02,11,HMO,173.83
,REF,90837,CPT4,AZ01,11,NNHMO,120.44
,REF,90837,CPT4,AL02,11,HMOAVN,142.14
,REF,90837,CPT4,AK02,11,TC,225.83
,REF,90837,CPT4,CA02,11,USACC,150.61
,REF,90837,CPT4,AL03,11,EAP,142.14
,REF,90837,CPT4,AL06,11,MEHMO,106.61
,REF,90837,CPT4,AL06,11,MEPO,142.14
,REF,90837,CPT4,AL04,11,USACC,142.14
,REF,90837,CPT4,AR01,11,MEPOS,78.49
,REF,90837,CPT4,CA04,11,MCAID,110.57
,REF,90837,CPT4,AL02,11,ALL,142.14
,REF,90837,CPT4,AL05,11,MPPO,142.14
,REF,90837,CPT4,AK02,11,MCARE,169.37
,REF,90837,CPT4,AL06,11,POS,142.14
,REF,90837,CPT4,AL06,11,EAP,142.14
,REF,90837,CPT4,CA01,11,MC,157.04
,REF,90837,CPT4,AL04,11,EAP,142.14
,REF,90837,CPT4,AZ01,11,MCAID,137.75
,REF,90837,CPT4,AL05,11,POS,142.14
,REF,90837,CPT4,AL06,11,MEPPO,120.82
,REF,90837,CPT4,CA01,11,HMOHRA,157.04
,REF,90837,CPT4,AL05,11,TC,142.14
,REF,90837,CPT4,AL02,11,MEPO,106.61
,REF,90837,CPT4,AR01,11,MEPO,115.92
,REF,90837,CPT4,AZ01,11,SLFIN,120.44
,REF,90837,CPT4,AL08,11,POS,142.14
,REF,90837,CPT4,AL02,11,DHMO,142.14
,REF,90837,CPT4,CA04,11,MCARE,147.42
,REF,90837,CPT4,AL04,11,TRICR,142.14
,REF,90837,CPT4,AL08,11,TC,142.14
,REF,90837,CPT4,AR01,11,MEPO,115.92
,REF,90837,CPT4,AZ01,11,SLFIN,90.33
,REF,90837,CPT4,AK02,11,MEPPO,204.5
,REF,90837,CPT4,AL07,11,MEPPO,142.14
,REF,90837,CPT4,AL08,11,HMO,142.14
,REF,90837,CPT4,AZ01,11,NNHMO,117.09
,REF,90837,CPT4,AK02,11,MCARE,225.83
,REF,90837,CPT4,AL03,11,MWC,106.61
,REF,90837,CPT4,AK02,11,MWC,225.83
,REF,90837,CPT4,CA04,11,MC,147.42
,REF,90837,CPT4,AL02,11,MEHMO,106.61
,REF,90837,CPT4,AL02,11,NNHMO,106.61
,REF,90837,CPT4,AL06,11,NNHMO,106.61
,REF,90837,CPT4,AL04,11,MPPO,120.82
,REF,90837,CPT4,CA02,11,MEPOS,112.96
,REF,90837,CPT4,AR01,11,MWC,115.92
,REF,90837,CPT4,AZ01,11,POS,103.31
,REF,90837,CPT4,AR01,11,USACC,115.92
,REF,90837,CPT4,AK02,11,VPHMO,204.5
,REF,90837,CPT4,AL02,11,DPPO,142.14
,REF,90837,CPT4,CA01,11,MC,133.48
,REF,90837,CPT4,AZ01,11,TC,137.75
,REF,90837,CPT4,AK02,11,MEHMO,225.83
,REF,90837,CPT4,AL07,11,HMO,142.14
,REF,90837,CPT4,AK02,11,MPPO,225.83
,REF,90837,CPT4,AL07,11,MPPO,120.82
,REF,90837,CPT4,AL05,11,MEFFS,142.14
,REF,90837,CPT4,AL08,11,TRICR,120.82
,REF,90837,CPT4,AK02,11,MEPO,169.37
,REF,90837,CPT4,AL08,11,USACC,142.14
,REF,90837,CPT4,AK02,11,MEPOS,225.83
,REF,90837,CPT4,AR01,11,HMOAVN,78.49
,REF,90837,CPT4,AL04,11,TRICR,106.61
,REF,90837,CPT4,CA02,11,MCAID,128.02
,REF,90837,CPT4,CA01,11,HMOAVN,157.04
,REF,90837,CPT4,CA01,11,MCARE,157.04
,REF,90837,CPT4,AR01,11,ALL,78.49
,REF,90837,CPT4,AZ01,11,MCAID,120.44
,REF,90837,CPT4,AL05,11,DPPO,142.14
,REF,90837,CPT4,AK02,11,EAP,173.83
,REF,90837,CPT4,AZ01,11,TRICR,102.37
,REF,90837,CPT4,AK02,11,MEFFS,225.83
,REF,90837,CPT4,AZ01,11,MC,103.31
,REF,90837,CPT4,AL08,11,ALL,106.61
,REF,90837,CPT4,AK02,11,MC,225.83
,REF,90837,CPT4,AK02,11,TRICR,153.38
,REF,90837,CPT4,AL06,11,MPPO,120.82
,REF,90837,CPT4,CA04,11,HMO,125.31
,REF,90837,CPT4,CA02,11,DPPO,150.61
,REF,90837,CPT4,AL06,11,MEPPO,120.82
,REF,90837,CPT4,CA01,11,QPOS,157.04
,REF,90837,CPT4,AR01,11,MEPPO,115.92
,REF,90837,CPT4,AK02,11,,225.83
,REF,90837,CPT4,AR01,11,MHMO,115.92
,REF,90837,CPT4,AL05,11,MHMO,106.61
,REF,90837,CPT4,CA02,11,USACC,150.61
,REF,90837,CPT4,AZ01,11,MBH,103.31
,REF,90837,CPT4,AL08,11,MCARE,142.14
,REF,90837,CPT4,AR01,11,MEFFS,78.49
,REF,90837,CPT4,AL08,11,USACC,142.14
,REF,90837,CPT4,AL03,11,MPPO,142.14
,REF,90837,CPT4,AZ01,11,TC,90.33
,REF,90837,CPT4,AK02,11,POS,204.5
,REF,90837,CPT4,AZ01,11,HMO,120.44
,REF,90837,CPT4,AL02,11,HMOHRA,142.14
,REF,90837,CPT4,AL02,11,QPOS,142.14
,REF,90837,CPT4,AL07,11,MWC,142.14
,REF,90837,CPT4,AL04,11,POS,106.61
,REF,90837,CPT4,CA04,11,MEHMO,147.42
,REF,90837,CPT4,AL02,11,MCARE,142.14
,REF,90837,CPT4,AR01,11,VPHMO,78.49
,REF,90837,CPT4,CA04,11,HMO,147.42
,REF,90837,CPT4,AR01,11,NNHMO,99.02
,REF,90837,CPT4,AR01,11,QPOS,78.49
,REF,90837,CPT4,AL06,11,NNHMO,106.61
,REF,90837,CPT4,CA02,11,HMOAVN,112.96
,REF,90837,CPT4,AL07,11,USACC,142.14
,REF,90837,CPT4,CA01,11,USACC,157.04
,REF,90837,CPT4,AZ01,11,MCAID,120.44
,REF,90837,CPT4,AL02,11,MPPO,142.14
,REF,90837,CPT4,AK02,11,HMO,225.83
,REF,90837,CPT4,CA02,11,MCARE,150.61
,REF,90837,CPT4,AL05,11,USACC,142.14
,REF,90837,CPT4,AZ01,11,DHMO,120.44
,REF,90837,CPT4,AL06,11,QPOS,142.14
,REF,90837,CPT4,AL04,11,TRICR,142.14
,REF,90837,CPT4,AL08,11,TRICR,142.14
,REF,90837,CPT4,AL05,11,,106.61
,REF,90837,CPT4,AL05,11,HMOHRA,142.14
,REF,90837,CPT4,AR01,11,POS,115.92
,REF,90837,CPT4,CA04,11,MEFFS,110.57
,REF,90837,CPT4,AK02,11,DPPO,204.5
,REF,90837,CPT4,AL05,11,MCARE,142.14
,REF,90837,CPT4,AL07,11,TC,106.61
,REF,90837,CPT4,AL08,11,MEFFS,106.61
,REF,90837,CPT4,AK02,11,MPPO,153.38
,REF,90837,CPT4,CA04,11,MC,147.42
,REF,90837,CPT4,AL03,11,HMOAVN,106.61
,REF,90837,CPT4,AR01,11,HMOAVN,115.92
,REF,90837,CPT4,AK02,11,MEPPO,204.5
,REF,90837,CPT4,AK02,11,,153.38
,REF,90837,CPT4,AK02,11,DPPO,204.5
,REF,90837,CPT4,AL05,11,HMOHRA,106.61
,REF,90837,CPT4,AR01,11,ALL,78.49
,REF,90837,CPT4,AL08,11,POS,120.82
,REF,90837,CPT4,AL05,11,MEHMO,142.14
,REF,90837,CPT4,AL08,11,QPOS,142.14
,REF,90837,CPT4,CA04,11,MCAID,110.57
,REF,90837,CPT4,CA01,11,VPHMO,157.04
,REF,90837,CPT4,AL08,11,NNHMO,142.14
,REF,90837,CPT4,AZ01,11,POS,137.75
,REF,90837,CPT4,AL08,11,POS,106.61
,REF,90837,CPT4,AL02,11,HMO,142.14
,REF,90837,CPT4,AL04,11,POS,142.14
,REF,90837,CPT4,CA01,11,MPPO,117.78
,REF,90837,CPT4,AL06,11,MHMO,106.61
,REF,90837,CPT4,AK02,11,VPHMO,204.5
,REF,90837,CPT4,AL06,11,TC,142.14
,REF,90837,CPT4,AK02,11,MPPO,191.95
,REF,90837,CPT4,AL03,11,MEPPO,142.14
,REF,90837,CPT4,AZ01,11,HMO,117.09
,REF,90837,CPT4,AL02,11,MEPO,106.61
,REF,90837,CPT4,AL06,11,,106.61
,REF,90837,CPT4,AL04,11,ALL,106.61
,REF,90837,CPT4,AL08,11,MWC,142.14
,REF,90837,CPT4,AZ01,11,TC,120.44
,REF,90837,CPT4,AL08,11,HMOAVN,120.82
,REF,90837,CPT4,AL06,11,MCARE,106.61
,REF,90837,CPT4,AL04,11,QPOS,142.14
,REF,90837,CPT4,CA01,11,DHMO,157.04
,REF,90837,CPT4,AR01,11,HMO,78.49
,REF,90837,CPT4,CA02,11,DHMO,150.61
,REF,90837,CPT4,AK02,11,HMOHRA,225.83
,REF,90837,CPT4,AL03,11,HMOAVN,120.82
,REF,90837,CPT4,AZ01,11,MBH,137.75
,REF,90837,CPT4,AZ01,11,MEPOS,137.75
,REF,90837,CPT4,AR01,11,MWC,78.49
,REF,90837,CPT4,AL08,11,MC,106.61
,REF,90837,CPT4,CA02,11,SLFIN,128.02
,REF,90837,CPT4,AL07,11,EAP,142.14
,REF,90837,CPT4,AL02,11,EAP,106.61
,REF,90837,CPT4,AL06,11,QPOS,120.82
,REF,90837,CPT4,AL06,11,MEPOS,106.61
,REF,90837,CPT4,AZ01,11,USACC,103.31
,REF,90837,CPT4,AZ01,11,MEPO,120.44
,REF,90837,CPT4,CA01,11,MWC,117.78
,REF,90837,CPT4,AL03,11,MCAID,142.14
,REF,90837,CPT4,AL08,11,HMO,142.14
,REF,90837,CPT4,AL08,11,MEPO,106.61
,REF,90837,CPT4,AK02,11,EAP,204.5
,REF,90837,CPT4,AR01,11,NNHMO,78.49
,REF,90837,CPT4,CA04,11,MCARE,125.31
,REF,90837,CPT4,AK02,11,MEPOS,204.5
,REF,90837,CPT4,AL03,11,MWC,106.61
,REF,90837,CPT4,AL02,11,HMO,120.82
,REF,90837,CPT4,AL06,11,MEPO,142.14
,REF,90837,CPT4,CA01,11,EAP,157.04
,REF,90837,CPT4,AL03,11,VPHMO,142.14
,REF,90837,CPT4,AR01,11,MCAID,115.92
,REF,90837,CPT4,AR01,11,HMO,115.92
,REF,90837,CPT4,AK02,11,MEFFS,204.5
,REF,90837,CPT4,AL07,11,HMO,106.61
,REF,90837,CPT4,CA01,11,EAP,157.04
,REF,90837,CPT4,CA04,11,DPPO,147.42
,REF,90837,CPT4,CA04,11,MBH,125.31
,REF,90837,CPT4,AR01,11,EAP,78.49
,REF,90837,CPT4,AL03,11,MHMO,142.14
,REF,90837,CPT4,AK02,11,TC,204.5
,REF,90837,CPT4,AZ01,11,EAP,137.75
,REF,90837,CPT4,AL03,11,SLFIN,106.61
,REF,90837,CPT4,AZ01,11,MCAID,137.75
,REF,90837,CPT4,AL08,11,MBH,142.14
,REF,90837,CPT4,AL03,11,MCARE,142.14
,REF,90837,CPT4,AK02,11,MEFFS,225.83
,REF,90837,CPT4,AL08,11,DPPO,142.14
,REF,90837,CPT4,AL02,11,MEHMO,106.61
,REF,90837,CPT4,AL05,11,MCARE,120.82
,REF,90837,CPT4,AL05,11,EAP,142.14
,REF,90837,CPT4,AL06,11,POS,106.61
,REF,90837,CPT4,AL05,11,MPPO,142.14
,REF,90837,CPT4,AL06,11,MCARE,142.14
,REF,90837,CPT4,CA04,11,DPPO,147.42
,REF,90837,CPT4,AL06,11,MEHMO,106.61
,REF,90837,CPT4,AZ01,11,SLFIN,103.31
,REF,90837,CPT4,AZ01,11,MPPO,137.75
,REF,90837,CPT4,AL07,11,MBH,106.61
,REF,90837,CPT4,AL08,11,VPHMO,106.61
,REF,90837,CPT4,AL03,11,MC,142.14
,REF,90837,CPT4,AK02,11,MPPO,204.5
,REF,90837,CPT4,AZ01,11,MCARE,137.75
,REF,90837,CPT4,AL02,11,MPPO,106.61
,REF,90837,CPT4,AL04,11,DPPO,142.14
,REF,90837,CPT4,AK02,11,USACC,225.83
,REF,90837,CPT4,CA01,11,MCARE,157.04
,REF,90837,CPT4,AL08,11,HMO,142.14
,REF,90837,CPT4,AZ01,11,MCAID,102.37
,REF,90837,CPT4,AK02,11,USACC,204.5
,REF,90837,CPT4,AL08,11,MEPO,106.61
,REF,90837,CPT4,AK02,11,DHMO,225.83
,REF,90837,CPT4,AL06,11,MCARE,120.82
,REF,90837,CPT4,AL08,11,SLFIN,120.82
,REF,90837,CPT4,AL02,11,QPOS,120.82
,REF,90837,CPT4,AL07,11,MC,106.61
,REF,90837,CPT4,AL06,11,TRICR,120.82
,REF,90837,CPT4,AZ01,11,TC,120.44
,REF,90837,CPT4,AL02,11,TC,106.61
,REF,90837,CPT4,AR01,11,MEFFS,99.02
,REF,90837,CPT4,AL03,11,MCARE,106.61
,REF,90837,CPT4,AL08,11,MCARE,106.61
,REF,90837,CPT4,AL05,11,DPPO,142.14
,REF,90837,CPT4,AL06,11,QPOS,120.82
,REF,90837,CPT4,AK02,11,QPOS,225.83
,REF,90837,CPT4,AL03,11,QPOS,106.61
,REF,90837,CPT4,AL07,11,MEPO,120.82
,REF,90837,CPT4,AL08,11,QPOS,106.61
,REF,90837,CPT4,AZ01,11,MEPO,103.31
,REF,90837,CPT4,AL04,11,HMO,142.14
,REF,90837,CPT4,AR01,11,MBH,99.02
,REF,90837,CPT4,AL05,11,TC,142.14
,REF,90837,CPT4,AL07,11,DHMO,106.61
,REF,90837,CPT4,AK02,11,MCARE,225.83
,REF,90837,CPT4,AL08,11,NNHMO,142.14
,REF,90837,CPT4,AK01,11,VPHMO,204.5
,REF,90837,CPT4,AL07,11,MCARE,142.14
,REF,90837,CPT4,AL06,11,POS,120.82
,REF,90837,CPT4,CA01,11,MEPO,133.48
,REF,90837,CPT4,AZ01,11,DHMO,137.75
,REF,90837,CPT4,AK02,11,MC,225.83
,REF,90837,CPT4,AL04,11,MEPOS,120.82
,REF,90837,CPT4,AK02,11,MCARE,173.83
,REF,90837,CPT4,AL08,11,MEHMO,142.14
,REF,90837,CPT4,AR01,11,POS,115.92
,REF,90837,CPT4,AL05,11,MEFFS,120.82
,REF,90837,CPT4,AK02,11,MWC,191.95
,REF,90837,CPT4,AL04,11,,120.82
,REF,90837,CPT4,CA01,11,HMOAVN,157.04
,REF,90837,CPT4,CA01,11,USACC,157.04
,REF,90837,CPT4,AR01,11,EAP,78.49
,REF,90837,CPT4,AK02,11,MBH,204.5
,REF,90837,CPT4,AL08,11,VPHMO,142.14
,REF,90837,CPT4,AZ01,11,TC,90.33
,REF,90837,CPT4,AR01,11,MCARE,115.92
,REF,90837,CPT4,AK02,11,MEPOS,225.83
,REF,90837,CPT4,AZ01,11,MCARE,137.75
,REF,90837,CPT4,AZ01,11,,102.37
,REF,90837,CPT4,AL05,11,HMO,142.14
,REF,90837,CPT4,AZ01,11,MEPO,137.75
,REF,90837,CPT4,AZ01,11,TC,120.44
,REF,90837,CPT4,AL04,11,MPPO,120.82
,REF,90837,CPT4,AL04,11,MBH,142.14
,REF,90837,CPT4,AZ01,11,HMOAVN,117.09
,REF,90837,CPT4,AL07,11,MEPPO,106.61
,REF,90837,CPT4,AL06,11,MHMO,106.61
,REF,90837,CPT4,AZ01,11,MPPO,90.33
,REF,90837,CPT4,AL05,11,QPOS,142.14
,REF,90837,CPT4,AL08,11,QPOS,142.14
,REF,90837,CPT4,AK02,11,QPOS,169.37
,REF,90837,CPT4,AL02,11,HMO,106.61
,REF,90837,CPT4,AK02,11,,204.5
,REF,90837,CPT4,AL05,11,USACC,142.14
,REF,90837,CPT4,AK02,11,MWC,204.5
,REF,90837,CPT4,AL02,11,MCAID,120.82
,REF,90837,CPT4,AZ01,11,DHMO,120.44
,REF,90837,CPT4,AL06,11,MBH,120.82
,REF,90837,CPT4,AZ01,11,TC,137.75
,REF,90837,CPT4,AK02,11,MCAID,169.37
,REF,90837,CPT4,AK02,11,MBH,169.37
,REF,90837,CPT4,AL02,11,ALL,142.14
,REF,90837,CPT4,AR01,11,HMOHRA,78.49
,REF,90837,CPT4,AK02,11,SLFIN,204.5
,REF,90837,CPT4,AL05,11,MHMO,142.14
,REF,90837,CPT4,AL07,11,SLFIN,120.82
,REF,90837,CPT4,AK02,11,SLFIN,225.83
,REF,90837,CPT4,AZ01,11,EAP,117.09
,REF,90837,CPT4,AL07,11,HMOAVN,120.82
,REF,90837,CPT4,CA02,11,POS,150.61
,REF,90837,CPT4,AL05,11,HMOAVN,120.82
,REF,90837,CPT4,CA01,11,NNHMO,157.04
,REF,90837,CPT4,AZ01,11,DPPO,102.37
,REF,90837,CPT4,CA02,11,MEPOS,150.61
,REF,90837,CPT4,CA01,11,MCARE,133.48
,REF,90837,CPT4,AL08,11,TRICR,142.14
,REF,90837,CPT4,AL07,11,POS,106.61
,REF,90837,CPT4,AL02,11,MEPPO,106.61
,REF,90837,CPT4,AK02,11,MEPO,225.83
,REF,90837,CPT4,AR01,11,MEHMO,115.92
,REF,90837,CPT4,AR01,11,MEFFS,78.49
,REF,90837,CPT4,AZ01,11,HMOAVN,90.33
,REF,90837,CPT4,AL04,11,HMOHRA,142.14
,REF,90837,CPT4,CA01,11,MPPO,117.78
,REF,90837,CPT4,AZ01,11,DPPO,117.09
,REF,90837,CPT4,AK02,11,MPPO,204.5
,REF,90837,CPT4,AK02,11,MEPPO,153.38
,REF,90837,CPT4,AK02,11,HMOHRA,173.83
,REF,90837,CPT4,AL08,11,MHMO,120.82
,REF,90837,CPT4,AL07,11,QPOS,106.61
,REF,90837,CPT4,AZ01,11,ALL,120.44
,REF,90837,CPT4,AL06,11,HMO,106.61
,REF,90837,CPT4,AL07,11,MEHMO,106.61
,REF,90837,CPT4,AL06,11,USACC,106.61
,REF,90837,CPT4,AR01,11,ALL,78.49
,REF,90837,CPT4,AL08,11,HMO,120.82
,REF,90837,CPT4,AK02,11,MCARE,169.37
,REF,90837,CPT4,CA02,11,EAP,128.02
,REF,90837,CPT4,AR01,11,DPPO,78.49
,REF,90837,CPT4,AL04,11,VPHMO,106.61
,REF,90837,CPT4,CA02,11,HMO,150.61
,REF,90837,CPT4,AL05,11,SLFIN,142.14
,REF,90837,CPT4,AL08,11,MCARE,106.61
,REF,90837,CPT4,AZ01,11,QPOS,90.33
,REF,90837,CPT4,AZ01,11,MBH,120.44
,REF,90837,CPT4,AL07,11,MWC,106.61
,REF,90837,CPT4,AL02,11,POS,142.14
,REF,90837,CPT4,AL03,11,MC,142.14
,REF,90837,CPT4,CA04,11,MEPOS,147.42
,REF,90837,CPT4,AL06,11,MCARE,142.14
,REF,90837,CPT4,AL06,11,MC,142.14
,REF,90837,CPT4,CA01,11,SLFIN,117.78
,REF,90837,CPT4,AL03,11,HMO,106.61
,REF,90837,CPT4,AZ01,11,USACC,120.44
,REF,90837,CPT4,AL02,11,MCAID,142.14
,REF,90837,CPT4,CA02,11,MC,150.61
,REF,90837,CPT4,AZ01,11,HMOHRA,137.75
,REF,90837,CPT4,AK02,11,MEFFS,169.37
,REF,90837,CPT4,AK02,11,MC,204.5
,REF,90837,CPT4,AR01,11,ALL,115.92
,REF,90837,CPT4,AZ01,11,MC,137.75
,REF,90837,CPT4,CA02,11,MEPO,128.02
,REF,90837,CPT4,CA02,11,EAP,112.96
,REF,90837,CPT4,AL02,11,TC,142.14
,REF,90837,CPT4,CA02,11,TC,112.96
,REF,90837,CPT4,CA04,11,MEHMO,147.42
,REF,90837,CPT4,AL03,11,TC,142.14
,REF,90837,CPT4,CA04,11,MEFFS,110.57
,REF,90837,CPT4,AL05,11,MEPPO,142.14
,REF,90837,CPT4,CA02,11,MEFFS,128.02
,REF,90837,CPT4,CA04,11,MCAID,110.57
,REF,90837,CPT4,AK02,11,MCAID,225.83
,REF,90837,CPT4,AL04,11,MEPO,142.14
,REF,90837,CPT4,AK02,11,MEHMO,153.38
,REF,90837,CPT4,AK02,11,DPPO,204.5
,REF,90837,CPT4,AL08,11,MCARE,106.61
,REF,90837,CPT4,AK02,11,DHMO,173.83
,REF,90837,CPT4,AZ01,11,MBH,103.31
,REF,90837,CPT4,AL02,11,SLFIN,142.14
,REF,90837,CPT4,AK01,11,VPHMO,204.5
,REF,90837,CPT4,AL08,11,MC,106.61
,REF,90837,CPT4,AK02,11,MEPO,225.83
,REF,90837,CPT4,CA01,11,HMO,117.78
,REF,90837,CPT4,AL06,11,VPHMO,106.61
,REF,90837,CPT4,AL05,11,HMO,106.61
,REF,90837,CPT4,AR01,11,,78.49
,REF,90837,CPT4,AL04,11,SLFIN,106.61
,REF,90837,CPT4,AL03,11,USACC,120.82
,REF,90837,CPT4,CA01,11,DPPO,157.04
,REF,90837,CPT4,AZ01,11,ALL,117.09
,REF,90837,CPT4,AK02,11,TC,169.37
,REF,90837,CPT4,AL05,11,VPHMO,142.14
,REF,90837,CPT4,AZ01,11,SLFIN,120.44
,REF,90837,CPT4,AL06,11,ALL,142.14
,REF,90837,CPT4,AL04,11,SLFIN,106.61
,REF,90837,CPT4,AL04,11,,142.14
,REF,90837,CPT4,AL04,11,,142.14
,REF,90837,CPT4,CA02,11,TRICR,150.61
,REF,90837,CPT4,AL07,11,POS,142.14
,REF,90837,CPT4,AZ01,11,QPOS,120.44
,REF,90837,CPT4,AL06,11,MWC,106.61
,REF,90837,CPT4,AL07,11,VPHMO,142.14
,REF,90837,CPT4,AL08,11,MEPPO,120.82
,REF,90837,CPT4,AZ01,11,MWC,90.33
,REF,90837,CPT4,AL06,11,MEFFS,106.61
,REF,90837,CPT4,AR01,11,SLFIN,78.49
,REF,90837,CPT4,CA02,11,MWC,128.02
,REF,90837,CPT4,AZ01,11,MCARE,103.31
,REF,90837,CPT4,CA04,11,MHMO,147.42
,REF,90837,CPT4,AK02,11,VPHMO,204.5
,REF,90837,CPT4,AL04,11,MPPO,142.14
,REF,90837,CPT4,AL05,11,ALL,142.14
,REF,90837,CPT4,AL05,11,POS,120.82
,REF,90837,CPT4,CA02,11,QPOS,150.61
,REF,90837,CPT4,AL03,11,HMO,142.14
,REF,90837,CPT4,AZ01,11,MEHMO,137.75
,REF,90837,CPT4,AL07,11,MC,120.82
,REF,90837,CPT4,AR01,11,MWC,115.92
,REF,90837,CPT4,AL02,11,QPOS,120.82
,REF,90837,CPT4,CA01,11,MEFFS,157.04
,REF,90837,CPT4,CA01,11,VPHMO,117.78
,REF,90837,CPT4,CA04,11,MEPPO,147.42
,REF,90837,CPT4,AL05,11,DPPO,120.82
,REF,90837,CPT4,AR01,11,SLFIN,78.49
,REF,90837,CPT4,AL08,11,DPPO,106.61
,REF,90837,CPT4,AK02,11,MCAID,204.5
,REF,90837,CPT4,AL02,11,,142.14
,REF,90837,CPT4,AK02,11,MWC,204.5
,REF,90837,CPT4,AL03,11,SLFIN,142.14
,REF,90837,CPT4,AK02,11,MPPO,153.38
,REF,90837,CPT4,AL07,11,VPHMO,106.61
,REF,90837,CPT4,AL05,11,TRICR,142.14
,REF,90837,CPT4,AL04,11,HMOAVN,142.14
,REF,90837,CPT4,AK02,11,MEFFS,204.5
,REF,90837,CPT4,AL08,11,ALL,142.14
,REF,90837,CPT4,AZ01,11,TRICR,103.31
,REF,90837,CPT4,AL07,11,QPOS,142.14
,REF,90837,CPT4,AK02,11,SLFIN,225.83
,REF,90837,CPT4,AZ01,11,MEPPO,137.75
,REF,90837,CPT4,AL04,11,SLFIN,106.61
,REF,90837,CPT4,AK02,11,QPOS,204.5
,REF,90837,CPT4,AK02,11,ALL,173.83
,REF,90837,CPT4,AL04,11,DPPO,142.14
,REF,90837,CPT4,AL02,11,HMOHRA,142.14
,REF,90837,CPT4,AL06,11,TRICR,106.61
,REF,90837,CPT4,AZ01,11,ALL,103.31
,REF,90837,CPT4,AL02,11,,120.82
,REF,90837,CPT4,CA01,11,SLFIN,133.48
,REF,90837,CPT4,AL07,11,MEPO,142.14
,REF,90837,CPT4,AK02,11,VPHMO,204.5
,REF,90837,CPT4,AK02,11,POS,225.83
,REF,90837,CPT4,AL03,11,HMOAVN,106.61
,REF,90837,CPT4,AL07,11,VPHMO,106.61
,REF,90837,CPT4,AL02,11,MC,106.61
,REF,90837,CPT4,AK02,11,HMOAVN,204.5
,REF,90837,CPT4,AL02,11,TRICR,120.82
,REF,90837,CPT4,AL05,11,MCARE,142.14
,REF,90837,CPT4,AL06,11,USACC,120.82
,REF,90837,CPT4,AL07,11,TRICR,106.61
,REF,90837,CPT4,AL07,11,HMOAVN,142.14
,REF,90837,CPT4,CA02,11,MPPO,112.96
,REF,90837,CPT4,AL05,11,QPOS,120.82
,REF,90837,CPT4,AL06,11,POS,142.14
,REF,90837,CPT4,AL04,11,HMO,106.61
,REF,90837,CPT4,CA01,11,MEFFS,157.04
,REF,90837,CPT4,AL08,11,HMOHRA,106.61
,REF,90837,CPT4,AK02,11,VPHMO,225.83
,REF,90837,CPT4,CA04,11,HMO,147.42
,REF,90837,CPT4,CA01,11,SLFIN,157.04
,REF,90837,CPT4,AK02,11,EAP,225.83
,REF,90837,CPT4,CA01,11,EAP,157.04
,REF,90837,CPT4,AR01,11,MHMO,115.92
,REF,90837,CPT4,AZ01,11,DPPO,137.75
,REF,90837,CPT4,CA01,11,MCAID,133.48
,REF,90837,CPT4,CA01,11,ALL,157.04
,REF,90837,CPT4,AL06,11,QPOS,142.14
,REF,90837,CPT4,AL06,11,MEPPO,120.82
,REF,90837,CPT4,AL05,11,MEPPO,120.82
,REF,90837,CPT4,AK02,11,DHMO,204.5
,REF,90837,CPT4,CA04,11,MEHMO,147.42
,REF,90837,CPT4,AL07,11,MEFFS,120.82
,REF,90837,CPT4,AL05,11,ALL,142.14
,REF,90837,CPT4,AL03,11,MPPO,142.14
,REF,90837,CPT4,AL04,11,,120.82
,REF,90837,CPT4,CA04,11,,125.31
,REF,90837,CPT4,AK02,11,MCARE,204.5
,REF,90837,CPT4,AL06,11,MBH,142.14
,REF,90837,CPT4,AL02,11,ALL,142.14
,REF,90837,CPT4,AL08,11,SLFIN,142.14
,REF,90837,CPT4,AL06,11,MEPO,120.82
,REF,90837,CPT4,AL08,11,MCARE,106.61
,REF,90837,CPT4,AL08,11,EAP,142.14
,REF,90837,CPT4,CA02,11,TC,128.02
,REF,90837,CPT4,CA01,11,MCARE,117.78
,REF,90837,CPT4,AL08,11,,106.61
,REF,90837,CPT4,AL06,11,SLFIN,142.14
,REF,90837,CPT4,AL08,11,MBH,142.14
,REF,90837,CPT4,AR01,11,VPHMO,115.92
,REF,90837,CPT4,AR01,11,MCARE,78.49
,REF,90837,CPT4,CA01,11,MEHMO,117.78
,REF,90837,CPT4,AL06,11,SLFIN,106.61
,REF,90837,CPT4,AL07,11,TC,142.14
,REF,90837,CPT4,AK02,11,MHMO,225.83
,REF,90837,CPT4,AL06,11,HMOAVN,142.14
,REF,90837,CPT4,AL08,11,HMOAVN,106.61
,REF,90837,CPT4,AL02,11,TRICR,106.61
,REF,90837,CPT4,AL07,11,ALL,120.82
,REF,90837,CPT4,AK02,11,MC,169.37
,REF,90837,CPT4,AL03,11,MEHMO,142.14
,REF,90837,CPT4,CA04,11,MEFFS,147.42
,REF,90837,CPT4,AL02,11,MWC,106.61
,REF,90837,CPT4,AZ01,11,MEHMO,120.44
,REF,90837,CPT4,AK02,11,POS,191.95
,REF,90837,CPT4,AZ01,11,MC,117.09
,REF,90837,CPT4,CA01,11,POS,133.48
,REF,90837,CPT4,AL06,11,HMOAVN,106.61
,REF,90837,CPT4,AK02,11,MEPOS,204.5
,REF,90837,CPT4,CA01,11,DHMO,117.78
,REF,90837,CPT4,AR01,11,VPHMO,78.49
,REF,90837,CPT4,AL07,11,TRICR,120.82
,REF,90837,CPT4,AK02,11,QPOS,173.83
,REF,90837,CPT4,AL05,11,MEPOS,106.61
,REF,90837,CPT4,AL02,11,DHMO,142.14
,REF,90837,CPT4,AL05,11,ALL,142.14
,REF,90837,CPT4,AZ01,11,TC,120.44
,REF,90837,CPT4,AL07,11,HMOHRA,142.14
,REF,90837,CPT4,AK02,11,MCARE,225.83
,REF,90837,CPT4,AL02,11,ALL,120.82
,REF,90837,CPT4,CA02,11,TRICR,112.96
,REF,90837,CPT4,AL06,11,MWC,106.61
,REF,90837,CPT4,AR01,11,MCAID,115.92
,REF,90837,CPT4,AZ01,11,MWC,102.37
,REF,90837,CPT4,AL07,11,MEFFS,142.14
,REF,90837,CPT4,AL02,11,POS,142.14
,REF,90837,CPT4,AL03,11,USACC,106.61
,REF,90837,CPT4,AK02,11,MCARE,173.83
,REF,90837,CPT4,CA01,11,,117.78
,REF,90837,CPT4,AZ01,11,USACC,137.75
,REF,90837,CPT4,AL07,11,HMO,120.82
,REF,90837,CPT4,AK02,11,MCARE,169.37
,REF,90837,CPT4,AZ01,11,USACC,137.75
,REF,90837,CPT4,CA02,11,MCAID,112.96
,REF,90837,CPT4,CA04,11,EAP,110.57
,REF,90837,CPT4,AZ01,11,,117.09
,REF,90837,CPT4,AZ01,11,VPHMO,103.31
,REF,90837,CPT4,AL05,11,TRICR,142.14
,REF,90837,CPT4,AL04,11,TC,142.14
,REF,90837,CPT4,AL04,11,USACC,106.61
,REF,90837,CPT4,AK02,11,MEPO,153.38
,REF,90837,CPT4,CA01,11,SLFIN,117.78
,REF,90837,CPT4,AK02,11,SLFIN,204.5
,REF,90837,CPT4,AZ01,11,MEHMO,120.44
,REF,90837,CPT4,AZ01,11,MEPOS,120.44
,REF,90837,CPT4,CA02,11,NNHMO,128.02
,REF,90837,CPT4,CA01,11,MEPO,157.04
,REF,90837,CPT4,AZ01,11,MEPO,120.44
,REF,90837,CPT4,AK02,11,ALL,169.37
,REF,90837,CPT4,CA01,11,QPOS,133.48
,REF,90837,CPT4,AL03,11,MEPOS,142.14
,REF,90837,CPT4,AZ01,11,MEPO,90.33
,REF,90837,CPT4,AL06,11,USACC,142.14
,REF,90837,CPT4,AL05,11,MBH,142.14
,REF,90837,CPT4,AL06,11,,142.14
,REF,90837,CPT4,AZ01,11,HMOAVN,90.33
,REF,90837,CPT4,AL03,11,,106.61
,REF,90837,CPT4,AL08,11,TRICR,106.61
,REF,90837,CPT4,CA02,11,MHMO,150.61
,REF,90837,CPT4,AR01,11,MEFFS,78.49
,REF,90837,CPT4,AZ01,11,MPPO,117.09
,REF,90837,CPT4,AL05,11,MEFFS,142.14
,REF,90837,CPT4,AR01,11,MEPPO,115.92
,REF,90837,CPT4,AL04,11,MWC,142.14
,REF,90837,CPT4,AL08,11,MEPO,120.82
,REF,90837,CPT4,AK01,11,VPHMO,153.38
,REF,90837,CPT4,AL05,11,USACC,106.61
,REF,90837,CPT4,AK02,11,EAP,204.5
,REF,90837,CPT4,AZ01,11,DHMO,90.33
,REF,90837,CPT4,AL03,11,MEFFS,106.61
,REF,90837,CPT4,AL03,11,MEPO,142.14
,REF,90837,CPT4,CA01,11,MC,157.04
,REF,90837,CPT4,AR01,11,MHMO,115.92
,REF,90837,CPT4,AR01,11,DHMO,115.92
,REF,90837,CPT4,AL07,11,MBH,106.61
,REF,90837,CPT4,AL08,11,ALL,142.14
,REF,90837,CPT4,CA01,11,,157.04
,REF,90837,CPT4,AL04,11,MEPPO,120.82
,REF,90837,CPT4,AL02,11,EAP,142.14
,REF,90837,CPT4,AK02,11,HMOHRA,204.5
,REF,90837,CPT4,AL04,11,MEPPO,142.14
,REF,90837,CPT4,AL06,11,MEPOS,142.14
,REF,90837,CPT4,AK02,11,MEPO,204.5
,REF,90837,CPT4,AL05,11,HMO,106.61
,REF,90837,CPT4,AL08,11,MEPPO,142.14
,REF,90837,CPT4,AL06,11,NNHMO,106.61
,REF,90837,CPT4,AK02,11,SLFIN,204.5
,REF,90837,CPT4,AZ01,11,MEHMO,102.37
,REF,90837,CPT4,AR01,11,TC,99.02
,REF,90837,CPT4,CA02,11,NNHMO,112.96
,REF,90837,CPT4,AZ01,11,MPPO,120.44
,REF,90837,CPT4,AL07,11,TC,142.14
,REF,90837,CPT4,AZ01,11,NNHMO,90.33
,REF,90837,CPT4,AL06,11,HMOAVN,142.14
,REF,90837,CPT4,CA04,11,MCAID,110.57
,REF,90837,CPT4,AL05,11,MCARE,106.61
,REF,90837,CPT4,AZ01,11,HMO,117.09
,REF,90837,CPT4,AL03,11,TRICR,120.82
,REF,90837,CPT4,CA01,11,MEPPO,157.04
,REF,90837,CPT4,AR01,11,HMO,78.49
,REF,90837,CPT4,AL05,11,MEPOS,106.61
,REF,90837,CPT4,AL07,11,QPOS,142.14
,REF,90837,CPT4,AL05,11,MHMO,142.14
,REF,90837,CPT4,AZ01,11,MCAID,120.44
,REF,90837,CPT4,AL05,11,SLFIN,120.82
,REF,90837,CPT4,AL02,11,DPPO,142.14
,REF,90837,CPT4,AL03,11,TC,142.14
,REF,90837,CPT4,AL02,11,NNHMO,120.82
,REF,90837,CPT4,CA01,11,HMO,117.78
,REF,90837,CPT4,AL03,11,TRICR,106.61
,REF,90837,CPT4,AL07,11,MCAID,106.61
,REF,90837,CPT4,CA04,11,DHMO,125.31
,REF,90837,CPT4,AL03,11,POS,142.14
,REF,90837,CPT4,AZ01,11,MC,137.75
,REF,90837,CPT4,AK02,11,MEPO,204.5
,REF,90837,CPT4,AL03,11,MEPOS,106.61
,REF,90837,CPT4,AZ01,11,TC,117.09
,REF,90837,CPT4,CA02,11,POS,128.02
,REF,90837,CPT4,AZ01,11,HMOHRA,120.44
,REF,90837,CPT4,CA01,11,MEPPO,157.04
,REF,90837,CPT4,AL05,11,DPPO,142.14
,REF,90837,CPT4,AZ01,11,,117.09
,REF,90837,CPT4,AL02,11,DPPO,142.14
,REF,90837,CPT4,AZ01,11,USACC,120.44
,REF,90837,CPT4,AL02,11,MC,106.61
,REF,90837,CPT4,AZ01,11,MEFFS,103.31
,REF,90837,CPT4,AK02,11,QPOS,204.5
,REF,90837,CPT4,AR01,11,,115.92
,REF,90837,CPT4,AL04,11,ALL,142.14
,REF,90837,CPT4,AL02,11,QPOS,106.61
,REF,90837,CPT4,AR01,11,MBH,99.02
,REF,90837,CPT4,AL06,11,MCAID,106.61
,REF,90837,CPT4,AL05,11,DPPO,106.61
,REF,90837,CPT4,AL02,11,MEPO,120.82
,REF,90837,CPT4,AL08,11,POS,142.14
,REF,90837,CPT4,AL07,11,HMOHRA,142.14
,REF,90837,CPT4,CA01,11,TRICR,157.04
,REF,90837,CPT4,AL08,11,HMO,106.61
,REF,90837,CPT4,AL08,11,MC,120.82
,REF,90837,CPT4,AL03,11,MEPO,106.61
,REF,90837,CPT4,AZ01,11,TC,120.44
,REF,90837,CPT4,AL04,11,QPOS,106.61
,REF,90837,CPT4,AZ01,11,HMO,120.44
,REF,90837,CPT4,AL07,11,MCARE,142.14
,REF,90837,CPT4,AR01,11,TRICR,115.92
,REF,90837,CPT4,AZ01,11,MEPPO,137.75
,REF,90837,CPT4,AZ01,11,HMO,102.37
,REF,90837,CPT4,AK02,11,MBH,225.83
,REF,90837,CPT4,AK02,11,DPPO,153.38
,REF,90837,CPT4,CA01,11,HMOAVN,157.04
,REF,90837,CPT4,AL07,11,MPPO,106.61
,REF,90837,CPT4,AL03,11,SLFIN,106.61
,REF,90837,CPT4,AL07,11,MEPO,106.61
,REF,90837,CPT4,AZ01,11,MEPO,90.33
,REF,90837,CPT4,AK02,11,HMOAVN,204.5
,REF,90837,CPT4,CA02,11,EAP,128.02
,REF,90837,CPT4,AL08,11,MWC,142.14
,REF,90837,CPT4,AL05,11,TRICR,106.61
,REF,90837,CPT4,AL08,11,TRICR,142.14
,REF,90837,CPT4,AL07,11,MCARE,106.61
,REF,90837,CPT4,AZ01,11,ALL,90.33
,REF,90837,CPT4,AL07,11,MEPO,142.14
,REF,90837,CPT4,AL06,11,NNHMO,106.61
,REF,90837,CPT4,AK02,11,QPOS,153.38
,REF,90837,CPT4,CA02,11,NNHMO,150.61
,REF,90837,CPT4,AL07,11,MBH,142.14
,REF,90837,CPT4,CA02,11,MEHMO,150.61
,REF,90837,CPT4,AL03,11,MWC,106.61
,REF,90837,CPT4,AL04,11,MEFFS,142.14
,REF,90837,CPT4,AL08,11,MCARE,106.61
,REF,90837,CPT4,CA04,11,MCARE,147.42
,REF,90837,CPT4,AL08,11,MEHMO,120.82
,REF,90837,CPT4,AL03,11,EAP,106.61
,REF,90837,CPT4,AL07,11,NNHMO,142.14
,REF,90837,CPT4,AR01,11,HMOHRA,115.92
,REF,90837,CPT4,AZ01,11,MEPPO,120.44
,REF,90837,CPT4,AZ01,11,MEFFS,117.09
,REF,90837,CPT4,AL03,11,ALL,120.82
,REF,90837,CPT4,AL06,11,QPOS,106.61
,REF,90837,CPT4,AK02,11,MEFFS,169.37
,REF,90837,CPT4,AL08,11,TRICR,106.61
,REF,90837,CPT4,AK02,11,MHMO,204.5
,REF,90837,CPT4,AK02,11,MEPPO,153.38
,REF,90837,CPT4,AZ01,11,MEPOS,137.75
,REF,90837,CPT4,AL03,11,HMOHRA,142.14
,REF,90837,CPT4,CA04,11,MEFFS,147.42
,REF,90837,CPT4,AL08,11,QPOS,120.82
,REF,90837,CPT4,CA01,11,TC,117.78
,REF,90837,CPT4,AK02,11,POS,204.5
,REF,90837,CPT4,AL04,11,TRICR,120.82
,REF,90837,CPT4,AK02,11,SLFIN,153.38
,REF,90837,CPT4,AK02,11,TC,204.5
,REF,90837,CPT4,AL02,11,,106.61
,REF,90837,CPT4,CA01,11,SLFIN,157.04
,REF,90837,CPT4,AL03,11,QPOS,142.14
,REF,90837,CPT4,AK02,11,,191.95
,REF,90837,CPT4,CA02,11,MEPPO,150.61
,REF,90837,CPT4,AK02,11,EAP,204.5
,REF,90837,CPT4,CA01,11,HMOHRA,157.04
,REF,90837,CPT4,CA02,11,MCARE,112.96
,REF,90837,CPT4,CA04,11,MEHMO,147.42
,REF,90837,CPT4,AL05,11,QPOS,106.61
,REF,90837,CPT4,CA01,11,MCAID,157.04
,REF,90837,CPT4,AK02,11,MEPPO,204.5
,REF,90837,CPT4,AL02,11,DPPO,142.14
,REF,90837,CPT4,AL04,11,MEFFS,142.14
,REF,90837,CPT4,AL03,11,HMOAVN,106.61
,REF,90837,CPT4,AL05,11,MBH,120.82
,REF,90837,CPT4,AK02,11,MEHMO,204.5
,REF,90837,CPT4,CA02,11,MEFFS,150.61
,REF,90837,CPT4,AL04,11,USACC,120.82
,REF,90837,CPT4,CA02,11,EAP,112.96
,REF,90837,CPT4,AL06,11,MEPO,106.61
,REF,90837,CPT4,AR01,11,HMO,78.49
,REF,90837,CPT4,AK02,11,USACC,191.95
,REF,90837,CPT4,AK02,11,TC,225.83
,REF,90837,CPT4,AL02,11,MPPO,142.14
,REF,90837,CPT4,AL05,11,HMOHRA,142.14
,REF,90837,CPT4,CA02,11,SLFIN,112.96
,REF,90837,CPT4,CA04,11,MHMO,125.31
,REF,90837,CPT4,AL07,11,,142.14
,REF,90837,CPT4,AL03,11,MCAID,106.61
,REF,90837,CPT4,AL03,11,MBH,142.14
,REF,90837,CPT4,CA04,11,MCAID,110.57
,REF,90837,CPT4,AL04,11,MHMO,120.82
,REF,90837,CPT4,AK02,11,DHMO,204.5
,REF,90837,CPT4,AZ01,11,SLFIN,102.37
,REF,90837,CPT4,AL03,11,EAP,106.61
,REF,90837,CPT4,AK01,11,VPHMO,191.95
,REF,90837,CPT4,AL07,11,EAP,106.61
,REF,90837,CPT4,CA01,11,MEPPO,117.78
,REF,90837,CPT4,AL04,11,MEHMO,120.82
,REF,90837,CPT4,AL03,11,MEPOS,142.14
,REF,90837,CPT4,AR01,11,MBH,78.49
,REF,90837,CPT4,AL04,11,,106.61
,REF,90837,CPT4,AL05,11,VPHMO,142.14
,REF,90837,CPT4,AZ01,11,TRICR,120.44
,REF,90837,CPT4,AK02,11,NNHMO,225.83
,REF,90837,CPT4,AR01,11,MCAID,115.92
,REF,90837,CPT4,AL03,11,MEHMO,142.14
,REF,90837,CPT4,AZ01,11,MWC,102.37
,REF,90837,CPT4,AK02,11,HMOHRA,169.37
,REF,90837,CPT4,AZ01,11,MEPPO,120.44
,REF,90837,CPT4,AZ01,11,VPHMO,90.33
,REF,90837,CPT4,AL05,11,MEPOS,106.61
,REF,90837,CPT4,AR01,11,HMO,78.49
,REF,90837,CPT4,AL02,11,HMOAVN,106.61
,REF,90837,CPT4,AL05,11,MBH,142.14
,REF,90837,CPT4,AL03,11,HMOHRA,142.14
,REF,90837,CPT4,AL05,11,MEFFS,142.14
,REF,90837,CPT4,AZ01,11,VPHMO,103.31
,REF,90837,CPT4,AL05,11,EAP,106.61
,REF,90837,CPT4,AL05,11,ALL,142.14
,REF,90837,CPT4,CA01,11,MEPO,157.04
,REF,90837,CPT4,AK02,11,QPOS,153.38
,REF,90837,CPT4,AL06,11,TRICR,142.14
,REF,90837,CPT4,AL04,11,HMOAVN,142.14
,REF,90837,CPT4,AL08,11,EAP,106.61
,REF,90837,CPT4,AL04,11,MEPPO,142.14
,REF,90837,CPT4,CA04,11,MHMO,110.57
,REF,90837,CPT4,CA01,11,VPHMO,117.78
,REF,90837,CPT4,AR01,11,POS,78.49
,REF,90837,CPT4,AR01,11,USACC,78.49
,REF,90837,CPT4,CA02,11,MWC,112.96
,REF,90837,CPT4,AZ01,11,USACC,137.75
,REF,90837,CPT4,AL02,11,NNHMO,142.14
,REF,90837,CPT4,AK02,11,,225.83
,REF,90837,CPT4,AL05,11,MC,106.61
,REF,90837,CPT4,AK02,11,MEPPO,225.83
,REF,90837,CPT4,AL08,11,MEHMO,142.14
,REF,90837,CPT4,AL08,11,ALL,120.82
,REF,90837,CPT4,AL06,11,MEHMO,142.14
,REF,90837,CPT4,AK02,11,QPOS,169.37
,REF,90837,CPT4,AL05,11,DHMO,120.82
,REF,90837,CPT4,AL05,11,MEPOS,106.61
,REF,90837,CPT4,AZ01,11,DPPO,120.44
,REF,90837,CPT4,AR01,11,MEHMO,115.92
,REF,90837,CPT4,AK02,11,MEFFS,153.38
,REF,90837,CPT4,CA01,11,USACC,117.78
,REF,90837,CPT4,AL04,11,DHMO,120.82
,REF,90837,CPT4,AR01,11,MWC,115.92
,REF,90837,CPT4,AL07,11,VPHMO,120.82
,REF,90837,CPT4,CA01,11,POS,157.04
,REF,90837,CPT4,AZ01,11,VPHMO,120.44
,REF,90837,CPT4,AL02,11,POS,106.61
,REF,90837,CPT4,AL03,11,,106.61
,REF,90837,CPT4,AZ01,11,MEFFS,137.75
,REF,90837,CPT4,AL07,11,MC,106.61
,REF,90837,CPT4,AL05,11,MEPOS,120.82
,REF,90837,CPT4,CA02,11,DHMO,112.96
,REF,90837,CPT4,CA01,11,NNHMO,157.04
,REF,90837,CPT4,AL06,11,MEHMO,106.61
,REF,90837,CPT4,AL04,11,MEPOS,142.14
,REF,90837,CPT4,AZ01,11,DHMO,137.75
,REF,90837,CPT4,AL03,11,ALL,106.61
,REF,90837,CPT4,AL05,11,HMOHRA,142.14
,REF,90837,CPT4,AZ01,11,,103.31
,REF,90837,CPT4,AL02,11,VPHMO,142.14
,REF,90837,CPT4,AL04,11,MHMO,142.14
,REF,90837,CPT4,CA02,11,DHMO,150.61
,REF,90837,CPT4,AL08,11,POS,142.14
,REF,90837,CPT4,AL03,11,MEHMO,120.82
,REF,90837,CPT4,AL03,11,MPPO,106.61
,REF,90837,CPT4,CA04,11,HMO,147.42
,REF,90837,CPT4,CA02,11,MPPO,112.96
,REF,90837,CPT4,AL05,11,VPHMO,142.14
,REF,90837,CPT4,AK02,11,VPHMO,204.5
,REF,90837,CPT4,AZ01,11,MEPPO,117.09
,REF,90837,CPT4,AZ01,11,HMOHRA,102.37
,REF,90837,CPT4,AL06,11,POS,142.14
,REF,90837,CPT4,AR01,11,MCARE,115.92
,REF,90837,CPT4,AL07,11,MEPOS,142.14
,REF,90837,CPT4,AL03,11,HMO,106.61
,REF,90837,CPT4,AL05,11,MCAID,120.82
,REF,90837,CPT4,AL06,11,MCARE,142.14
,REF,90837,CPT4,CA02,11,TC,150.61
,REF,90837,CPT4,AL08,11,SLFIN,142.14
,REF,90837,CPT4,AK02,11,USACC,153.38
,REF,90837,CPT4,AK02,11,HMOAVN,153.38
,REF,90837,CPT4,AL03,11,POS,142.14
,REF,90837,CPT4,AZ01,11,MEFFS,90.33
,REF,90837,CPT4,AZ01,11,DHMO,137.75
,REF,90837,CPT4,AL03,11,TC,120.82
,REF,90837,CPT4,AR01,11,ALL,99.02
,REF,90837,CPT4,AK02,11,QPOS,153.38
,REF,90837,CPT4,CA02,11,TC,150.61
,REF,90837,CPT4,AK02,11,DPPO,169.37
,REF,90837,CPT4,AL02,11,TC,142.14
,REF,90837,CPT4,AL07,11,MHMO,142.14
,REF,90837,CPT4,CA04,11,HMO,110.57
,REF,90837,CPT4,AZ01,11,TRICR,137.75
,REF,90837,CPT4,CA02,11,DHMO,150.61
,REF,90837,CPT4,AL08,11,ALL,106.61
,REF,90837,CPT4,AZ01,11,QPOS,117.09
,REF,90837,CPT4,AL08,11,MEPOS,142.14
,REF,90837,CPT4,CA04,11,MEHMO,110.57
,REF,90837,CPT4,AZ01,11,MHMO,117.09
,REF,90837,CPT4,AL03,11,USACC,106.61
,REF,90837,CPT4,AL05,11,USACC,120.82
,REF,90837,CPT4,AL03,11,SLFIN,142.14
,REF,90837,CPT4,CA02,11,MCARE,112.96
,REF,90837,CPT4,AL08,11,HMO,142.14
,REF,90837,CPT4,AZ01,11,MWC,90.33
,REF,90837,CPT4,AK02,11,HMOAVN,225.83
,REF,90837,CPT4,AL02,11,MEHMO,142.14
,REF,90837,CPT4,AL05,11,VPHMO,120.82
,REF,90837,CPT4,AL05,11,MCARE,106.61
,REF,90837,CPT4,AK02,11,HMOAVN,225.83
,REF,90837,CPT4,AL05,11,POS,142.14
,REF,90837,CPT4,AZ01,11,EAP,137.75
,REF,90837,CPT4,AL04,11,DPPO,142.14
,REF,90837,CPT4,AR01,11,MC,78.49
,REF,90837,CPT4,AL08,11,MEPPO,142.14
,REF,90837,CPT4,CA01,11,MEFFS,157.04
,REF,90837,CPT4,AR01,11,HMOHRA,78.49
,REF,90837,CPT4,CA01,11,SLFIN,133.48
,REF,90837,CPT4,AL05,11,MEFFS,106.61
,REF,90837,CPT4,AL07,11,TRICR,142.14
,REF,90837,CPT4,AL08,11,MEFFS,142.14
,REF,90837,CPT4,AL04,11,DHMO,106.61
,REF,90837,CPT4,AL08,11,MCAID,106.61
,REF,90837,CPT4,CA01,11,NNHMO,117.78
,REF,90837,CPT4,AL04,11,DPPO,142.14
,REF,90837,CPT4,CA02,11,HMOAVN,128.02
,REF,90837,CPT4,AL08,11,VPHMO,106.61
,REF,90837,CPT4,CA02,11,MBH,150.61
,REF,90837,CPT4,AL02,11,ALL,142.14
,REF,90837,CPT4,AL02,11,SLFIN,142.14
,REF,90837,CPT4,AL08,11,MEHMO,106.61
,REF,90837,CPT4,AZ01,11,MEPOS,117.09
,REF,90837,CPT4,CA01,11,MWC,157.04
,REF,90837,CPT4,AL02,11,HMOAVN,120.82
,REF,90837,CPT4,AR01,11,HMOHRA,115.92
,REF,90837,CPT4,AL03,11,,142.14
,REF,90837,CPT4,AK02,11,DHMO,204.5
,REF,90837,CPT4,CA01,11,MEHMO,157.04
,REF,90837,CPT4,CA02,11,MEFFS,112.96
,REF,90837,CPT4,AL03,11,MCAID,142.14
,REF,90837,CPT4,AL07,11,USACC,142.14
,REF,90837,CPT4,AL04,11,TRICR,142.14
,REF,90837,CPT4,AL04,11,MWC,142.14
,REF,90837,CPT4,CA01,11,MEPPO,157.04
,REF,90837,CPT4,AR01,11,HMOAVN,78.49
,REF,90837,CPT4,AZ01,11,MWC,103.31
,REF,90837,CPT4,AR01,11,MEPPO,78.49
,REF,90837,CPT4,AL08,11,MEPO,106.61
,REF,90837,CPT4,AL03,11,MEPPO,120.82
,REF,90837,CPT4,AL07,11,DHMO,106.61
,REF,90837,CPT4,CA02,11,EAP,150.61
,REF,90837,CPT4,AK02,11,MEHMO,191.95
,REF,90837,CPT4,AL02,11,QPOS,142.14
,REF,90837,CPT4,AL03,11,SLFIN,142.14
,REF,90837,CPT4,AR01,11,MC,115.92
,REF,90837,CPT4,AK02,11,TRICR,225.83
,REF,90837,CPT4,AK02,11,MEPPO,173.83
,REF,90837,CPT4,AZ01,11,MWC,137.75
,REF,90837,CPT4,CA01,11,HMO,117.78
,REF,90837,CPT4,AR01,11,MC,78.49
,REF,90837,CPT4,CA04,11,HMOHRA,147.42
,REF,90837,CPT4,AL06,11,TRICR,142.14
,REF,90837,CPT4,AZ01,11,POS,120.44
,REF,90837,CPT4,AL03,11,NNHMO,142.14
,REF,90837,CPT4,AK02,11,EAP,204.5
,REF,90837,CPT4,AZ01,11,MEPPO,137.75
,REF,90837,CPT4,AL05,11,TRICR,142.14
,REF,90837,CPT4,AL05,11,POS,106.61
,REF,90837,CPT4,AR01,11,MEPO,115.92
,REF,90837,CPT4,AL07,11,MCARE,106.61
,REF,90837,CPT4,CA04,11,HMOHRA,110.57
,REF,90837,CPT4,CA04,11,HMOHRA,147.42
,REF,90837,CPT4,AL04,11,HMOHRA,142.14
,REF,90837,CPT4,AL03,11,ALL,142.14
,REF,90837,CPT4,AZ01,11,,103.31
,REF,90837,CPT4,AL02,11,NNHMO,120.82
,REF,90837,CPT4,AZ01,11,,137.75
,REF,90837,CPT4,AZ01,11,MEFFS,90.33
,REF,90837,CPT4,AL08,11,TC,106.61
,REF,90837,CPT4,AZ01,11,MCARE,137.75
,REF,90837,CPT4,AL07,11,MBH,142.14
,REF,90837,CPT4,AL02,11,MWC,142.14
,REF,90837,CPT4,AL05,11,TC,142.14
,REF,90837,CPT4,CA01,11,MEFFS,117.78
,REF,90837,CPT4,CA02,11,POS,128.02
,REF,90837,CPT4,AL04,11,DHMO,142.14
,REF,90837,CPT4,AZ01,11,NNHMO,103.31
,REF,90837,CPT4,AL07,11,MCAID,142.14
,REF,90837,CPT4,AL04,11,MPPO,142.14
,REF,90837,CPT4,AL02,11,SLFIN,142.14
,REF,90837,CPT4,AK02,11,EAP,169.37
,REF,90837,CPT4,CA02,11,NNHMO,150.61
,REF,90837,CPT4,CA01,11,MEPPO,157.04
,REF,90837,CPT4,AL08,11,MBH,142.14
,REF,90837,CPT4,CA02,11,MEHMO,150.61
,REF,90837,CPT4,AL08,11,TC,142.14
,REF,90837,CPT4,AL02,11,,106.61
,REF,90837,CPT4,AL04,11,MEPPO,142.14
,REF,90837,CPT4,AL04,11,MEPOS,142.14
,REF,90837,CPT4,AL07,11,HMO,106.61
,REF,90837,CPT4,AL05,11,MCARE,106.61
,REF,90837,CPT4,AZ01,11,VPHMO,137.75
,REF,90837,CPT4,AL08,11,SLFIN,142.14
,REF,90837,CPT4,AL05,11,MBH,106.61
,REF,90837,CPT4,AL06,11,MPPO,106.61
,REF,90837,CPT4,AL02,11,MEFFS,142.14
,REF,90837,CPT4,AL02,11,TRICR,106.61
,REF,90837,CPT4,AZ01,11,MC,120.44
,REF,90837,CPT4,AL08,11,MEPO,142.14
,REF,90837,CPT4,AZ01,11,HMO,103.31
,REF,90837,CPT4,AL03,11,MEFFS,142.14
,REF,90837,CPT4,AL06,11,EAP,142.14
,REF,90837,CPT4,AL03,11,TC,142.14
,REF,90837,CPT4,AK02,11,MEPOS,191.95
,REF,90837,CPT4,AL07,11,,106.61
,REF,90837,CPT4,CA01,11,TC,157.04
,REF,90837,CPT4,AR01,11,VPHMO,99.02
,REF,90837,CPT4,AZ01,11,EAP,103.31
,REF,90837,CPT4,AZ01,11,ALL,90.33
,REF,90837,CPT4,AL08,11,MPPO,106.61
,REF,90837,CPT4,AZ01,11,POS,120.44
,REF,90837,CPT4,CA01,11,DHMO,117.78
,REF,90837,CPT4,AL04,11,ALL,106.61
,REF,90837,CPT4,AL07,11,MCARE,142.14
,REF,90837,CPT4,AL02,11,HMOAVN,142.14
,REF,90837,CPT4,AZ01,11,MEHMO,120.44
,REF,90837,CPT4,AZ01,11,MEPOS,120.44
,REF,90837,CPT4,CA02,11,ALL,128.02
,REF,90837,CPT4,AK02,11,HMOHRA,169.37
,REF,90837,CPT4,CA01,11,MC,117.78
,REF,90837,CPT4,AL06,11,ALL,142.14
,REF,90837,CPT4,AL06,11,DHMO,142.14
,REF,90837,CPT4,AL02,11,MEHMO,142.14
,REF,90837,CPT4,AL04,11,,142.14
,REF,90837,CPT4,AK02,11,MCAID,191.95
,REF,90837,CPT4,AL03,11,MC,142.14
,REF,90837,CPT4,AL02,11,DHMO,142.14
,REF,90837,CPT4,AL05,11,POS,106.61
,REF,90837,CPT4,AR01,11,MPPO,115.92
,REF,90837,CPT4,AZ01,11,MBH,137.75
,REF,90837,CPT4,CA01,11,EAP,157.04
,REF,90837,CPT4,AR01,11,MC,115.92
,REF,90837,CPT4,AL05,11,TC,142.14
,REF,90837,CPT4,AL08,11,,106.61
,REF,90837,CPT4,AL03,11,ALL,142.14
,REF,90837,CPT4,AL02,11,MEFFS,106.61
,REF,90837,CPT4,AL05,11,HMO,142.14
,REF,90837,CPT4,AL02,11,MEHMO,120.82
,REF,90837,CPT4,AZ01,11,MWC,120.44
,REF,90837,CPT4,AL06,11,USACC,142.14
,REF,90837,CPT4,AL02,11,MEPO,142.14
,REF,90837,CPT4,AZ01,11,QPOS,137.75
,REF,90837,CPT4,AK02,11,POS,225.83
,REF,90837,CPT4,AK02,11,MCAID,169.37
,REF,90837,CPT4,AZ01,11,VPHMO,137.75
,REF,90837,CPT4,AL02,11,MC,142.14
,REF,90837,CPT4,AL08,11,HMOHRA,106.61
,REF,90837,CPT4,AK02,11,HMOHRA,225.83
,REF,90837,CPT4,AR01,11,MEFFS,115.92
,REF,90837,CPT4,AL07,11,DPPO,106.61
,REF,90837,CPT4,AL02,11,HMOAVN,142.14
,REF,90837,CPT4,AL02,11,MWC,106.61
,REF,90837,CPT4,AK02,11,ALL,225.83
,REF,90837,CPT4,AL03,11,TRICR,142.14
,REF,90837,CPT4,AR01,11,MC,78.49
,REF,90837,CPT4,AL04,11,MHMO,142.14
,REF,90837,CPT4,AL03,11,ALL,142.14
,REF,90837,CPT4,AZ01,11,HMOAVN,137.75
,REF,90837,CPT4,AL08,11,MCAID,120.82
,REF,90837,CPT4,AK02,11,HMO,204.5
,REF,90837,CPT4,AL03,11,POS,142.14
,REF,90837,CPT4,AL04,11,MCARE,120.82
,REF,90837,CPT4,CA04,11,MEPO,110.57
,REF,90837,CPT4,AL05,11,EAP,106.61
,REF,90837,CPT4,AL07,11,ALL,142.14
,REF,90837,CPT4,AZ01,11,MBH,103.31
,REF,90837,CPT4,AL03,11,TC,142.14
,REF,90837,CPT4,AZ01,11,USACC,90.33
,REF,90837,CPT4,AL08,11,TRICR,106.61
,REF,90837,CPT4,AL07,11,NNHMO,106.61
,REF,90837,CPT4,AL02,11,MHMO,120.82
,REF,90837,CPT4,AL08,11,MEFFS,106.61
,REF,90837,CPT4,AL08,11,MBH,142.14
,REF,90837,CPT4,AZ01,11,MWC,137.75
,REF,90837,CPT4,AL03,11,MPPO,120.82
,REF,90837,CPT4,CA02,11,MEHMO,150.61
,REF,90837,CPT4,AL06,11,VPHMO,120.82
,REF,90837,CPT4,AL02,11,MCARE,142.14
,REF,90837,CPT4,CA02,11,MBH,112.96
,REF,90837,CPT4,AK02,11,MBH,225.83
,REF,90837,CPT4,AZ01,11,MPPO,103.31
,REF,90837,CPT4,AL06,11,ALL,106.61
,REF,90837,CPT4,AK02,11,USACC,225.83
,REF,90837,CPT4,AL03,11,,120.82
,REF,90837,CPT4,AL08,11,MWC,120.82
,REF,90837,CPT4,AL02,11,MEHMO,142.14
,REF,90837,CPT4,AL04,11,TRICR,120.82
,REF,90837,CPT4,CA04,11,MCARE,110.57
,REF,90837,CPT4,AL07,11,MEHMO,106.61
,REF,90837,CPT4,AL06,11,QPOS,142.14
,REF,90837,CPT4,CA04,11,MHMO,147.42
,REF,90837,CPT4,AL02,11,MWC,106.61
,REF,90837,CPT4,AL06,11,MPPO,120.82
,REF,90837,CPT4,AZ01,11,USACC,120.44
,REF,90837,CPT4,AK02,11,HMO,169.37
,REF,90837,CPT4,AL02,11,MEFFS,142.14
,REF,90837,CPT4,AL06,11,HMOHRA,106.61
,REF,90837,CPT4,AZ01,11,,103.31
,REF,90837,CPT4,AL07,11,POS,142.14
,REF,90837,CPT4,AL07,11,MCAID,120.82
,REF,90837,CPT4,AL04,11,EAP,106.61
,REF,90837,CPT4,AL06,11,QPOS,106.61
,REF,90837,CPT4,CA02,11,QPOS,128.02
,REF,90837,CPT4,AL07,11,VPHMO,142.14
,REF,90837,CPT4,CA04,11,ALL,110.57
,REF,90837,CPT4,AZ01,11,,103.31
,REF,90837,CPT4,AL07,11,,142.14
,REF,90837,CPT4,AL03,11,MEFFS,106.61
,REF,90837,CPT4,AL04,11,DPPO,142.14
,REF,90837,CPT4,AL04,11,MEFFS,106.61
,REF,90837,CPT4,AK02,11,HMOHRA,153.38
,REF,90837,CPT4,AL06,11,MHMO,142.14
,REF,90837,CPT4,AK02,11,VPHMO,191.95
,REF,90837,CPT4,AL05,11,MEPO,106.61
,REF,90837,CPT4,AL02,11,MEFFS,142.14
,REF,90837,CPT4,AK02,11,USACC,153.38
,REF,90837,CPT4,AL06,11,MEHMO,142.14
,REF,90837,CPT4,AL02,11,NNHMO,142.14
,REF,90837,CPT4,AK02,11,MPPO,173.83
,REF,90837,CPT4,AR01,11,TC,115.92
,REF,90837,CPT4,AL07,11,HMOHRA,120.82
,REF,90837,CPT4,AR01,11,DPPO,78.49
,REF,90837,CPT4,AL02,11,VPHMO,106.61
,REF,90837,CPT4,AZ01,11,,137.75
,REF,90837,CPT4,AZ01,11,SLFIN,90.33
,REF,90837,CPT4,CA01,11,QPOS,157.04
,REF,90837,CPT4,AK02,11,DPPO,173.83
,REF,90837,CPT4,AL04,11,MBH,106.61
,REF,90837,CPT4,AZ01,11,SLFIN,90.33
,REF,90837,CPT4,AL02,11,TC,106.61
,REF,90837,CPT4,AZ01,11,NNHMO,120.44
,REF,90837,CPT4,AL08,11,MCARE,142.14
,REF,90837,CPT4,AL08,11,NNHMO,142.14
,REF,90837,CPT4,AL07,11,MEPO,106.61
,REF,90837,CPT4,AL08,11,HMO,142.14
,REF,90837,CPT4,AL05,11,ALL,106.61
,REF,90837,CPT4,AL03,11,MEFFS,120.82
,REF,90837,CPT4,AK02,11,HMO,204.5
,REF,90837,CPT4,AR01,11,USACC,115.92
,REF,90837,CPT4,AL06,11,MEPOS,120.82
,REF,90837,CPT4,AK02,11,ALL,204.5
,REF,90837,CPT4,CA01,11,ALL,133.48
,REF,90837,CPT4,AL03,11,MWC,142.14
,REF,90837,CPT4,AL03,11,EAP,120.82
,REF,90837,CPT4,CA02,11,MHMO,128.02
,REF,90837,CPT4,AK02,11,MEFFS,153.38
,REF,90837,CPT4,AK02,11,MPPO,173.83
,REF,90837,CPT4,AL03,11,MBH,142.14
,REF,90837,CPT4,AR01,11,USACC,115.92
,REF,90837,CPT4,AL04,11,QPOS,106.61
,REF,90837,CPT4,CA02,11,TC,128.02
,REF,90837,CPT4,AZ01,11,USACC,103.31
,REF,90837,CPT4,AL05,11,MC,142.14
,REF,90837,CPT4,AL08,11,MPPO,106.61
,REF,90837,CPT4,AK02,11,MHMO,173.83
,REF,90837,CPT4,AR01,11,DHMO,78.49
,REF,90837,CPT4,AL06,11,DPPO,142.14
,REF,90837,CPT4,CA02,11,MC,150.61
,REF,90837,CPT4,AL04,11,MC,142.14
,REF,90837,CPT4,AL05,11,MC,120.82
,REF,90837,CPT4,CA02,11,EAP,150.61
,REF,90837,CPT4,AL02,11,VPHMO,106.61
,REF,90837,CPT4,CA02,11,MC,150.61
,REF,90837,CPT4,AL08,11,MEPO,142.14
,REF,90837,CPT4,AL02,11,MHMO,142.14
,REF,90837,CPT4,AZ01,11,HMOHRA,120.44
,REF,90837,CPT4,AR01,11,POS,78.49
,REF,90837,CPT4,AL04,11,DHMO,142.14
,REF,90837,CPT4,AL04,11,ALL,106.61
,REF,90837,CPT4,AL07,11,DHMO,142.14
,REF,90837,CPT4,AK02,11,HMO,204.5
,REF,90837,CPT4,AZ01,11,DHMO,90.33
,REF,90837,CPT4,AL03,11,HMOHRA,106.61
,REF,90837,CPT4,AR01,11,HMO,115.92
,REF,90837,CPT4,AL08,11,,142.14
,REF,90837,CPT4,AZ01,11,USACC,102.37
,REF,90837,CPT4,CA01,11,MEPO,117.78
,REF,90837,CPT4,AL05,11,MWC,120.82
,REF,90837,CPT4,AZ01,11,,120.44
,REF,90837,CPT4,AL02,11,USACC,106.61
,REF,90837,CPT4,CA02,11,SLFIN,150.61
,REF,90837,CPT4,CA04,11,MEPOS,125.31
,REF,90837,CPT4,AZ01,11,MCARE,103.31
,REF,90837,CPT4,AK02,11,MHMO,191.95
,REF,90837,CPT4,AZ01,11,NNHMO,90.33
,REF,90837,CPT4,AL05,11,MBH,142.14
,REF,90837,CPT4,CA01,11,TRICR,157.04
,REF,90837,CPT4,AK02,11,MEPOS,225.83
,REF,90837,CPT4,AL05,11,MBH,142.14
,REF,90837,CPT4,AL08,11,DPPO,120.82
,REF,90837,CPT4,CA04,11,EAP,125.31
,REF,90837,CPT4,AZ01,11,MBH,90.33
,REF,90837,CPT4,AL03,11,MEFFS,142.14
,REF,90837,CPT4,AL05,11,HMO,142.14
,REF,90837,CPT4,CA02,11,TRICR,150.61
,REF,90837,CPT4,AK02,11,EAP,204.5
,REF,90837,CPT4,CA04,11,,147.42
,REF,90837,CPT4,AK02,11,USACC,173.83
,REF,90837,CPT4,AZ01,11,MEPPO,137.75
,REF,90837,CPT4,AL08,11,MEPO,106.61
,REF,90837,CPT4,AZ01,11,MEPO,120.44
,REF,90837,CPT4,AL08,11,HMO,106.61
,REF,90837,CPT4,AZ01,11,ALL,120.44
,REF,90837,CPT4,AL03,11,MCAID,142.14
,REF,90837,CPT4,AK02,11,MEPOS,225.83
,REF,90837,CPT4,AL07,11,MHMO,142.14
,REF,90837,CPT4,AZ01,11,TC,102.37
,REF,90837,CPT4,AK02,11,MEFFS,225.83
,REF,90837,CPT4,CA01,11,HMOAVN,133.48
,REF,90837,CPT4,AZ01,11,HMOAVN,137.75
,REF,90837,CPT4,AK02,11,DPPO,169.37
,REF,90837,CPT4,AR01,11,TRICR,78.49
,REF,90837,CPT4,AL02,11,USACC,142.14
,REF,90837,CPT4,CA02,11,HMOAVN,150.61
,REF,90837,CPT4,AL07,11,EAP,142.14
,REF,90837,CPT4,CA02,11,MEHMO,112.96
,REF,90837,CPT4,AL07,11,ALL,106.61
,REF,90837,CPT4,AZ01,11,NNHMO,137.75
,REF,90837,CPT4,AK02,11,MPPO,204.5
,REF,90837,CPT4,CA04,11,,147.42
,REF,90837,CPT4,AR01,11,MEPPO,78.49
,REF,90837,CPT4,AL02,11,MEHMO,106.61
,REF,90837,CPT4,AK02,11,MEPO,225.83
,REF,90837,CPT4,CA01,11,VPHMO,157.04
,REF,90837,CPT4,AL06,11,MCAID,106.61
,REF,90837,CPT4,CA01,11,EAP,117.78
,REF,90837,CPT4,AL02,11,MC,142.14
,REF,90837,CPT4,CA02,11,QPOS,128.02
,REF,90837,CPT4,CA02,11,MPPO,150.61
,REF,90837,CPT4,CA04,11,MEPO,125.31
,REF,90837,CPT4,AZ01,11,USACC,90.33
,REF,90837,CPT4,AR01,11,DHMO,78.49
,REF,90837,CPT4,AL07,11,TRICR,142.14
,REF,90837,CPT4,AK02,11,MHMO,169.37
,REF,90837,CPT4,AL06,11,MWC,106.61
,REF,90837,CPT4,AL03,11,USACC,142.14
,REF,90837,CPT4,AZ01,11,MC,90.33
,REF,90837,CPT4,CA02,11,MEPPO,112.96
,REF,90837,CPT4,CA02,11,MWC,112.96
,REF,90837,CPT4,AK02,11,TRICR,153.38
,REF,90837,CPT4,AL02,11,,106.61
,REF,90837,CPT4,AL08,11,HMOHRA,142.14
,REF,90837,CPT4,AK02,11,MWC,169.37
,REF,90837,CPT4,AL06,11,MHMO,142.14
,REF,90837,CPT4,AK02,11,QPOS,153.38
,REF,90837,CPT4,CA02,11,MEPOS,128.02
,REF,90837,CPT4,AL03,11,MEPPO,142.14
,REF,90837,CPT4,AK02,11,DHMO,225.83
,REF,90837,CPT4,AL05,11,MEHMO,142.14
,REF,90837,CPT4,AL04,11,QPOS,142.14
,REF,90837,CPT4,CA02,11,MEPO,150.61
,REF,90837,CPT4,AZ01,11,DPPO,102.37
,REF,90837,CPT4,AZ01,11,EAP,90.33
,REF,90837,CPT4,AL06,11,HMO,142.14
,REF,90837,CPT4,AL05,11,DPPO,142.14
,REF,90837,CPT4,AK02,11,MWC,191.95
,REF,90837,CPT4,AZ01,11,DHMO,137.75
,REF,90837,CPT4,CA02,11,MEPOS,150.61
,REF,90837,CPT4,AL02,11,MBH,142.14
,REF,90837,CPT4,CA04,11,DHMO,110.57
,REF,90837,CPT4,AZ01,11,MC,90.33
,REF,90837,CPT4,AZ01,11,MHMO,103.31
,REF,90837,CPT4,AL04,11,MEPPO,142.14
,REF,90837,CPT4,AL05,11,SLFIN,142.14
,REF,90837,CPT4,AK02,11,POS,191.95
,REF,90837,CPT4,AR01,11,MEHMO,78.49
,REF,90837,CPT4,AZ01,11,MEPOS,90.33
,REF,90837,CPT4,AK02,11,MCARE,191.95
,REF,90837,CPT4,CA01,11,DPPO,157.04
,REF,90837,CPT4,AZ01,11,MC,137.75
,REF,90837,CPT4,AL03,11,EAP,120.82
,REF,90837,CPT4,AR01,11,MC,78.49
,REF,90837,CPT4,AL06,11,MEHMO,142.14
,REF,90837,CPT4,CA02,11,VPHMO,150.61
,REF,90837,CPT4,AK02,11,TRICR,204.5
,REF,90837,CPT4,AR01,11,MCARE,78.49
,REF,90837,CPT4,AL03,11,MEHMO,142.14
,REF,90837,CPT4,AL02,11,SLFIN,106.61
,REF,90837,CPT4,AL07,11,SLFIN,106.61
,REF,90837,CPT4,CA04,11,DPPO,125.31
,REF,90837,CPT4,AK02,11,MEPPO,225.83
,REF,90837,CPT4,AL03,11,MEPOS,142.14
,REF,90837,CPT4,AL04,11,EAP,120.82
,REF,90837,CPT4,AK02,11,VPHMO,225.83
,REF,90837,CPT4,AL02,11,MCARE,106.61
,REF,90837,CPT4,CA04,11,DHMO,125.31
,REF,90837,CPT4,CA02,11,MEPOS,128.02
,REF,90837,CPT4,AZ01,11,MC,137.75
,REF,90837,CPT4,AZ01,11,MC,102.37
,REF,90837,CPT4,AZ01,11,POS,120.44
,REF,90837,CPT4,CA02,11,EAP,150.61
,REF,90837,CPT4,CA04,11,MC,147.42
,REF,90837,CPT4,AZ01,11,MCARE,102.37
,REF,90837,CPT4,CA01,11,MWC,157.04
,REF,90837,CPT4,AL04,11,TRICR,120.82
,REF,90837,CPT4,AL06,11,POS,142.14
,REF,90837,CPT4,CA01,11,MWC,157.04
,REF,90837,CPT4,AR01,11,,115.92
,REF,90837,CPT4,AR01,11,HMOHRA,99.02
,REF,90837,CPT4,AR01,11,MHMO,78.49
,REF,90837,CPT4,AL07,11,EAP,106.61
,REF,90837,CPT4,AR01,11,MEHMO,115.92
,REF,90837,CPT4,AL06,11,DHMO,142.14
,REF,90837,CPT4,AK02,11,MEPPO,169.37
,REF,90837,CPT4,CA04,11,MEFFS,110.57
,REF,90837,CPT4,AL06,11,MEPOS,106.61
,REF,90837,CPT4,CA01,11,MBH,157.04
,REF,90837,CPT4,AR01,11,MEHMO,78.49
,REF,90837,CPT4,CA04,11,MHMO,110.57
,REF,90837,CPT4,AK02,11,TC,225.83
,REF,90837,CPT4,AZ01,11,USACC,90.33
,REF,90837,CPT4,AK02,11,DHMO,204.5
,REF,90837,CPT4,CA01,11,MEPPO,117.78
,REF,90837,CPT4,AL07,11,QPOS,142.14
,REF,90837,CPT4,CA04,11,HMOHRA,110.57
,REF,90837,CPT4,AL03,11,MEFFS,106.61
,REF,90837,CPT4,AL02,11,MEPPO,120.82
,REF,90837,CPT4,AL04,11,,142.14
,REF,90837,CPT4,AL03,11,TC,142.14
,REF,90837,CPT4,AL06,11,SLFIN,142.14
,REF,90837,CPT4,CA02,11,ALL,150.61
,REF,90837,CPT4,AL06,11,HMO,120.82
,REF,90837,CPT4,AL07,11,ALL,142.14
,REF,90837,CPT4,AK02,11,ALL,169.37
,REF,90837,CPT4,AK02,11,MBH,225.83
,REF,90837,CPT4,AK02,11,HMO,169.37
,REF,90837,CPT4,AZ01,11,MWC,103.31
,REF,90837,CPT4,AZ01,11,POS,103.31
,REF,90837,CPT4,AK02,11,NNHMO,204.5
,REF,90837,CPT4,AZ01,11,USACC,137.75
,REF,90837,CPT4,CA02,11,TRICR,150.61
,REF,90837,CPT4,CA02,11,HMOAVN,150.61
,REF,90837,CPT4,AL02,11,ALL,142.14
,REF,90837,CPT4,AK02,11,POS,169.37
,REF,90837,CPT4,AL02,11,MBH,120.82
,REF,90837,CPT4,AL07,11,QPOS,142.14
,REF,90837,CPT4,CA04,11,MEPPO,110.57
,REF,90837,CPT4,AL04,11,MC,142.14
,REF,90837,CPT4,AL05,11,,142.14
,REF,90837,CPT4,CA02,11,NNHMO,150.61
,REF,90837,CPT4,AL04,11,MCAID,106.61
,REF,90837,CPT4,CA04,11,MBH,147.42
,REF,90837,CPT4,AL04,11,MC,120.82
,REF,90837,CPT4,CA02,11,HMOAVN,150.61
,REF,90837,CPT4,AL04,11,MHMO,142.14
,REF,90837,CPT4,AR01,11,MCAID,78.49
,REF,90837,CPT4,AL06,11,ALL,120.82
,REF,90837,CPT4,AL06,11,ALL,106.61
,REF,90837,CPT4,AK02,11,MHMO,204.5
,REF,90837,CPT4,AK02,11,MCAID,204.5
,REF,90837,CPT4,AL06,11,MEPOS,120.82
,REF,90837,CPT4,AK02,11,MWC,204.5
,REF,90837,CPT4,AL08,11,TC,142.14
,REF,90837,CPT4,AR01,11,SLFIN,99.02
,REF,90837,CPT4,AZ01,11,DHMO,103.31
,REF,90837,CPT4,AL08,11,POS,106.61
,REF,90837,CPT4,CA04,11,DHMO,110.57
,REF,90837,CPT4,AR01,11,MCARE,78.49
,REF,90837,CPT4,AL04,11,VPHMO,142.14
,REF,90837,CPT4,AZ01,11,SLFIN,102.37
,REF,90837,CPT4,AK02,11,HMO,204.5
,REF,90837,CPT4,AL03,11,NNHMO,106.61
,REF,90837,CPT4,AL05,11,HMOHRA,106.61
,REF,90837,CPT4,AL03,11,DPPO,142.14
,REF,90837,CPT4,AL03,11,MEPOS,142.14
,REF,90837,CPT4,AR01,11,MWC,99.02
,REF,90837,CPT4,AL04,11,HMO,142.14
,REF,90837,CPT4,AL03,11,MCARE,142.14
,REF,90837,CPT4,AL06,11,,142.14
,REF,90837,CPT4,AK02,11,HMOAVN,169.37
,REF,90837,CPT4,AZ01,11,MHMO,137.75
,REF,90837,CPT4,AL04,11,VPHMO,142.14
,REF,90837,CPT4,AR01,11,DHMO,78.49
,REF,90837,CPT4,CA01,11,HMOHRA,157.04
,REF,90837,CPT4,AL05,11,MEPPO,142.14
,REF,90837,CPT4,AL08,11,MHMO,142.14
,REF,90837,CPT4,CA01,11,TRICR,157.04
,REF,90837,CPT4,AL02,11,HMOHRA,142.14
,REF,90837,CPT4,AK02,11,MEPO,204.5
,REF,90837,CPT4,AL03,11,EAP,142.14
,REF,90837,CPT4,AK02,11,MCAID,153.38
,REF,90837,CPT4,AK02,11,,225.83
,REF,90837,CPT4,AL08,11,VPHMO,142.14
,REF,90837,CPT4,CA02,11,MCAID,128.02
,REF,90837,CPT4,AL02,11,MWC,120.82
,REF,90837,CPT4,AL05,11,MEPPO,142.14
,REF,90837,CPT4,AL07,11,,142.14
,REF,90837,CPT4,AL04,11,MCARE,106.61
,REF,90837,CPT4,AZ01,11,MEPPO,120.44
,REF,90837,CPT4,AR01,11,DPPO,115.92
,REF,90837,CPT4,CA01,11,MHMO,117.78
,REF,90837,CPT4,AZ01,11,MBH,90.33
,REF,90837,CPT4,AL03,11,DPPO,142.14
,REF,90837,CPT4,AL06,11,EAP,142.14
,REF,90837,CPT4,CA01,11,MPPO,133.48
,REF,90837,CPT4,AL08,11,DHMO,142.14
,REF,90837,CPT4,CA01,11,MCAID,133.48
,REF,90837,CPT4,AL02,11,MEHMO,142.14
,REF,90837,CPT4,CA04,11,MEHMO,147.42
,REF,90837,CPT4,AL02,11,MCARE,142.14
,REF,90837,CPT4,CA01,11,HMOAVN,117.78
,REF,90837,CPT4,AL05,11,MEPOS,142.14
,REF,90837,CPT4,AL02,11,SLFIN,106.61
,REF,90837,CPT4,CA04,11,MBH,147.42
,REF,90837,CPT4,AL05,11,MBH,142.14
,REF,90837,CPT4,CA01,11,TC,117.78
,REF,90837,CPT4,CA02,11,MEPO,150.61
,REF,90837,CPT4,CA01,11,MWC,157.04
,REF,90837,CPT4,AL07,11,ALL,142.14
,REF,90837,CPT4,AL06,11,TRICR,142.14
,REF,90837,CPT4,AL04,11,MCAID,106.61
,REF,90837,CPT4,AR01,11,NNHMO,115.92
,REF,90837,CPT4,AZ01,11,MEPOS,137.75
,REF,90837,CPT4,AK02,11,MEPO,169.37
,REF,90837,CPT4,AK02,11,NNHMO,225.83
,REF,90837,CPT4,AZ01,11,NNHMO,90.33
,REF,90837,CPT4,AL08,11,MEHMO,120.82
,REF,90837,CPT4,AK02,11,,173.83
,REF,90837,CPT4,CA01,11,QPOS,157.04
,REF,90837,CPT4,CA04,11,MEFFS,110.57
,REF,90837,CPT4,AL08,11,HMOAVN,106.61
,REF,90837,CPT4,AK02,11,MCAID,204.5
,REF,90837,CPT4,CA02,11,SLFIN,112.96
,REF,90837,CPT4,AK02,11,NNHMO,204.5
,REF,90837,CPT4,AL03,11,DHMO,106.61
,REF,90837,CPT4,AL06,11,ALL,142.14
,REF,90837,CPT4,AL07,11,MCARE,106.61
,REF,90837,CPT4,CA02,11,MHMO,150.61
,REF,90837,CPT4,CA01,11,MEPOS,157.04
,REF,90837,CPT4,CA04,11,HMO,110.57
,REF,90837,CPT4,CA01,11,HMOAVN,133.48
,REF,90837,CPT4,CA04,11,,147.42
,REF,90837,CPT4,CA02,11,MEFFS,112.96
,REF,90837,CPT4,CA02,11,POS,150.61
,REF,90837,CPT4,AL07,11,MCARE,142.14
,REF,90837,CPT4,AL03,11,MCAID,142.14
,REF,90837,CPT4,AK01,11,VPHMO,225.83
,REF,90837,CPT4,AZ01,11,SLFIN,137.75
,REF,90837,CPT4,AK02,11,MEHMO,153.38
,REF,90837,CPT4,AL03,11,DPPO,142.14
,REF,90837,CPT4,AZ01,11,MEPOS,117.09
,REF,90837,CPT4,AZ01,11,QPOS,117.09
,REF,90837,CPT4,AL04,11,HMOAVN,142.14
,REF,90837,CPT4,AL04,11,MEHMO,120.82
,REF,90837,CPT4,AL06,11,MEPOS,142.14
,REF,90837,CPT4,AK02,11,HMOHRA,204.5
,REF,90837,CPT4,AL02,11,DPPO,142.14
,REF,90837,CPT4,AZ01,11,MEPPO,117.09
,REF,90837,CPT4,AZ01,11,TC,117.09
,REF,90837,CPT4,AK02,11,TC,191.95
,REF,90837,CPT4,AZ01,11,MEPPO,137.75
,REF,90837,CPT4,AK02,11,HMOAVN,225.83
,REF,90837,CPT4,AL05,11,DPPO,120.82
,REF,90837,CPT4,CA02,11,MCAID,150.61
,REF,90837,CPT4,AL08,11,MEFFS,142.14
,REF,90837,CPT4,AK02,11,ALL,169.37
,REF,90837,CPT4,AL02,11,TRICR,142.14
,REF,90837,CPT4,AK02,11,HMO,191.95
,REF,90837,CPT4,AL03,11,MC,142.14
,REF,90837,CPT4,AL08,11,HMOAVN,142.14
,REF,90837,CPT4,AL03,11,,142.14
,REF,90837,CPT4,AL06,11,MC,142.14
,REF,90837,CPT4,AZ01,11,QPOS,120.44
,REF,90837,CPT4,AK02,11,MBH,204.5
,REF,90837,CPT4,AL04,11,MHMO,142.14
,REF,90837,CPT4,CA01,11,MEPO,117.78
,REF,90837,CPT4,AL04,11,HMOAVN,142.14
,REF,90837,CPT4,AZ01,11,QPOS,103.31
,REF,90837,CPT4,AZ01,11,MEPPO,102.37
,REF,90837,CPT4,AL05,11,QPOS,142.14
,REF,90837,CPT4,AL04,11,MHMO,142.14
,REF,90837,CPT4,AL05,11,HMO,106.61
,REF,90837,CPT4,AL02,11,VPHMO,142.14
,REF,90837,CPT4,AL02,11,MEFFS,120.82
,REF,90837,CPT4,AZ01,11,MBH,102.37
,REF,90837,CPT4,AK02,11,MEPPO,204.5
,REF,90837,CPT4,AR01,11,TC,99.02
,REF,90837,CPT4,AL06,11,MEFFS,142.14
,REF,90837,CPT4,AK01,11,VPHMO,153.38
,REF,90837,CPT4,AL08,11,MPPO,142.14
,REF,90837,CPT4,AL07,11,HMO,142.14
,REF,90837,CPT4,CA01,11,MCARE,133.48
,REF,90837,CPT4,CA02,11,MBH,128.02
,REF,90837,CPT4,AL04,11,NNHMO,142.14
,REF,90837,CPT4,AL08,11,ALL,142.14
,REF,90837,CPT4,AL04,11,TC,142.14
,REF,90837,CPT4,AR01,11,TRICR,115.92
,REF,90837,CPT4,AL08,11,MC,142.14
,REF,90837,CPT4,AK02,11,,191.95
,REF,90837,CPT4,CA02,11,QPOS,150.61
,REF,90837,CPT4,AL04,11,MWC,106.61
,REF,90837,CPT4,CA02,11,DPPO,150.61
,REF,90837,CPT4,AK02,11,MWC,173.83
,REF,90837,CPT4,CA01,11,TRICR,117.78
,REF,90837,CPT4,AZ01,11,MWC,120.44
,REF,90837,CPT4,AR01,11,MEPOS,78.49
,REF,90837,CPT4,AL03,11,MBH,142.14
,REF,90837,CPT4,AR01,11,,115.92
,REF,90837,CPT4,CA02,11,TC,112.96
,REF,90837,CPT4,AK02,11,HMOAVN,153.38
,REF,90837,CPT4,AL03,11,MHMO,142.14
,REF,90837,CPT4,AR01,11,MEHMO,78.49
,REF,90837,CPT4,AL03,11,,142.14
,REF,90837,CPT4,AL04,11,HMO,142.14
,REF,90837,CPT4,AL06,11,ALL,142.14
,REF,90837,CPT4,AL02,11,USACC,142.14
,REF,90837,CPT4,AR01,11,HMOHRA,115.92
,REF,90837,CPT4,AZ01,11,MEPO,90.33
,REF,90837,CPT4,AL08,11,MC,142.14
,REF,90837,CPT4,CA01,11,MCARE,117.78
,REF,90837,CPT4,AL02,11,MC,106.61
,REF,90837,CPT4,CA02,11,MEPO,112.96
,REF,90837,CPT4,CA01,11,ALL,157.04
,REF,90837,CPT4,AL06,11,VPHMO,106.61
,REF,90837,CPT4,AL03,11,TC,120.82
,REF,90837,CPT4,AZ01,11,TRICR,120.44
,REF,90837,CPT4,AZ01,11,VPHMO,137.75
,REF,90837,CPT4,AL02,11,MEPPO,106.61
,REF,90837,CPT4,AL07,11,QPOS,142.14
,REF,90837,CPT4,AL04,11,MC,106.61
,REF,90837,CPT4,AK02,11,USACC,225.83
,REF,90837,CPT4,AR01,11,QPOS,115.92
,REF,90837,CPT4,AL02,11,MCAID,142.14
,REF,90837,CPT4,AL03,11,MHMO,106.61
,REF,90837,CPT4,CA04,11,ALL,110.57
,REF,90837,CPT4,AK02,11,,225.83
,REF,90837,CPT4,AR01,11,DPPO,115.92
,REF,90837,CPT4,AL03,11,USACC,142.14
,REF,90837,CPT4,AL06,11,MBH,142.14
,REF,90837,CPT4,CA02,11,MCARE,150.61
,REF,90837,CPT4,AL04,11,SLFIN,120.82
,REF,90837,CPT4,AL03,11,MEHMO,142.14
,REF,90837,CPT4,AL06,11,SLFIN,142.14
,REF,90837,CPT4,CA02,11,DPPO,150.61
,REF,90837,CPT4,AK02,11,MEPOS,204.5
,REF,90837,CPT4,AL04,11,MWC,120.82
,REF,90837,CPT4,AL02,11,NNHMO,106.61
,REF,90837,CPT4,AL08,11,DHMO,106.61
,REF,90837,CPT4,AL07,11,EAP,106.61
,REF,90837,CPT4,AL02,11,,142.14
,REF,90837,CPT4,CA02,11,MEPPO,128.02
,REF,90837,CPT4,CA02,11,USACC,112.96
,REF,90837,CPT4,AL05,11,USACC,142.14
,REF,90837,CPT4,AL03,11,HMOAVN,142.14
,REF,90837,CPT4,AZ01,11,MWC,137.75
,REF,90837,CPT4,AL05,11,MC,142.14
,REF,90837,CPT4,CA01,11,MC,157.04
,REF,90837,CPT4,CA01,11,MPPO,157.04
,REF,90837,CPT4,AL04,11,MEHMO,142.14
,REF,90837,CPT4,AL05,11,MCARE,142.14
,REF,90837,CPT4,AL07,11,QPOS,120.82
,REF,90837,CPT4,AZ01,11,NNHMO,103.31
,REF,90837,CPT4,AL04,11,HMOHRA,120.82
,REF,90837,CPT4,AK02,11,MCAID,204.5
,REF,90837,CPT4,CA04,11,MEPO,147.42
,REF,90837,CPT4,AL06,11,USACC,120.82
,REF,90837,CPT4,AL06,11,DPPO,106.61
,REF,90837,CPT4,AL06,11,HMO,120.82
,REF,90837,CPT4,AZ01,11,DHMO,120.44
,REF,90837,CPT4,CA02,11,SLFIN,150.61
,REF,90837,CPT4,AK02,11,QPOS,225.83
,REF,90837,CPT4,AL06,11,,106.61
,REF,90837,CPT4,AZ01,11,TC,137.75
,REF,90837,CPT4,AL06,11,MWC,120.82
,REF,90837,CPT4,AK02,11,MWC,204.5
,REF,90837,CPT4,AL03,11,MEHMO,106.61
,REF,90837,CPT4,AL08,11,EAP,120.82
,REF,90837,CPT4,AL08,11,ALL,106.61
,REF,90837,CPT4,AL07,11,MEPOS,106.61
,REF,90837,CPT4,AZ01,11,NNHMO,120.44
,REF,90837,CPT4,AK02,11,HMO,153.38
,REF,90837,CPT4,CA02,11,MEHMO,150.61
,REF,90837,CPT4,AK02,11,MPPO,191.95
,REF,90837,CPT4,AL05,11,HMO,142.14
,REF,90837,CPT4,AL06,11,HMOHRA,106.61
,REF,90837,CPT4,AR01,11,EAP,115.92
,REF,90837,CPT4,AZ01,11,MEPPO,103.31
,REF,90837,CPT4,AR01,11,VPHMO,115.92
,REF,90837,CPT4,AL07,11,MC,142.14
,REF,90837,CPT4,AL04,11,MEPOS,106.61
,REF,90837,CPT4,AL08,11,NNHMO,142.14
,REF,90837,CPT4,AK02,11,SLFIN,204.5
,REF,90837,CPT4,AZ01,11,TRICR,120.44
,REF,90837,CPT4,AL05,11,DPPO,142.14
,REF,90837,CPT4,CA01,11,MHMO,157.04
,REF,90837,CPT4,AZ01,11,MWC,137.75
,REF,90837,CPT4,AK02,11,MEPOS,153.38
,REF,90837,CPT4,AK02,11,QPOS,204.5
,REF,90837,CPT4,AL03,11,DHMO,142.14
,REF,90837,CPT4,AL03,11,MHMO,106.61
,REF,90837,CPT4,CA04,11,MCARE,147.42
,REF,90837,CPT4,AL07,11,EAP,106.61
,REF,90837,CPT4,AL05,11,MCARE,106.61
,REF,90837,CPT4,AL08,11,TRICR,106.61
,REF,90837,CPT4,CA01,11,MWC,117.78
,REF,90837,CPT4,AL07,11,ALL,106.61
,REF,90837,CPT4,AL03,11,TRICR,106.61
,REF,90837,CPT4,AL03,11,HMOHRA,120.82
,REF,90837,CPT4,AZ01,11,,90.33
,REF,90837,CPT4,AR01,11,HMOHRA,115.92
,REF,90837,CPT4,AZ01,11,POS,120.44
,REF,90837,CPT4,AZ01,11,DPPO,90.33
,REF,90837,CPT4,CA04,11,,110.57
,REF,90837,CPT4,AL05,11,DHMO,120.82
,REF,90837,CPT4,AL04,11,HMOAVN,106.61
,REF,90837,CPT4,CA02,11,MHMO,112.96
,REF,90837,CPT4,AK02,11,MEFFS,169.37
,REF,90837,CPT4,AL04,11,HMOHRA,120.82
,REF,90837,CPT4,AL07,11,USACC,120.82
,REF,90837,CPT4,AZ01,11,DHMO,103.31
,REF,90837,CPT4,AL08,11,DHMO,106.61
,REF,90837,CPT4,CA01,11,MEFFS,157.04
,REF,90837,CPT4,AZ01,11,MBH,137.75
,REF,90837,CPT4,AZ01,11,TC,90.33
,REF,90837,CPT4,AK02,11,MCARE,204.5
,REF,90837,CPT4,AK02,11,MEFFS,225.83
,REF,90837,CPT4,AZ01,11,MCARE,137.75
,REF,90837,CPT4,AK02,11,MHMO,225.83
,REF,90837,CPT4,CA02,11,HMOHRA,112.96
,REF,90837,CPT4,AK02,11,MWC,225.83
,REF,90837,CPT4,AK02,11,ALL,153.38
,REF,90837,CPT4,AZ01,11,EAP,137.75
,REF,90837,CPT4,AL02,11,MCAID,106.61
,REF,90837,CPT4,CA04,11,MEPO,147.42
,REF,90837,CPT4,AL07,11,MEHMO,120.82
,REF,90837,CPT4,CA01,11,MCARE,157.04
,REF,90837,CPT4,AL03,11,,106.61
,REF,90837,CPT4,AL03,11,MEPO,120.82
,REF,90837,CPT4,AZ01,11,HMOAVN,102.37
,REF,90837,CPT4,AZ01,11,MC,117.09
,REF,90837,CPT4,AL08,11,MEFFS,106.61
,REF,90837,CPT4,AR01,11,MPPO,78.49
,REF,90837,CPT4,CA02,11,MWC,128.02
,REF,90837,CPT4,CA02,11,MEHMO,112.96
,REF,90837,CPT4,AL06,11,HMOAVN,142.14
,REF,90837,CPT4,AL08,11,MEPOS,106.61
,REF,90837,CPT4,CA02,11,DHMO,150.61
,REF,90837,CPT4,AL06,11,VPHMO,106.61
,REF,90837,CPT4,AL06,11,EAP,120.82
,REF,90837,CPT4,AL05,11,HMOAVN,142.14
,REF,90837,CPT4,CA04,11,MEPO,147.42
,REF,90837,CPT4,AL05,11,VPHMO,120.82
,REF,90837,CPT4,AZ01,11,HMOAVN,90.33
,REF,90837,CPT4,AL03,11,MEFFS,120.82
,REF,90837,CPT4,AL05,11,MC,106.61
,REF,90837,CPT4,AL04,11,MC,106.61
,REF,90837,CPT4,CA04,11,MEPO,147.42
,REF,90837,CPT4,AL07,11,DHMO,142.14
,REF,90837,CPT4,AL07,11,MEFFS,106.61
,REF,90837,CPT4,AL03,11,POS,142.14
,REF,90837,CPT4,CA02,11,ALL,112.96
,REF,90837,CPT4,AL04,11,SLFIN,142.14
,REF,90837,CPT4,CA02,11,MWC,112.96
,REF,90837,CPT4,CA02,11,MCAID,128.02
,REF,90837,CPT4,CA02,11,MCARE,112.96
,REF,90837,CPT4,AL03,11,MCAID,142.14
,REF,90837,CPT4,CA01,11,MEFFS,117.78
,REF,90837,CPT4,AZ01,11,VPHMO,120.44
,REF,90837,CPT4,AL04,11,VPHMO,142.14
,REF,90837,CPT4,AZ01,11,MHMO,137.75
,REF,90837,CPT4,AK02,11,TRICR,204.5
,REF,90837,CPT4,AL02,11,MEHMO,142.14
,REF,90837,CPT4,AL06,11,MEPPO,142.14
,REF,90837,CPT4,AL03,11,HMOHRA,142.14
,REF,90837,CPT4,CA02,11,MHMO,112.96
,REF,90837,CPT4,AR01,11,DHMO,115.92
,REF,90837,CPT4,AR01,11,SLFIN,78.49
,REF,90837,CPT4,CA01,11,ALL,157.04
,REF,90837,CPT4,AL05,11,MHMO,142.14
,REF,90837,CPT4,AZ01,11,MHMO,120.44
,REF,90837,CPT4,AK02,11,VPHMO,169.37
,REF,90837,CPT4,AL03,11,MEPPO,142.14
,REF,90837,CPT4,AL07,11,POS,142.14
,REF,90837,CPT4,AZ01,11,POS,102.37
,REF,90837,CPT4,AL04,11,MBH,142.14
,REF,90837,CPT4,CA04,11,,125.31
,REF,90837,CPT4,CA04,11,DHMO,147.42
,REF,90837,CPT4,AZ01,11,HMOAVN,102.37
,REF,90837,CPT4,AR01,11,TC,78.49
,REF,90837,CPT4,AK02,11,TC,225.83
,REF,90837,CPT4,AK02,11,MEPPO,225.83
,REF,90837,CPT4,AZ01,11,MBH,137.75
,REF,90837,CPT4,CA02,11,HMO,150.61
,REF,90837,CPT4,CA04,11,,147.42
,REF,90837,CPT4,CA02,11,QPOS,112.96
,REF,90837,CPT4,CA04,11,HMOHRA,125.31
,REF,90837,CPT4,AZ01,11,MCAID,90.33
,REF,90837,CPT4,CA02,11,MBH,150.61
,REF,90837,CPT4,AL02,11,MEHMO,120.82
,REF,90837,CPT4,AL06,11,HMO,106.61
,REF,90837,CPT4,AL04,11,MEPO,142.14
,REF,90837,CPT4,AZ01,11,DPPO,120.44
,REF,90837,CPT4,AL02,11,MEFFS,142.14
,REF,90837,CPT4,AR01,11,DHMO,115.92
,REF,90837,CPT4,AL08,11,MEFFS,106.61
,REF,90837,CPT4,CA02,11,MEPO,150.61
,REF,90837,CPT4,AL06,11,TRICR,106.61
,REF,90837,CPT4,AZ01,11,MEHMO,90.33
,REF,90837,CPT4,AZ01,11,HMO,137.75
,REF,90837,CPT4,AL07,11,MEFFS,142.14
,REF,90837,CPT4,AK02,11,NNHMO,191.95
,REF,90837,CPT4,CA01,11,NNHMO,133.48
,REF,90837,CPT4,AR01,11,MBH,78.49
,REF,90837,CPT4,CA01,11,HMOAVN,117.78
,REF,90837,CPT4,AR01,11,MPPO,115.92
,REF,90837,CPT4,AZ01,11,MEFFS,103.31
,REF,90837,CPT4,AK02,11,VPHMO,204.5
,REF,90837,CPT4,AL06,11,EAP,142.14
,REF,90837,CPT4,AK02,11,MC,225.83
,REF,90837,CPT4,CA01,11,TRICR,157.04
,REF,90837,CPT4,AZ01,11,MCAID,120.44
,REF,90837,CPT4,AL07,11,MPPO,106.61
,REF,90837,CPT4,AZ01,11,DHMO,120.44
,REF,90837,CPT4,AL03,11,NNHMO,106.61
,REF,90837,CPT4,CA02,11,TRICR,150.61
,REF,90837,CPT4,AZ01,11,HMOHRA,103.31
,REF,90837,CPT4,AK02,11,DHMO,169.37
,REF,90837,CPT4,AL02,11,SLFIN,142.14
,REF,90837,CPT4,AK02,11,DHMO,204.5
,REF,90837,CPT4,AL08,11,DHMO,106.61
,REF,90837,CPT4,AR01,11,DPPO,78.49
,REF,90837,CPT4,CA01,11,HMO,117.78
,REF,90837,CPT4,AL03,11,POS,142.14
,REF,90837,CPT4,AR01,11,MBH,115.92
,REF,90837,CPT4,CA02,11,MWC,112.96
,REF,90837,CPT4,CA01,11,VPHMO,117.78
,REF,90837,CPT4,AL06,11,MBH,142.14
,REF,90837,CPT4,AL02,11,MC,120.82
,REF,90837,CPT4,CA01,11,MBH,117.78
,REF,90837,CPT4,AK02,11,VPHMO,169.37
,REF,90837,CPT4,AL06,11,MHMO,142.14
,REF,90837,CPT4,CA01,11,ALL,157.04
,REF,90837,CPT4,CA02,11,HMOHRA,112.96
,REF,90837,CPT4,AL07,11,DHMO,106.61
,REF,90837,CPT4,AK02,11,SLFIN,204.5
,REF,90837,CPT4,AL07,11,USACC,120.82
,REF,90837,CPT4,AL03,11,DHMO,142.14
,REF,90837,CPT4,AL07,11,VPHMO,106.61
,REF,90837,CPT4,CA01,11,ALL,157.04
,REF,90837,CPT4,AL02,11,DHMO,142.14
,REF,90837,CPT4,AK02,11,TRICR,204.5
,REF,90837,CPT4,AZ01,11,MEPO,90.33
,REF,90837,CPT4,CA01,11,,133.48
,REF,90837,CPT4,CA01,11,MCARE,117.78
,REF,90837,CPT4,AZ01,11,POS,120.44
,REF,90837,CPT4,AL07,11,NNHMO,142.14
,REF,90837,CPT4,AL06,11,HMO,142.14
,REF,90837,CPT4,AL04,11,,142.14
,REF,90837,CPT4,AZ01,11,TRICR,137.75
,REF,90837,CPT4,AL06,11,MEPPO,142.14
,REF,90837,CPT4,AL07,11,MEPOS,106.61
,REF,90837,CPT4,AL04,11,HMOHRA,106.61
,REF,90837,CPT4,CA02,11,,128.02
,REF,90837,CPT4,CA02,11,HMOAVN,150.61
,REF,90837,CPT4,AL03,11,HMO,106.61
,REF,90837,CPT4,AR01,11,SLFIN,99.02
,REF,90837,CPT4,AL02,11,MEPOS,106.61
,REF,90837,CPT4,AK02,11,NNHMO,169.37
,REF,90837,CPT4,CA01,11,MPPO,157.04
,REF,90837,CPT4,AZ01,11,USACC,120.44
,REF,90837,CPT4,AL06,11,USACC,142.14
,REF,90837,CPT4,AL03,11,MHMO,106.61
,REF,90837,CPT4,AL06,11,TC,106.61
,REF,90837,CPT4,AR01,11,HMO,99.02
,REF,90837,CPT4,AR01,11,EAP,115.92
,REF,90837,CPT4,AK02,11,ALL,169.37
,REF,90837,CPT4,AZ01,11,MCAID,137.75
,REF,90837,CPT4,AK02,11,QPOS,191.95
,REF,90837,CPT4,AR01,11,MPPO,115.92
,REF,90837,CPT4,AK02,11,MCARE,153.38
,REF,90837,CPT4,CA02,11,MEPO,150.61
,REF,90837,CPT4,CA02,11,NNHMO,150.61
,REF,90837,CPT4,AK02,11,QPOS,204.5
,REF,90837,CPT4,AZ01,11,ALL,117.09
,REF,90837,CPT4,AK02,11,POS,225.83
,REF,90837,CPT4,AL04,11,MEPO,106.61
,REF,90837,CPT4,AR01,11,QPOS,115.92
,REF,90837,CPT4,AR01,11,HMOAVN,115.92
,REF,90837,CPT4,AL07,11,SLFIN,106.61
,REF,90837,CPT4,AZ01,11,TC,120.44
,REF,90837,CPT4,AK02,11,DPPO,204.5
,REF,90837,CPT4,AL06,11,MEPPO,142.14
,REF,90837,CPT4,AL08,11,QPOS,142.14
,REF,90837,CPT4,AZ01,11,ALL,103.31
,REF,90837,CPT4,AL05,11,MC,142.14
,REF,90837,CPT4,AL02,11,MBH,142.14
,REF,90837,CPT4,AR01,11,DPPO,115.92
,REF,90837,CPT4,CA01,11,HMO,157.04
,REF,90837,CPT4,AK02,11,QPOS,225.83
,REF,90837,CPT4,AR01,11,USACC,78.49
,REF,90837,CPT4,CA04,11,DPPO,147.42
,REF,90837,CPT4,AL06,11,,142.14
,REF,90837,CPT4,AL06,11,VPHMO,120.82
,REF,90837,CPT4,AR01,11,MCARE,99.02
,REF,90837,CPT4,CA04,11,MEPO,125.31
,REF,90837,CPT4,AL08,11,TRICR,142.14
,REF,90837,CPT4,AL07,11,EAP,142.14
,REF,90837,CPT4,AK02,11,TRICR,225.83
,REF,90837,CPT4,CA01,11,MEHMO,157.04
,REF,90837,CPT4,AL02,11,USACC,120.82
,REF,90837,CPT4,AZ01,11,DHMO,102.37
,REF,90837,CPT4,AL03,11,USACC,120.82
,REF,90837,CPT4,AL06,11,MEHMO,120.82
,REF,90837,CPT4,CA04,11,MCARE,110.57
,REF,90837,CPT4,AZ01,11,TRICR,137.75
,REF,90837,CPT4,AL03,11,MPPO,106.61
,REF,90837,CPT4,AL06,11,MEPOS,106.61
,REF,90837,CPT4,AL07,11,ALL,142.14
,REF,90837,CPT4,AL04,11,USACC,142.14
,REF,90837,CPT4,AL08,11,MEPOS,142.14
,REF,90837,CPT4,AL04,11,MEPOS,142.14
,REF,90837,CPT4,AL04,11,MEPPO,106.61
,REF,90837,CPT4,AL06,11,QPOS,142.14
,REF,90837,CPT4,CA02,11,USACC,112.96
,REF,90837,CPT4,CA01,11,MBH,117.78
,REF,90837,CPT4,AL08,11,MHMO,106.61
,REF,90837,CPT4,AL03,11,NNHMO,106.61
,REF,90837,CPT4,AK02,11,HMO,153.38
,REF,90837,CPT4,AZ01,11,POS,90.33
,REF,90837,CPT4,AZ01,11,MBH,90.33
,REF,90837,CPT4,AL08,11,,142.14
,REF,90837,CPT4,AR01,11,MEFFS,115.92
,REF,90837,CPT4,AZ01,11,DPPO,103.31
,REF,90837,CPT4,AK02,11,MEPO,204.5
,REF,90837,CPT4,AZ01,11,MBH,137.75
,REF,90837,CPT4,AL07,11,MEPOS,120.82
,REF,90837,CPT4,AL08,11,HMO,142.14
,REF,90837,CPT4,AZ01,11,EAP,90.33
,REF,90837,CPT4,AL03,11,HMOAVN,120.82
,REF,90837,CPT4,CA02,11,,128.02
,REF,90837,CPT4,AL07,11,HMO,142.14
,REF,90837,CPT4,AL05,11,HMO,142.14
,REF,90837,CPT4,AL06,11,MHMO,142.14
,REF,90837,CPT4,CA01,11,QPOS,117.78
,REF,90837,CPT4,AK02,11,MEPO,204.5
,REF,90837,CPT4,CA02,11,HMO,112.96
,REF,90837,CPT4,AL05,11,DHMO,142.14
,REF,90837,CPT4,AK02,11,MEPPO,225.83
,REF,90837,CPT4,AL07,11,DHMO,142.14
,REF,90837,CPT4,AL06,11,MBH,142.14
,REF,90837,CPT4,AR01,11,MEHMO,99.02
,REF,90837,CPT4,AL04,11,NNHMO,120.82
,REF,90837,CPT4,AL07,11,TRICR,142.14
,REF,90837,CPT4,AZ01,11,MPPO,137.75
,REF,90837,CPT4,AZ01,11,,120.44
,REF,90837,CPT4,AL07,11,MEPO,142.14
,REF,90837,CPT4,AZ01,11,ALL,103.31
,REF,90837,CPT4,AL04,11,HMOHRA,142.14
,REF,90837,CPT4,AL08,11,EAP,142.14
,REF,90837,CPT4,AL06,11,NNHMO,142.14
,REF,90837,CPT4,CA01,11,NNHMO,157.04
,REF,90837,CPT4,CA01,11,VPHMO,133.48
,REF,90837,CPT4,AK02,11,MEHMO,153.38
,REF,90837,CPT4,CA04,11,HMOAVN,147.42
,REF,90837,CPT4,CA04,11,MEPPO,110.57
,REF,90837,CPT4,AZ01,11,SLFIN,120.44
,REF,90837,CPT4,AL03,11,,106.61
,REF,90837,CPT4,AL05,11,TRICR,106.61
,REF,90837,CPT4,AL07,11,MWC,106.61
,REF,90837,CPT4,AZ01,11,DPPO,90.33
,REF,90837,CPT4,AL05,11,EAP,142.14
,REF,90837,CPT4,AZ01,11,EAP,120.44
,REF,90837,CPT4,AL08,11,MEPOS,106.61
,REF,90837,CPT4,CA02,11,MCAID,150.61
,REF,90837,CPT4,AK02,11,DPPO,204.5
,REF,90837,CPT4,AL07,11,MEHMO,106.61
,REF,90837,CPT4,AR01,11,HMO,99.02
,REF,90837,CPT4,AZ01,11,HMO,120.44
,REF,90837,CPT4,AL02,11,MC,142.14
,REF,90837,CPT4,AL07,11,MCARE,106.61
,REF,90837,CPT4,AL07,11,QPOS,142.14
,REF,90837,CPT4,AL08,11,MEHMO,106.61
,REF,90837,CPT4,AZ01,11,MEPOS,117.09
,REF,90837,CPT4,AL03,11,ALL,106.61
,REF,90837,CPT4,AL06,11,EAP,106.61
,REF,90837,CPT4,AL02,11,TC,142.14
,REF,90837,CPT4,AK02,11,MEPOS,169.37
,REF,90837,CPT4,AR01,11,HMOHRA,78.49
,REF,90837,CPT4,AZ01,11,MEFFS,120.44
,REF,90837,CPT4,AZ01,11,MEPPO,117.09
,REF,90837,CPT4,AL05,11,MPPO,142.14
,REF,90837,CPT4,AK02,11,EAP,225.83
,REF,90837,CPT4,AL03,11,QPOS,142.14
,REF,90837,CPT4,AZ01,11,TC,103.31
,REF,90837,CPT4,AL02,11,MBH,106.61
,REF,90837,CPT4,AZ01,11,HMOHRA,103.31
,REF,90837,CPT4,AZ01,11,HMO,137.75
,REF,90837,CPT4,AL05,11,DHMO,142.14
,REF,90837,CPT4,AL05,11,MHMO,106.61
,REF,90837,CPT4,AL05,11,MEPO,106.61
,REF,90837,CPT4,CA02,11,MEPOS,150.61
,REF,90837,CPT4,AK02,11,DPPO,169.37
,REF,90837,CPT4,AL07,11,MEPPO,106.61
,REF,90837,CPT4,AL07,11,MC,120.82
,REF,90837,CPT4,CA02,11,POS,128.02
,REF,90837,CPT4,CA02,11,TC,112.96
,REF,90837,CPT4,AR01,11,MEPO,78.49
,REF,90837,CPT4,AL06,11,VPHMO,142.14
,REF,90837,CPT4,AR01,11,MEFFS,78.49
,REF,90837,CPT4,AL03,11,USACC,106.61
,REF,90837,CPT4,AL08,11,EAP,142.14
,REF,90837,CPT4,AL04,11,ALL,142.14
,REF,90837,CPT4,CA04,11,MEHMO,110.57
,REF,90837,CPT4,AK02,11,HMOAVN,225.83
,REF,90837,CPT4,AL08,11,SLFIN,106.61
,REF,90837,CPT4,AL07,11,DPPO,106.61
,REF,90837,CPT4,AR01,11,DHMO,115.92
,REF,90837,CPT4,AR01,11,MCARE,78.49
,REF,90837,CPT4,AK02,11,DPPO,204.5
,REF,90837,CPT4,AK02,11,DHMO,173.83
,REF,90837,CPT4,AK02,11,MEPO,225.83
,REF,90837,CPT4,AL06,11,MHMO,106.61
,REF,90837,CPT4,CA04,11,MEFFS,125.31
,REF,90837,CPT4,AL06,11,VPHMO,142.14
,REF,90837,CPT4,AR01,11,QPOS,78.49
,REF,90837,CPT4,AL04,11,DHMO,106.61
,REF,90837,CPT4,CA02,11,HMOHRA,150.61
,REF,90837,CPT4,CA02,11,MPPO,128.02
,REF,90837,CPT4,AK02,11,MEPOS,173.83
,REF,90837,CPT4,AK02,11,ALL,204.5
,REF,90837,CPT4,CA01,11,HMOHRA,117.78
,REF,90837,CPT4,AZ01,11,MCARE,120.44
,REF,90837,CPT4,AL07,11,MEPOS,142.14
,REF,90837,CPT4,AR01,11,MWC,78.49
,REF,90837,CPT4,AZ01,11,POS,120.44
,REF,90837,CPT4,AL08,11,MCAID,142.14
,REF,90837,CPT4,AL02,11,TRICR,142.14
,REF,90837,CPT4,AL06,11,MEPO,106.61
,REF,90837,CPT4,CA01,11,MBH,157.04
,REF,90837,CPT4,AK02,11,HMO,225.83
,REF,90837,CPT4,CA02,11,USACC,150.61
,REF,90837,CPT4,AL03,11,,142.14
,REF,90837,CPT4,AR01,11,DHMO,78.49
,REF,90837,CPT4,AL06,11,MCAID,142.14
,REF,90837,CPT4,AL07,11,DPPO,142.14
,REF,90837,CPT4,AZ01,11,MEPO,137.75
,REF,90837,CPT4,CA01,11,ALL,117.78
,REF,90837,CPT4,CA02,11,HMO,150.61
,REF,90837,CPT4,AK02,11,NNHMO,169.37
,REF,90837,CPT4,AL05,11,MHMO,142.14
,REF,90837,CPT4,AK02,11,POS,153.38
,REF,90837,CPT4,AZ01,11,MBH,120.44
,REF,90837,CPT4,AR01,11,MEPOS,115.92
,REF,90837,CPT4,AL06,11,MHMO,142.14
,REF,90837,CPT4,CA02,11,NNHMO,112.96
,REF,90837,CPT4,AL02,11,MEPPO,142.14
,REF,90837,CPT4,AL06,11,HMOHRA,142.14
,REF,90837,CPT4,AL04,11,DHMO,142.14
,REF,90837,CPT4,AK02,11,MBH,191.95
,REF,90837,CPT4,AZ01,11,MBH,137.75
,REF,90837,CPT4,AR01,11,TRICR,78.49
,REF,90837,CPT4,AL03,11,TC,106.61
,REF,90837,CPT4,AL07,11,,142.14
,REF,90837,CPT4,AZ01,11,MEHMO,117.09
,REF,90837,CPT4,AL07,11,MC,142.14
,REF,90837,CPT4,AZ01,11,VPHMO,103.31
,REF,90837,CPT4,AL04,11,VPHMO,106.61
,REF,90837,CPT4,AL04,11,QPOS,106.61
,REF,90837,CPT4,AZ01,11,MEPO,120.44
,REF,90837,CPT4,AK02,11,EAP,225.83
,REF,90837,CPT4,CA01,11,USACC,157.04
,REF,90837,CPT4,AK02,11,DHMO,204.5
,REF,90837,CPT4,AL05,11,NNHMO,142.14
,REF,90837,CPT4,AR01,11,MEPOS,78.49
,REF,90837,CPT4,AL05,11,HMOHRA,106.61
,REF,90837,CPT4,CA02,11,MEPOS,150.61
,REF,90837,CPT4,AL08,11,EAP,142.14
,REF,90837,CPT4,AL05,11,MEFFS,106.61
,REF,90837,CPT4,AZ01,11,TRICR,137.75
,REF,90837,CPT4,CA04,11,HMOAVN,110.57
,REF,90837,CPT4,AL03,11,SLFIN,142.14
,REF,90837,CPT4,AL03,11,MPPO,142.14
,REF,90837,CPT4,AK02,11,TRICR,169.37
,REF,90837,CPT4,AZ01,11,HMOHRA,120.44
,REF,90837,CPT4,CA02,11,MEPPO,150.61
,REF,90837,CPT4,AZ01,11,MCAID,137.75
,REF,90837,CPT4,AK02,11,MC,204.5
,REF,90837,CPT4,AR01,11,MEPPO,115.92
,REF,90837,CPT4,AK02,11,DHMO,204.5
,REF,90837,CPT4,CA01,11,MCAID,157.04
,REF,90837,CPT4,AL06,11,MWC,120.82
,REF,90837,CPT4,AL06,11,HMO,142.14
,REF,90837,CPT4,AL02,11,MCARE,142.14
,REF,90837,CPT4,CA01,11,MHMO,157.04
,REF,90837,CPT4,AL04,11,MBH,120.82
,REF,90837,CPT4,CA01,11,HMOAVN,133.48
,REF,90837,CPT4,AL08,11,TRICR,120.82
,REF,90837,CPT4,AZ01,11,MPPO,103.31
,REF,90837,CPT4,CA02,11,HMO,150.61
,REF,90837,CPT4,AL06,11,MEPO,142.14
,REF,90837,CPT4,AL02,11,ALL,142.14
,REF,90837,CPT4,AL04,11,MCAID,142.14
,REF,90837,CPT4,CA01,11,USACC,157.04
,REF,90837,CPT4,AL02,11,MEFFS,142.14
,REF,90837,CPT4,AL08,11,SLFIN,106.61
,REF,90837,CPT4,AL07,11,MBH,142.14
,REF,90837,CPT4,CA02,11,MEPO,128.02
,REF,90837,CPT4,AK02,11,MC,204.5
,REF,90837,CPT4,CA02,11,MCAID,112.96
,REF,90837,CPT4,CA01,11,DHMO,133.48
,REF,90837,CPT4,CA04,11,,110.57
,REF,90837,CPT4,AZ01,11,DPPO,120.44
,REF,90837,CPT4,AL04,11,MC,142.14
,REF,90837,CPT4,AL05,11,NNHMO,106.61
,REF,90837,CPT4,AZ01,11,MCARE,103.31
,REF,90837,CPT4,AL08,11,MC,106.61
,REF,90837,CPT4,CA02,11,MC,150.61
,REF,90837,CPT4,AK02,11,MEPPO,204.5
,REF,90837,CPT4,CA01,11,MEPO,157.04
,REF,90837,CPT4,AL02,11,QPOS,142.14
,REF,90837,CPT4,AL08,11,HMOHRA,142.14
,REF,90837,CPT4,CA01,11,VPHMO,133.48
,REF,90837,CPT4,AK01,11,USACC,225.83
,REF,90837,CPT4,AR01,11,MCARE,78.49
,REF,90837,CPT4,AL04,11,QPOS,120.82
,REF,90837,CPT4,AL03,11,EAP,142.14
,REF,90837,CPT4,AZ01,11,HMOHRA,137.75
,REF,90837,CPT4,AL05,11,ALL,142.14
,REF,90837,CPT4,AK02,11,VPHMO,173.83
,REF,90837,CPT4,AL02,11,ALL,120.82
,REF,90837,CPT4,CA02,11,NNHMO,112.96
,REF,90837,CPT4,CA01,11,USACC,133.48
,REF,90837,CPT4,CA02,11,SLFIN,128.02
,REF,90837,CPT4,CA04,11,DPPO,110.57
,REF,90837,CPT4,AL07,11,ALL,106.61
,REF,90837,CPT4,AZ01,11,MEPPO,90.33
,REF,90837,CPT4,AL02,11,EAP,142.14
,REF,90837,CPT4,AK02,11,TRICR,225.83
,REF,90837,CPT4,AL08,11,MCARE,120.82
,REF,90837,CPT4,AL02,11,MEFFS,142.14
,REF,90837,CPT4,CA01,11,ALL,117.78
,REF,90837,CPT4,AL02,11,HMOAVN,142.14
,REF,90837,CPT4,AL06,11,MEPO,142.14
,REF,90837,CPT4,AZ01,11,MC,137.75
,REF,90837,CPT4,AZ01,11,USACC,90.33
,REF,90837,CPT4,CA01,11,HMOHRA,157.04
,REF,90837,CPT4,AL05,11,USACC,142.14
,REF,90837,CPT4,AR01,11,POS,115.92
,REF,90837,CPT4,CA01,11,MEPO,117.78
,REF,90837,CPT4,AL07,11,MEPOS,142.14
,REF,90837,CPT4,AL03,11,VPHMO,106.61
,REF,90837,CPT4,AK02,11,,191.95
,REF,90837,CPT4,AL08,11,EAP,106.61
,REF,90837,CPT4,AK02,11,HMOHRA,153.38
,REF,90837,CPT4,AK02,11,MEHMO,204.5
,REF,90837,CPT4,AL02,11,MPPO,142.14
,REF,90837,CPT4,AZ01,11,MHMO,90.33
,REF,90837,CPT4,CA01,11,MBH,157.04
,REF,90837,CPT4,CA02,11,MPPO,112.96
,REF,90837,CPT4,AZ01,11,NNHMO,137.75
,REF,90837,CPT4,CA02,11,QPOS,112.96
,REF,90837,CPT4,AK01,11,VPHMO,225.83
,REF,90837,CPT4,AL04,11,POS,142.14
,REF,90837,CPT4,AK02,11,MC,153.38
,REF,90837,CPT4,CA01,11,MEFFS,133.48
,REF,90837,CPT4,AL07,11,QPOS,142.14
,REF,90837,CPT4,AL05,11,ALL,142.14
,REF,90837,CPT4,AK02,11,HMOHRA,204.5
,REF,90837,CPT4,AZ01,11,MEPPO,90.33
,REF,90837,CPT4,CA02,11,EAP,150.61
,REF,90837,CPT4,AL08,11,,142.14
,REF,90837,CPT4,AL08,11,MWC,142.14
,REF,90837,CPT4,AK02,11,MC,173.83
,REF,90837,CPT4,CA02,11,SLFIN,112.96
,REF,90837,CPT4,AL08,11,ALL,142.14
,REF,90837,CPT4,AL06,11,TC,120.82
,REF,90837,CPT4,AR01,11,QPOS,115.92
,REF,90837,CPT4,AL04,11,SLFIN,142.14
,REF,90837,CPT4,AL07,11,,142.14
,REF,90837,CPT4,AL03,11,TC,142.14
,REF,90837,CPT4,CA02,11,MEPPO,150.61
,REF,90837,CPT4,CA02,11,USACC,128.02
,REF,90837,CPT4,AK01,11,USACC,225.83
,REF,90837,CPT4,AL02,11,,106.61
,REF,90837,CPT4,CA01,11,SLFIN,117.78
,REF,90837,CPT4,AZ01,11,ALL,103.31
,REF,90837,CPT4,AL08,11,QPOS,142.14
,REF,90837,CPT4,CA01,11,USACC,157.04
,REF,90837,CPT4,AL06,11,TRICR,120.82
,REF,90837,CPT4,AL08,11,MEHMO,142.14
,REF,90837,CPT4,AL03,11,ALL,120.82
,REF,90837,CPT4,AK02,11,MEPO,169.37
,REF,90837,CPT4,AL08,11,USACC,106.61
,REF,90837,CPT4,CA02,11,HMOAVN,150.61
,REF,90837,CPT4,AZ01,11,MEPPO,103.31
,REF,90837,CPT4,AK02,11,MCARE,173.83
,REF,90837,CPT4,AK02,11,MEPOS,225.83
,REF,90837,CPT4,AL02,11,HMOHRA,106.61
,REF,90837,CPT4,AZ01,11,MBH,117.09
,REF,90837,CPT4,AL03,11,DPPO,120.82
,REF,90837,CPT4,AL06,11,POS,106.61
,REF,90837,CPT4,AZ01,11,DHMO,137.75
,REF,90837,CPT4,AK02,11,NNHMO,204.5
,REF,90837,CPT4,AR01,11,DPPO,115.92
,REF,90837,CPT4,CA04,11,MEHMO,125.31
,REF,90837,CPT4,AL05,11,MCAID,142.14
,REF,90837,CPT4,AZ01,11,MC,137.75
,REF,90837,CPT4,CA01,11,TC,133.48
,REF,90837,CPT4,CA02,11,EAP,112.96
,REF,90837,CPT4,AL04,11,TC,142.14
,REF,90837,CPT4,AL06,11,ALL,106.61
,REF,90837,CPT4,CA02,11,HMO,150.61
,REF,90837,CPT4,CA01,11,MEPOS,117.78
,REF,90837,CPT4,CA01,11,HMOHRA,117.78
,REF,90837,CPT4,AL04,11,USACC,142.14
,REF,90837,CPT4,AK02,11,MWC,204.5
,REF,90837,CPT4,AZ01,11,USACC,103.31
,REF,90837,CPT4,AL05,11,VPHMO,106.61
,REF,90837,CPT4,CA02,11,MEPPO,112.96
,REF,90837,CPT4,AR01,11,MEPPO,78.49
,REF,90837,CPT4,AL08,11,MEPPO,120.82
,REF,90837,CPT4,CA04,11,MHMO,110.57
,REF,90837,CPT4,AK02,11,SLFIN,225.83
,REF,90837,CPT4,AK02,11,NNHMO,225.83
,REF,90837,CPT4,AL04,11,HMOHRA,142.14
,REF,90837,CPT4,CA01,11,QPOS,117.78
,REF,90837,CPT4,AL07,11,MC,120.82
,REF,90837,CPT4,AL08,11,MWC,106.61
,REF,90837,CPT4,AL03,11,POS,142.14
,REF,90837,CPT4,AL04,11,SLFIN,142.14
,REF,90837,CPT4,AK02,11,TRICR,204.5
,REF,90837,CPT4,AZ01,11,DHMO,103.31
,REF,90837,CPT4,CA01,11,MBH,157.04
,REF,90837,CPT4,AL03,11,MWC,106.61
,REF,90837,CPT4,AR01,11,TC,115.92
,REF,90837,CPT4,AZ01,11,MEPOS,137.75
,REF,90837,CPT4,CA04,11,EAP,147.42
,REF,90837,CPT4,AL04,11,ALL,142.14
,REF,90837,CPT4,AL07,11,,142.14
,REF,90837,CPT4,AL08,11,MHMO,142.14
,REF,90837,CPT4,AL05,11,DPPO,106.61
,REF,90837,CPT4,AL08,11,TRICR,142.14
,REF,90837,CPT4,AL02,11,MEPO,142.14
,REF,90837,CPT4,AL08,11,DPPO,106.61
,REF,90837,CPT4,AK02,11,POS,204.5
,REF,90837,CPT4,AK01,11,VPHMO,204.5
,REF,90837,CPT4,AL06,11,NNHMO,142.14
,REF,90837,CPT4,AL06,11,MHMO,142.14
,REF,90837,CPT4,AL04,11,NNHMO,142.14
,REF,90837,CPT4,AK02,11,MC,225.83
,REF,90837,CPT4,AL05,11,MHMO,120.82
,REF,90837,CPT4,AZ01,11,MPPO,137.75
,REF,90837,CPT4,AL03,11,NNHMO,142.14
,REF,90837,CPT4,AL05,11,DPPO,106.61
,REF,90837,CPT4,AZ01,11,MEHMO,137.75
,REF,90837,CPT4,AR01,11,DHMO,78.49
,REF,90837,CPT4,AK02,11,SLFIN,191.95
,REF,90837,CPT4,AR01,11,MEHMO,99.02
,REF,90837,CPT4,AK02,11,MHMO,225.83
,REF,90837,CPT4,CA02,11,HMOAVN,112.96
,REF,90837,CPT4,AK02,11,MEFFS,204.5
,REF,90837,CPT4,AL06,11,MC,142.14
,REF,90837,CPT4,CA01,11,USACC,157.04
,REF,90837,CPT4,AZ01,11,MEPO,117.09
,REF,90837,CPT4,CA02,11,MWC,150.61
,REF,90837,CPT4,AL03,11,MEPOS,106.61
,REF,90837,CPT4,CA04,11,MEPPO,147.42
,REF,90837,CPT4,AR01,11,MHMO,115.92
,REF,90837,CPT4,AL03,11,MHMO,106.61
,REF,90837,CPT4,AZ01,11,NNHMO,103.31
,REF,90837,CPT4,AL06,11,MEHMO,142.14
,REF,90837,CPT4,CA04,11,MBH,110.57
,REF,90837,CPT4,AK02,11,MCAID,153.38
,REF,90837,CPT4,AK02,11,MEFFS,191.95
,REF,90837,CPT4,AK02,11,SLFIN,153.38
,REF,90837,CPT4,AK02,11,HMO,225.83
,REF,90837,CPT4,AR01,11,TRICR,78.49
,REF,90837,CPT4,AL07,11,EAP,142.14
,REF,90837,CPT4,AZ01,11,MEFFS,103.31
,REF,90837,CPT4,AL04,11,TC,106.61
,REF,90837,CPT4,AL07,11,TRICR,120.82
,REF,90837,CPT4,AK02,11,ALL,204.5
,REF,90837,CPT4,AK02,11,DPPO,204.5
,REF,90837,CPT4,AL06,11,MBH,142.14
,REF,90837,CPT4,AL07,11,,106.61
,REF,90837,CPT4,AK02,11,HMOAVN,173.83
,REF,90837,CPT4,AL08,11,HMOHRA,142.14
,REF,90837,CPT4,CA04,11,HMOHRA,147.42
,REF,90837,CPT4,AL02,11,SLFIN,106.61
,REF,90837,CPT4,AK02,11,ALL,225.83
,REF,90837,CPT4,CA01,11,MBH,157.04
,REF,90837,CPT4,AL04,11,MHMO,106.61
,REF,90837,CPT4,CA04,11,MEPPO,147.42
,REF,90837,CPT4,AL02,11,VPHMO,106.61
,REF,90837,CPT4,AK02,11,MWC,225.83
,REF,90837,CPT4,AL08,11,TRICR,142.14
,REF,90837,CPT4,AL08,11,HMO,142.14
,REF,90837,CPT4,AK02,11,TRICR,225.83
,REF,90837,CPT4,AK02,11,MHMO,153.38
,REF,90837,CPT4,CA02,11,TC,150.61
,REF,90837,CPT4,AL03,11,HMO,120.82
,REF,90837,CPT4,CA04,11,MEFFS,125.31
,REF,90837,CPT4,AL06,11,MEPPO,106.61
,REF,90837,CPT4,AL05,11,MCAID,106.61
,REF,90837,CPT4,AK02,11,SLFIN,225.83
,REF,90837,CPT4,AL02,11,POS,142.14
,REF,90837,CPT4,AL03,11,HMOHRA,142.14
,REF,90837,CPT4,AL04,11,TC,142.14
,REF,90837,CPT4,AL04,11,MEPO,142.14
,REF,90837,CPT4,AL08,11,HMOHRA,106.61
,REF,90837,CPT4,CA02,11,HMOHRA,150.61
,REF,90837,CPT4,CA01,11,DPPO,133.48
,REF,90837,CPT4,AZ01,11,EAP,102.37
,REF,90837,CPT4,AL04,11,MPPO,106.61
,REF,90837,CPT4,AK02,11,,169.37
,REF,90837,CPT4,AL08,11,MEPO,120.82
,REF,90837,CPT4,AR01,11,MEPO,115.92
,REF,90837,CPT4,AZ01,11,TC,103.31
,REF,90837,CPT4,AL04,11,MEFFS,142.14
,REF,90837,CPT4,AL02,11,MEFFS,142.14
,REF,90837,CPT4,AL05,11,DPPO,142.14
,REF,90837,CPT4,CA01,11,MCARE,157.04
,REF,90837,CPT4,CA04,11,MCARE,147.42
,REF,90837,CPT4,AR01,11,MWC,78.49
,REF,90837,CPT4,AL03,11,HMOHRA,106.61
,REF,90837,CPT4,AL04,11,POS,120.82
,REF,90837,CPT4,AL05,11,MEPPO,106.61
,REF,90837,CPT4,AL02,11,,142.14
,REF,90837,CPT4,AL07,11,SLFIN,142.14
,REF,90837,CPT4,AL06,11,DPPO,106.61
,REF,90837,CPT4,AL02,11,EAP,106.61
,REF,90837,CPT4,AK02,11,VPHMO,169.37
,REF,90837,CPT4,AZ01,11,MEPO,120.44
,REF,90837,CPT4,AL06,11,,142.14
,REF,90837,CPT4,AL07,11,TC,142.14
,REF,90837,CPT4,AR01,11,MEPPO,78.49
,REF,90837,CPT4,AL04,11,MWC,142.14
,REF,90837,CPT4,AL07,11,MBH,142.14
,REF,90837,CPT4,CA02,11,MEPO,128.02
,REF,90837,CPT4,AL05,11,TRICR,142.14
,REF,90837,CPT4,AL05,11,ALL,120.82
,REF,90837,CPT4,AL04,11,TC,120.82
,REF,90837,CPT4,AR01,11,MCARE,78.49
,REF,90837,CPT4,CA02,11,MPPO,128.02
,REF,90837,CPT4,AL03,11,MC,142.14
,REF,90837,CPT4,CA01,11,TC,157.04
,REF,90837,CPT4,AL07,11,MEHMO,142.14
,REF,90837,CPT4,AL07,11,VPHMO,106.61
,REF,90837,CPT4,CA04,11,MEHMO,147.42
,REF,90837,CPT4,AZ01,11,SLFIN,120.44
,REF,90837,CPT4,AZ01,11,USACC,117.09
,REF,90837,CPT4,AK02,11,EAP,204.5
,REF,90837,CPT4,AL04,11,MPPO,142.14
,REF,90837,CPT4,AK02,11,TRICR,225.83
,REF,90837,CPT4,CA02,11,MCAID,150.61
,REF,90837,CPT4,AL02,11,EAP,106.61
,REF,90837,CPT4,AR01,11,MEPOS,99.02
,REF,90837,CPT4,AZ01,11,MEFFS,120.44
,REF,90837,CPT4,CA04,11,EAP,110.57
,REF,90837,CPT4,AK01,11,VPHMO,225.83
,REF,90837,CPT4,AL08,11,QPOS,106.61
,REF,90837,CPT4,AK02,11,MCAID,204.5
,REF,90837,CPT4,AZ01,11,TRICR,120.44
,REF,90837,CPT4,AL04,11,MPPO,142.14
,REF,90837,CPT4,AK02,11,QPOS,225.83
,REF,90837,CPT4,AZ01,11,SLFIN,137.75
,REF,90837,CPT4,AZ01,11,USACC,103.31
,REF,90837,CPT4,AZ01,11,DPPO,90.33
,REF,90837,CPT4,AL04,11,EAP,142.14
,REF,90837,CPT4,AZ01,11,EAP,102.37
,REF,90837,CPT4,AK02,11,TRICR,204.5
,REF,90837,CPT4,CA01,11,MEHMO,157.04
,REF,90837,CPT4,AL06,11,MC,142.14
,REF,90837,CPT4,AR01,11,MEPO,115.92
,REF,90837,CPT4,AL07,11,MEFFS,106.61
,REF,90837,CPT4,AL04,11,VPHMO,142.14
,REF,90837,CPT4,AR01,11,MEHMO,78.49
,REF,90837,CPT4,AZ01,11,POS,137.75
,REF,90837,CPT4,AR01,11,HMOAVN,115.92
,REF,90837,CPT4,AL03,11,MEHMO,142.14
,REF,90837,CPT4,AL06,11,USACC,142.14
,REF,90837,CPT4,AL05,11,POS,106.61
,REF,90837,CPT4,CA04,11,HMOAVN,147.42
,REF,90837,CPT4,AR01,11,MEPPO,115.92
,REF,90837,CPT4,AL05,11,MC,106.61
,REF,90837,CPT4,CA02,11,HMOAVN,150.61
,REF,90837,CPT4,AK02,11,SLFIN,204.5
,REF,90837,CPT4,AZ01,11,POS,137.75
,REF,90837,CPT4,AL08,11,MCARE,142.14
,REF,90837,CPT4,AL03,11,MCAID,142.14
,REF,90837,CPT4,CA01,11,TC,117.78
,REF,90837,CPT4,AK02,11,MWC,153.38
,REF,90837,CPT4,AK02,11,USACC,204.5
,REF,90837,CPT4,AR01,11,MHMO,78.49
,REF,90837,CPT4,AK02,11,DHMO,153.38
,REF,90837,CPT4,AR01,11,DPPO,78.49
,REF,90837,CPT4,AL08,11,USACC,142.14
,REF,90837,CPT4,AK02,11,VPHMO,173.83
,REF,90837,CPT4,AL04,11,MEHMO,120.82
,REF,90837,CPT4,AR01,11,VPHMO,78.49
,REF,90837,CPT4,AL07,11,MBH,142.14
,REF,90837,CPT4,AL04,11,MEPPO,120.82
,REF,90837,CPT4,AK02,11,TC,173.83
,REF,90837,CPT4,AL03,11,DHMO,142.14
,REF,90837,CPT4,AK02,11,SLFIN,225.83
,REF,90837,CPT4,AL06,11,DPPO,120.82
,REF,90837,CPT4,AL06,11,MCARE,106.61
,REF,90837,CPT4,AL05,11,MBH,142.14
,REF,90837,CPT4,CA01,11,VPHMO,117.78
,REF,90837,CPT4,AL05,11,DHMO,142.14
,REF,90837,CPT4,CA01,11,MEHMO,117.78
,REF,90837,CPT4,AK02,11,ALL,225.83
,REF,90837,CPT4,AL07,11,MEPO,142.14
,REF,90837,CPT4,AL08,11,MWC,142.14
,REF,90837,CPT4,CA04,11,ALL,147.42
,REF,90837,CPT4,AZ01,11,DPPO,120.44
,REF,90837,CPT4,CA04,11,HMO,125.31
,REF,90837,CPT4,AL02,11,MEPPO,120.82
,REF,90837,CPT4,CA02,11,,150.61
,REF,90837,CPT4,AR01,11,POS,78.49
,REF,90837,CPT4,AL07,11,MEPOS,142.14
,REF,90837,CPT4,AL04,11,MHMO,106.61
,REF,90837,CPT4,AK01,11,USACC,153.38
,REF,90837,CPT4,CA01,11,,157.04
,REF,90837,CPT4,AZ01,11,MEFFS,103.31
,REF,90837,CPT4,CA04,11,MEPOS,125.31
,REF,90837,CPT4,CA01,11,NNHMO,117.78
,REF,90837,CPT4,CA01,11,USACC,157.04
,REF,90837,CPT4,AL03,11,SLFIN,120.82
,REF,90837,CPT4,AK02,11,MBH,204.5
,REF,90837,CPT4,AL04,11,NNHMO,120.82
,REF,90837,CPT4,AZ01,11,HMO,137.75
,REF,90837,CPT4,AR01,11,MEFFS,115.92
,REF,90837,CPT4,AR01,11,EAP,115.92
,REF,90837,CPT4,AK02,11,MBH,225.83
,REF,90837,CPT4,AL08,11,MEFFS,120.82
,REF,90837,CPT4,AZ01,11,TRICR,90.33
,REF,90837,CPT4,AZ01,11,TRICR,120.44
,REF,90837,CPT4,AL02,11,MHMO,120.82
,REF,90837,CPT4,AR01,11,EAP,115.92
,REF,90837,CPT4,AK02,11,NNHMO,204.5
,REF,90837,CPT4,AZ01,11,HMOHRA,120.44
,REF,90837,CPT4,AL04,11,MCARE,106.61
,REF,90837,CPT4,AL03,11,MPPO,142.14
,REF,90837,CPT4,CA02,11,HMOHRA,150.61
,REF,90837,CPT4,AL06,11,MC,106.61
,REF,90837,CPT4,CA04,11,HMOHRA,147.42
,REF,90837,CPT4,AL05,11,POS,142.14
,REF,90837,CPT4,CA04,11,MEHMO,110.57
,REF,90837,CPT4,AL07,11,HMOAVN,106.61
,REF,90837,CPT4,AK02,11,MEPPO,225.83
,REF,90837,CPT4,AZ01,11,MHMO,120.44
,REF,90837,CPT4,AK02,11,TC,191.95
,REF,90837,CPT4,AK02,11,ALL,191.95
,REF,90837,CPT4,AL06,11,EAP,142.14
,REF,90837,CPT4,AL02,11,MEFFS,106.61
,REF,90837,CPT4,AL07,11,EAP,120.82
,REF,90837,CPT4,CA04,11,HMO,110.57
,REF,90837,CPT4,AL08,11,TC,142.14
,REF,90837,CPT4,AL02,11,NNHMO,142.14
,REF,90837,CPT4,AR01,11,HMOAVN,99.02
,REF,90837,CPT4,AL06,11,POS,142.14
,REF,90837,CPT4,CA02,11,MHMO,150.61
,REF,90837,CPT4,CA02,11,MEPPO,128.02
,REF,90837,CPT4,CA02,11,HMOHRA,112.96
,REF,90837,CPT4,AL06,11,MEPOS,106.61
,REF,90837,CPT4,AL03,11,HMOAVN,142.14
,REF,90837,CPT4,AL07,11,MHMO,106.61
,REF,90837,CPT4,AK02,11,HMOAVN,225.83
,REF,90837,CPT4,AL07,11,QPOS,106.61
,REF,90837,CPT4,AK02,11,MEPO,204.5
,REF,90837,CPT4,AL03,11,MCAID,120.82
,REF,90837,CPT4,AL06,11,QPOS,142.14
,REF,90837,CPT4,AL02,11,ALL,106.61
,REF,90837,CPT4,CA02,11,ALL,150.61
,REF,90837,CPT4,AK01,11,USACC,173.83
,REF,90837,CPT4,AR01,11,POS,78.49
,REF,90837,CPT4,AL06,11,MEFFS,106.61
,REF,90837,CPT4,AL02,11,SLFIN,142.14
,REF,90837,CPT4,CA02,11,MEFFS,112.96
,REF,90837,CPT4,CA04,11,MCAID,125.31
,REF,90837,CPT4,CA01,11,DHMO,133.48
,REF,90837,CPT4,CA02,11,TC,150.61
,REF,90837,CPT4,AL07,11,MEPPO,106.61
,REF,90837,CPT4,CA02,11,MWC,150.61
,REF,90837,CPT4,AL04,11,MEPPO,120.82
,REF,90837,CPT4,CA01,11,MCAID,117.78
,REF,90837,CPT4,CA04,11,MCAID,147.42
,REF,90837,CPT4,AZ01,11,HMOHRA,137.75
,REF,90837,CPT4,AL05,11,MCARE,120.82
,REF,90837,CPT4,AR01,11,MWC,115.92
,REF,90837,CPT4,AL05,11,EAP,142.14
,REF,90837,CPT4,AL08,11,HMOHRA,142.14
,REF,90837,CPT4,CA04,11,MEPPO,147.42
,REF,90837,CPT4,AZ01,11,MEFFS,137.75
,REF,90837,CPT4,CA02,11,USACC,112.96
,REF,90837,CPT4,AR01,11,DPPO,99.02
,REF,90837,CPT4,AZ01,11,HMOHRA,90.33
,REF,90837,CPT4,CA04,11,MEHMO,147.42
,REF,90837,CPT4,AL06,11,QPOS,106.61
,REF,90837,CPT4,AL02,11,MC,142.14
,REF,90837,CPT4,AL06,11,MWC,142.14
,REF,90837,CPT4,AK02,11,HMOHRA,153.38
,REF,90837,CPT4,AL06,11,HMO,106.61
,REF,90837,CPT4,CA01,11,MCAID,133.48
,REF,90837,CPT4,AZ01,11,TC,102.37
,REF,90837,CPT4,AL02,11,DPPO,106.61
,REF,90837,CPT4,AL08,11,MPPO,120.82
,REF,90837,CPT4,AL05,11,NNHMO,142.14
,REF,90837,CPT4,CA02,11,MCAID,112.96
,REF,90837,CPT4,AL05,11,HMOAVN,142.14
,REF,90837,CPT4,CA04,11,MC,147.42
,REF,90837,CPT4,AK02,11,MEPOS,153.38
,REF,90837,CPT4,AL07,11,,142.14
,REF,90837,CPT4,AZ01,11,MHMO,120.44
,REF,90837,CPT4,AL04,11,ALL,142.14
,REF,90837,CPT4,AZ01,11,ALL,120.44
,REF,90837,CPT4,AL03,11,DPPO,120.82
,REF,90837,CPT4,AK01,11,USACC,191.95
,REF,90837,CPT4,CA02,11,SLFIN,150.61
,REF,90837,CPT4,CA01,11,,157.04
,REF,90837,CPT4,CA04,11,MEPO,110.57
,REF,90837,CPT4,AK02,11,NNHMO,153.38
,REF,90837,CPT4,AZ01,11,POS,137.75
,REF,90837,CPT4,AK02,11,MCAID,204.5
,REF,90837,CPT4,AL05,11,QPOS,142.14
,REF,90837,CPT4,CA02,11,,150.61
,REF,90837,CPT4,AL02,11,DHMO,106.61
,REF,90837,CPT4,AL08,11,EAP,142.14
,REF,90837,CPT4,AZ01,11,USACC,103.31
,REF,90837,CPT4,AZ01,11,MCAID,103.31
,REF,90837,CPT4,AL05,11,USACC,120.82
,REF,90837,CPT4,AL04,11,MC,106.61
,REF,90837,CPT4,AL02,11,QPOS,142.14
,REF,90837,CPT4,CA01,11,USACC,117.78
,REF,90837,CPT4,AZ01,11,TC,137.75
,REF,90837,CPT4,CA02,11,MWC,112.96
,REF,90837,CPT4,AK02,11,EAP,169.37
,REF,90837,CPT4,AL04,11,USACC,106.61
,REF,90837,CPT4,AZ01,11,NNHMO,90.33
,REF,90837,CPT4,AL05,11,QPOS,142.14
,REF,90837,CPT4,AL02,11,DHMO,120.82
,REF,90837,CPT4,AK02,11,MC,153.38
,REF,90837,CPT4,AZ01,11,MCARE,120.44
,REF,90837,CPT4,AL07,11,HMOHRA,106.61
,REF,90837,CPT4,AK02,11,POS,191.95
,REF,90837,CPT4,AL08,11,NNHMO,120.82
,REF,90837,CPT4,AK02,11,POS,169.37
,REF,90837,CPT4,CA01,11,SLFIN,157.04
,REF,90837,CPT4,AL08,11,DHMO,142.14
,REF,90837,CPT4,CA01,11,MWC,117.78
,REF,90837,CPT4,AL04,11,POS,142.14
,REF,90837,CPT4,AL06,11,DHMO,106.61
,REF,90837,CPT4,AZ01,11,EAP,120.44
,REF,90837,CPT4,AL05,11,VPHMO,106.61
,REF,90837,CPT4,AL05,11,EAP,106.61
,REF,90837,CPT4,AR01,11,EAP,78.49
,REF,90837,CPT4,CA01,11,MPPO,117.78
,REF,90837,CPT4,AL08,11,MEPOS,142.14
,REF,90837,CPT4,AL02,11,MEPOS,142.14
,REF,90837,CPT4,AL02,11,MPPO,106.61
,REF,90837,CPT4,AZ01,11,MEPPO,90.33
,REF,90837,CPT4,AL04,11,MEHMO,142.14
,REF,90837,CPT4,AZ01,11,MCAID,117.09
,REF,90837,CPT4,AK02,11,MPPO,225.83
,REF,90837,CPT4,AL06,11,MCAID,142.14
,REF,90837,CPT4,AL03,11,MEPPO,106.61
,REF,90837,CPT4,AL08,11,DPPO,106.61
,REF,90837,CPT4,AR01,11,,78.49
,REF,90837,CPT4,AK02,11,MBH,204.5
,REF,90837,CPT4,AL04,11,MBH,142.14
,REF,90837,CPT4,AZ01,11,MEPPO,137.75
,REF,90837,CPT4,AZ01,11,DHMO,117.09
,REF,90837,CPT4,AL07,11,TC,142.14
,REF,90837,CPT4,AK02,11,TC,169.37
,REF,90837,CPT4,AL03,11,ALL,142.14
,REF,90837,CPT4,AL05,11,MHMO,120.82
,REF,90837,CPT4,AL08,11,SLFIN,142.14
,REF,90837,CPT4,AL04,11,QPOS,142.14
,REF,90837,CPT4,CA02,11,HMOAVN,150.61
,REF,90837,CPT4,AL07,11,MEHMO,120.82
,REF,90837,CPT4,AL05,11,MHMO,142.14
,REF,90837,CPT4,AL07,11,HMOHRA,106.61
,REF,90837,CPT4,AZ01,11,MPPO,120.44
,REF,90837,CPT4,AL05,11,TRICR,106.61
,REF,90837,CPT4,AL04,11,MEPO,106.61
,REF,90837,CPT4,AZ01,11,TRICR,103.31
,REF,90837,CPT4,AK02,11,POS,169.37
,REF,90837,CPT4,CA01,11,MPPO,157.04
,REF,90837,CPT4,AL04,11,VPHMO,142.14
,REF,90837,CPT4,CA01,11,HMOHRA,117.78
,REF,90837,CPT4,AZ01,11,MHMO,120.44
,REF,90837,CPT4,AK02,11,MEHMO,173.83
,REF,90837,CPT4,CA02,11,,112.96
,REF,90837,CPT4,AL06,11,HMO,142.14
,REF,90837,CPT4,AK02,11,MEFFS,225.83
,REF,90837,CPT4,AZ01,11,MHMO,137.75
,REF,90837,CPT4,AL06,11,POS,106.61
,REF,90837,CPT4,AL02,11,MEPPO,106.61
,REF,90837,CPT4,AR01,11,MEPOS,78.49
,REF,90837,CPT4,AL04,11,MHMO,142.14
,REF,90837,CPT4,AL02,11,HMOHRA,120.82
,REF,90837,CPT4,AZ01,11,QPOS,103.31
,REF,90837,CPT4,AL04,11,VPHMO,142.14
,REF,90837,CPT4,CA01,11,DPPO,157.04
,REF,90837,CPT4,AL06,11,MEPO,142.14
,REF,90837,CPT4,AL07,11,HMOAVN,142.14
,REF,90837,CPT4,AL08,11,DHMO,106.61
,REF,90837,CPT4,CA01,11,MEPO,157.04
,REF,90837,CPT4,AL04,11,EAP,106.61
,REF,90837,CPT4,AL05,11,VPHMO,142.14
,REF,90837,CPT4,AZ01,11,HMOHRA,120.44
,REF,90837,CPT4,AR01,11,MEPOS,115.92
,REF,90837,CPT4,CA04,11,EAP,147.42
,REF,90837,CPT4,CA04,11,,147.42
,REF,90837,CPT4,AR01,11,EAP,115.92
,REF,90837,CPT4,AL03,11,EAP,142.14
,REF,90837,CPT4,CA04,11,,125.31
,REF,90837,CPT4,AL04,11,HMOHRA,106.61
,REF,90837,CPT4,AL02,11,MC,142.14
,REF,90837,CPT4,AZ01,11,EAP,103.31
,REF,90837,CPT4,CA04,11,ALL,110.57
,REF,90837,CPT4,AL05,11,MEHMO,106.61
,REF,90837,CPT4,AL08,11,QPOS,106.61
,REF,90837,CPT4,AZ01,11,MCAID,120.44
,REF,90837,CPT4,AL03,11,MEPPO,142.14
,REF,90837,CPT4,AK02,11,HMOAVN,225.83
,REF,90837,CPT4,CA02,11,DPPO,150.61
,REF,90837,CPT4,AL06,11,HMOHRA,142.14
,REF,90837,CPT4,CA04,11,MC,110.57
,REF,90837,CPT4,AZ01,11,HMOHRA,102.37
,REF,90837,CPT4,AL07,11,MBH,106.61
,REF,90837,CPT4,AZ01,11,MCAID,103.31
,REF,90837,CPT4,AL06,11,MEPPO,142.14
,REF,90837,CPT4,AR01,11,HMOAVN,78.49
,REF,90837,CPT4,AL08,11,DHMO,106.61
,REF,90837,CPT4,AL07,11,VPHMO,142.14
,REF,90837,CPT4,AK02,11,QPOS,173.83
,REF,90837,CPT4,AK02,11,DHMO,153.38
,REF,90837,CPT4,AK02,11,MEHMO,225.83
,REF,90837,CPT4,AZ01,11,HMO,117.09
,REF,90837,CPT4,AZ01,11,QPOS,120.44
,REF,90837,CPT4,AL02,11,,120.82
,REF,90837,CPT4,AR01,11,DPPO,115.92
,REF,90837,CPT4,CA01,11,MEFFS,133.48
,REF,90837,CPT4,AL06,11,DPPO,120.82
,REF,90837,CPT4,AZ01,11,MPPO,103.31
,REF,90837,CPT4,AZ01,11,EAP,120.44
,REF,90837,CPT4,AK01,11,USACC,153.38
,REF,90837,CPT4,AK02,11,MBH,153.38
,REF,90837,CPT4,AL08,11,DHMO,142.14
,REF,90837,CPT4,AR01,11,MBH,115.92
,REF,90837,CPT4,AZ01,11,QPOS,120.44
,REF,90837,CPT4,AL04,11,MEHMO,106.61
,REF,90837,CPT4,AZ01,11,MPPO,137.75
,REF,90837,CPT4,CA02,11,MHMO,150.61
,REF,90837,CPT4,AL03,11,HMOHRA,106.61
,REF,90837,CPT4,AL03,11,POS,106.61
,REF,90837,CPT4,AZ01,11,MEHMO,90.33
,REF,90837,CPT4,AL06,11,MEPO,142.14
,REF,90837,CPT4,AK02,11,MCAID,204.5
,REF,90837,CPT4,AL02,11,,142.14
,REF,90837,CPT4,CA04,11,DPPO,110.57
,REF,90837,CPT4,AL06,11,MEPO,106.61
,REF,90837,CPT4,AL02,11,QPOS,106.61
,REF,90837,CPT4,AZ01,11,DHMO,117.09
,REF,90837,CPT4,CA01,11,TC,133.48
,REF,90837,CPT4,AL08,11,MPPO,106.61
,REF,90837,CPT4,CA01,11,MEPPO,157.04
,REF,90837,CPT4,AL02,11,MEPOS,142.14
,REF,90837,CPT4,AL03,11,VPHMO,142.14
,REF,90837,CPT4,AL05,11,USACC,106.61
,REF,90837,CPT4,AL06,11,DHMO,142.14
,REF,90837,CPT4,CA02,11,MEPOS,112.96
,REF,90837,CPT4,AL03,11,MEPO,106.61
,REF,90837,CPT4,AL08,11,MPPO,142.14
,REF,90837,CPT4,AL05,11,HMOHRA,106.61
,REF,90837,CPT4,AL08,11,MEFFS,142.14
,REF,90837,CPT4,AL05,11,HMOHRA,142.14
,REF,90837,CPT4,CA01,11,TC,157.04
,REF,90837,CPT4,AL07,11,MEPO,120.82
,REF,90837,CPT4,AZ01,11,MBH,120.44
,REF,90837,CPT4,AL06,11,USACC,142.14
,REF,90837,CPT4,AK02,11,MC,169.37
,REF,90837,CPT4,CA01,11,ALL,117.78
,REF,90837,CPT4,CA02,11,USACC,128.02
,REF,90837,CPT4,AK02,11,TRICR,173.83
,REF,90837,CPT4,AK02,11,HMO,225.83
,REF,90837,CPT4,AZ01,11,ALL,120.44
,REF,90837,CPT4,AL04,11,EAP,142.14
,REF,90837,CPT4,CA01,11,MBH,117.78
,REF,90837,CPT4,AK02,11,MC,204.5
,REF,90837,CPT4,AL04,11,HMO,106.61
,REF,90837,CPT4,AL05,11,,142.14
,REF,90837,CPT4,AL07,11,MEPPO,120.82
,REF,90837,CPT4,CA01,11,TRICR,117.78
,REF,90837,CPT4,AL07,11,POS,142.14
,REF,90837,CPT4,AL06,11,MEFFS,120.82
,REF,90837,CPT4,CA02,11,TC,150.61
,REF,90837,CPT4,AL08,11,ALL,120.82
,REF,90837,CPT4,AR01,11,MEPO,78.49
,REF,90837,CPT4,AR01,11,EAP,99.02
,REF,90837,CPT4,AZ01,11,HMO,120.44
,REF,90837,CPT4,AK02,11,USACC,204.5
,REF,90837,CPT4,AL07,11,MC,142.14
,REF,90837,CPT4,AZ01,11,EAP,137.75
,REF,90837,CPT4,AK02,11,HMOAVN,225.83
,REF,90837,CPT4,AZ01,11,MEPOS,103.31
,REF,90837,CPT4,AL08,11,HMOAVN,142.14
,REF,90837,CPT4,AK02,11,MEHMO,191.95
,REF,90837,CPT4,CA04,11,MEPPO,110.57
,REF,90837,CPT4,CA02,11,POS,112.96
,REF,90837,CPT4,AK02,11,,169.37
,REF,90837,CPT4,AL07,11,TRICR,142.14
,REF,90837,CPT4,AR01,11,POS,78.49
,REF,90837,CPT4,AZ01,11,MBH,90.33
,REF,90837,CPT4,AZ01,11,MEFFS,103.31
,REF,90837,CPT4,AL05,11,EAP,120.82
,REF,90837,CPT4,AR01,11,MWC,115.92
,REF,90837,CPT4,AL03,11,MWC,142.14
,REF,90837,CPT4,CA02,11,DPPO,112.96
,REF,90837,CPT4,AL05,11,MPPO,142.14
,REF,90837,CPT4,AR01,11,TRICR,78.49
,REF,90837,CPT4,AL04,11,,106.61
,REF,90837,CPT4,CA02,11,MCARE,128.02
,REF,90837,CPT4,AL04,11,USACC,106.61
,REF,90837,CPT4,AL03,11,POS,142.14
,REF,90837,CPT4,CA04,11,MEPO,147.42
,REF,90837,CPT4,AL02,11,VPHMO,142.14
,REF,90837,CPT4,CA01,11,HMO,157.04
,REF,90837,CPT4,AL02,11,NNHMO,142.14
,REF,90837,CPT4,AK02,11,MHMO,225.83
,REF,90837,CPT4,AK02,11,SLFIN,225.83
,REF,90837,CPT4,CA01,11,MC,133.48
,REF,90837,CPT4,AK02,11,MCAID,173.83
,REF,90837,CPT4,AL06,11,MPPO,106.61
,REF,90837,CPT4,AL03,11,ALL,142.14
,REF,90837,CPT4,AL02,11,HMO,106.61
,REF,90837,CPT4,AL07,11,MHMO,106.61
,REF,90837,CPT4,AL04,11,POS,106.61
,REF,90837,CPT4,AL06,11,POS,106.61
,REF,90837,CPT4,AL08,11,TC,142.14
,REF,90837,CPT4,AL06,11,DHMO,106.61
,REF,90837,CPT4,AZ01,11,QPOS,137.75
,REF,90837,CPT4,CA02,11,MHMO,150.61
,REF,90837,CPT4,AL08,11,MPPO,142.14
,REF,90837,CPT4,AL06,11,SLFIN,142.14
,REF,90837,CPT4,AK02,11,TC,204.5
,REF,90837,CPT4,AZ01,11,HMOHRA,120.44
,REF,90837,CPT4,AL07,11,TRICR,106.61
,REF,90837,CPT4,CA02,11,MCAID,150.61
,REF,90837,CPT4,AK02,11,EAP,225.83
,REF,90837,CPT4,AK02,11,HMO,169.37
,REF,90837,CPT4,CA02,11,MCAID,112.96
,REF,90837,CPT4,AL04,11,DPPO,106.61
,REF,90837,CPT4,AL04,11,TRICR,142.14
,REF,90837,CPT4,AZ01,11,EAP,90.33
,REF,90837,CPT4,AZ01,11,MEPOS,120.44
,REF,90837,CPT4,AK02,11,SLFIN,204.5
,REF,90837,CPT4,AL07,11,MWC,142.14
,REF,90837,CPT4,AK02,11,ALL,204.5
,REF,90837,CPT4,AL02,11,MPPO,142.14
,REF,90837,CPT4,AR01,11,HMOAVN,78.49
,REF,90837,CPT4,AL06,11,MC,106.61
,REF,90837,CPT4,AK02,11,HMO,225.83
,REF,90837,CPT4,AZ01,11,,120.44
,REF,90837,CPT4,AL04,11,MCAID,142.14
,REF,90837,CPT4,AK02,11,MEPPO,153.38
,REF,90837,CPT4,AK02,11,DHMO,204.5
,REF,90837,CPT4,AL06,11,,142.14
,REF,90837,CPT4,AL03,11,EAP,106.61
,REF,90837,CPT4,AL08,11,MWC,106.61
,REF,90837,CPT4,AL08,11,QPOS,142.14
,REF,90837,CPT4,AL04,11,HMO,120.82
,REF,90837,CPT4,CA02,11,DHMO,150.61
,REF,90837,CPT4,AL06,11,DPPO,142.14
,REF,90837,CPT4,CA01,11,USACC,117.78
,REF,90837,CPT4,AZ01,11,MEHMO,117.09
,REF,90837,CPT4,AZ01,11,HMOHRA,137.75
,REF,90837,CPT4,AL08,11,MEPOS,106.61
,REF,90837,CPT4,AL05,11,HMOHRA,120.82
,REF,90837,CPT4,CA04,11,MCARE,110.57
,REF,90837,CPT4,CA02,11,MEPOS,112.96
,REF,90837,CPT4,AL07,11,EAP,120.82
,REF,90837,CPT4,AL02,11,MC,120.82
,REF,90837,CPT4,AZ01,11,MC,90.33
,REF,90837,CPT4,CA02,11,SLFIN,112.96
,REF,90837,CPT4,AL06,11,HMOAVN,142.14
,REF,90837,CPT4,AL03,11,SLFIN,142.14
,REF,90837,CPT4,AL05,11,MWC,142.14
,REF,90837,CPT4,AL04,11,MEPPO,142.14
,REF,90837,CPT4,AL06,11,HMO,120.82
,REF,90837,CPT4,CA02,11,MCARE,150.61
,REF,90837,CPT4,AL07,11,TC,106.61
,REF,90837,CPT4,AZ01,11,MCARE,137.75
,REF,90837,CPT4,AL03,11,MC,120.82
,REF,90837,CPT4,AK02,11,MC,173.83
,REF,90837,CPT4,CA01,11,MEPO,157.04
,REF,90837,CPT4,AL04,11,USACC,142.14
,REF,90837,CPT4,AK02,11,DPPO,169.37
,REF,90837,CPT4,CA01,11,DHMO,133.48
,REF,90837,CPT4,AL02,11,DPPO,142.14
,REF,90837,CPT4,AZ01,11,HMOHRA,90.33
,REF,90837,CPT4,AL02,11,MCARE,106.61
,REF,90837,CPT4,AZ01,11,DHMO,102.37
,REF,90837,CPT4,CA04,11,MEPOS,147.42
,REF,90837,CPT4,AL04,11,MPPO,142.14
,REF,90837,CPT4,AK02,11,EAP,225.83
,REF,90837,CPT4,AZ01,11,MEFFS,103.31
,REF,90837,CPT4,AL07,11,MEPPO,142.14
,REF,90837,CPT4,AL05,11,,142.14
,REF,90837,CPT4,AR01,11,HMOAVN,115.92
,REF,90837,CPT4,AZ01,11,MCAID,120.44
,REF,90837,CPT4,AL05,11,SLFIN,142.14
,REF,90837,CPT4,AL04,11,MEPO,106.61
,REF,90837,CPT4,CA04,11,DPPO,110.57
,REF,90837,CPT4,AK02,11,MCAID,169.37
,REF,90837,CPT4,AK02,11,MHMO,191.95
,REF,90837,CPT4,AL02,11,MCAID,142.14
,REF,90837,CPT4,AL03,11,MBH,106.61
,REF,90837,CPT4,AL02,11,MC,106.61
,REF,90837,CPT4,AK02,11,TC,225.83
,REF,90837,CPT4,AL08,11,MEPPO,142.14
,REF,90837,CPT4,AK02,11,DHMO,225.83
,REF,90837,CPT4,AR01,11,MCARE,78.49
,REF,90837,CPT4,CA01,11,USACC,133.48
,REF,90837,CPT4,AL06,11,MEPOS,142.14
,REF,90837,CPT4,AK02,11,QPOS,225.83
,REF,90837,CPT4,CA01,11,HMO,157.04
,REF,90837,CPT4,AL05,11,TC,106.61
,REF,90837,CPT4,AL08,11,HMOAVN,120.82
,REF,90837,CPT4,CA04,11,MEPPO,147.42
,REF,90837,CPT4,AL03,11,VPHMO,142.14
,REF,90837,CPT4,AL03,11,MC,120.82
,REF,90837,CPT4,CA02,11,,150.61
,REF,90837,CPT4,AR01,11,MEPO,78.49
,REF,90837,CPT4,AL05,11,,106.61
,REF,90837,CPT4,AR01,11,MEPPO,99.02
,REF,90837,CPT4,AZ01,11,USACC,137.75
,REF,90837,CPT4,AL07,11,DHMO,106.61
,REF,90837,CPT4,CA02,11,TRICR,112.96
,REF,90837,CPT4,AL04,11,POS,142.14
,REF,90837,CPT4,AL08,11,USACC,142.14
,REF,90837,CPT4,AL07,11,MHMO,142.14
,REF,90837,CPT4,AL06,11,POS,120.82
,REF,90837,CPT4,AL06,11,MEPPO,106.61
,REF,90837,CPT4,AZ01,11,MBH,120.44
,REF,90837,CPT4,AK02,11,HMOHRA,204.5
,REF,90837,CPT4,AL06,11,MWC,142.14
,REF,90837,CPT4,AL02,11,MEFFS,106.61
,REF,90837,CPT4,AK02,11,DHMO,225.83
,REF,90837,CPT4,AZ01,11,MC,137.75
,REF,90837,CPT4,AL05,11,MCAID,106.61
,REF,90837,CPT4,CA02,11,MEPOS,150.61
,REF,90837,CPT4,CA02,11,MEPO,112.96
,REF,90837,CPT4,AL08,11,QPOS,106.61
,REF,90837,CPT4,AZ01,11,NNHMO,102.37
,REF,90837,CPT4,AL04,11,TC,142.14
,REF,90837,CPT4,AL06,11,POS,142.14
,REF,90837,CPT4,AR01,11,DPPO,78.49
,REF,90837,CPT4,AK01,11,USACC,225.83
,REF,90837,CPT4,CA04,11,EAP,147.42
,REF,90837,CPT4,AZ01,11,QPOS,103.31
,REF,90837,CPT4,AL08,11,MC,142.14
,REF,90837,CPT4,AR01,11,DHMO,78.49
,REF,90837,CPT4,AZ01,11,HMOAVN,120.44
,REF,90837,CPT4,AL05,11,USACC,120.82
,REF,90837,CPT4,AL04,11,MBH,106.61
,REF,90837,CPT4,AK02,11,MEPOS,225.83
,REF,90837,CPT4,AL04,11,DPPO,106.61
,REF,90837,CPT4,AZ01,11,HMO,120.44
,REF,90837,CPT4,AR01,11,TC,78.49
,REF,90837,CPT4,AR01,11,MCARE,115.92
,REF,90837,CPT4,AR01,11,DHMO,78.49
,REF,90837,CPT4,AL03,11,HMOHRA,120.82
,REF,90837,CPT4,AZ01,11,USACC,102.37
,REF,90837,CPT4,AZ01,11,MWC,117.09
,REF,90837,CPT4,AL06,11,ALL,106.61
,REF,90837,CPT4,CA01,11,DHMO,157.04
,REF,90837,CPT4,CA04,11,MBH,147.42
,REF,90837,CPT4,AL08,11,MCAID,120.82
,REF,90837,CPT4,CA01,11,MC,157.04
,REF,90837,CPT4,AL08,11,MWC,142.14
,REF,90837,CPT4,AL03,11,MWC,106.61
,REF,90837,CPT4,AL03,11,MEFFS,120.82
,REF,90837,CPT4,AL08,11,HMOAVN,142.14
,REF,90837,CPT4,AZ01,11,MCARE,90.33
,REF,90837,CPT4,AZ01,11,MCARE,103.31
,REF,90837,CPT4,AR01,11,MC,78.49
,REF,90837,CPT4,AL05,11,QPOS,106.61
,REF,90837,CPT4,AL08,11,SLFIN,106.61
,REF,90837,CPT4,CA02,11,HMO,150.61
,REF,90837,CPT4,AR01,11,ALL,78.49
,REF,90837,CPT4,AL02,11,MCAID,120.82
,REF,90837,CPT4,AL05,11,VPHMO,142.14
,REF,90837,CPT4,AL06,11,TC,120.82
,REF,90837,CPT4,AL07,11,MHMO,142.14
,REF,90837,CPT4,AL02,11,MEPPO,106.61
,REF,90837,CPT4,CA02,11,TRICR,150.61
,REF,90837,CPT4,AK02,11,VPHMO,204.5
,REF,90837,CPT4,CA01,11,MBH,157.04
,REF,90837,CPT4,AL06,11,MEHMO,106.61
,REF,90837,CPT4,AL05,11,MCARE,142.14
,REF,90837,CPT4,AZ01,11,MEPO,137.75
,REF,90837,CPT4,AL02,11,USACC,142.14
,REF,90837,CPT4,AL04,11,VPHMO,142.14
,REF,90837,CPT4,AL07,11,USACC,142.14
,REF,90837,CPT4,AK01,11,VPHMO,169.37
,REF,90837,CPT4,AZ01,11,MCAID,120.44
,REF,90837,CPT4,AZ01,11,MWC,137.75
,REF,90837,CPT4,AZ01,11,HMO,137.75
,REF,90837,CPT4,CA02,11,MBH,150.61
,REF,90837,CPT4,AZ01,11,HMOHRA,137.75
,REF,90837,CPT4,CA04,11,DHMO,147.42
,REF,90837,CPT4,CA04,11,DHMO,125.31
,REF,90837,CPT4,AL05,11,MHMO,106.61
,REF,90837,CPT4,AK02,11,HMOAVN,225.83
,REF,90837,CPT4,AR01,11,VPHMO,115.92
,REF,90837,CPT4,CA04,11,EAP,110.57
,REF,90837,CPT4,CA01,11,NNHMO,157.04
,REF,90837,CPT4,AK02,11,ALL,204.5
,REF,90837,CPT4,AK02,11,,153.38
,REF,90837,CPT4,AL02,11,MCARE,106.61
,REF,90837,CPT4,AL06,11,MCAID,106.61
,REF,90837,CPT4,AK02,11,MCAID,173.83
,REF,90837,CPT4,AL06,11,HMOAVN,120.82
,REF,90837,CPT4,AL02,11,ALL,142.14
,REF,90837,CPT4,AK01,11,VPHMO,169.37
,REF,90837,CPT4,AR01,11,TC,78.49
,REF,90837,CPT4,AR01,11,MEFFS,78.49
,REF,90837,CPT4,AL05,11,MHMO,106.61
,REF,90837,CPT4,AK02,11,MCAID,191.95
,REF,90837,CPT4,AL02,11,TRICR,106.61
,REF,90837,CPT4,CA04,11,HMO,147.42
,REF,90837,CPT4,AL04,11,MBH,106.61
,REF,90837,CPT4,CA02,11,MBH,128.02
,REF,90837,CPT4,AK02,11,QPOS,204.5
,REF,90837,CPT4,AZ01,11,MEPPO,120.44
,REF,90837,CPT4,CA02,11,ALL,150.61
,REF,90837,CPT4,AL04,11,NNHMO,142.14
,REF,90837,CPT4,CA01,11,EAP,157.04
,REF,90837,CPT4,AK02,11,MPPO,225.83
,REF,90837,CPT4,AK02,11,MCAID,173.83
,REF,90837,CPT4,AL05,11,USACC,106.61
,REF,90837,CPT4,CA02,11,QPOS,150.61
,REF,90837,CPT4,AZ01,11,MHMO,120.44
,REF,90837,CPT4,AK02,11,MEPPO,191.95
,REF,90837,CPT4,AL08,11,DPPO,120.82
,REF,90837,CPT4,AL07,11,,106.61
,REF,90837,CPT4,AK02,11,MCARE,153.38
,REF,90837,CPT4,AZ01,11,POS,137.75
,REF,90837,CPT4,CA01,11,MCARE,157.04
,REF,90837,CPT4,AZ01,11,MEFFS,90.33
,REF,90837,CPT4,AL06,11,EAP,120.82
,REF,90837,CPT4,AL03,11,MEPOS,142.14
,REF,90837,CPT4,CA01,11,DHMO,157.04
,REF,90837,CPT4,AL06,11,MWC,120.82
,REF,90837,CPT4,AZ01,11,,120.44
,REF,90837,CPT4,AZ01,11,ALL,90.33
,REF,90837,CPT4,AL06,11,MCAID,106.61
,REF,90837,CPT4,CA04,11,DPPO,147.42
,REF,90837,CPT4,CA04,11,MEPOS,147.42
,REF,90837,CPT4,CA02,11,MC,150.61
,REF,90837,CPT4,AK02,11,DPPO,153.38
,REF,90837,CPT4,CA04,11,MCAID,147.42
,REF,90837,CPT4,AZ01,11,EAP,103.31
,REF,90837,CPT4,AL04,11,,142.14
,REF,90837,CPT4,CA02,11,POS,150.61
,REF,90837,CPT4,CA01,11,USACC,157.04
,REF,90837,CPT4,AZ01,11,VPHMO,117.09
,REF,90837,CPT4,AK02,11,MC,204.5
,REF,90837,CPT4,AL05,11,NNHMO,142.14
,REF,90837,CPT4,AL04,11,MEPO,142.14
,REF,90837,CPT4,AL06,11,MWC,142.14
,REF,90837,CPT4,CA02,11,MEHMO,150.61
,REF,90837,CPT4,AL05,11,MPPO,120.82
,REF,90837,CPT4,CA04,11,MC,147.42
,REF,90837,CPT4,CA04,11,HMOHRA,147.42
,REF,90837,CPT4,AL05,11,HMO,142.14
,REF,90837,CPT4,AZ01,11,EAP,90.33
,REF,90837,CPT4,AZ01,11,MC,137.75
,REF,90837,CPT4,AL02,11,TC,142.14
,REF,90837,CPT4,CA02,11,SLFIN,150.61
,REF,90837,CPT4,CA02,11,ALL,150.61
,REF,90837,CPT4,AL08,11,ALL,142.14
,REF,90837,CPT4,AL02,11,SLFIN,142.14
,REF,90837,CPT4,AK02,11,MHMO,191.95
,REF,90837,CPT4,AZ01,11,MBH,90.33
,REF,90837,CPT4,AL04,11,POS,120.82
,REF,90837,CPT4,AL05,11,QPOS,120.82
,REF,90837,CPT4,CA01,11,MC,157.04
,REF,90837,CPT4,AK02,11,,173.83
,REF,90837,CPT4,AL06,11,QPOS,142.14
,REF,90837,CPT4,AL05,11,EAP,142.14
,REF,90837,CPT4,CA01,11,MEFFS,157.04
,REF,90837,CPT4,CA01,11,MHMO,157.04
,REF,90837,CPT4,AL04,11,,142.14
,REF,90837,CPT4,CA02,11,MEFFS,150.61
,REF,90837,CPT4,AL02,11,EAP,142.14
,REF,90837,CPT4,AL08,11,VPHMO,106.61
,REF,90837,CPT4,AL07,11,MEHMO,142.14
,REF,90837,CPT4,AK02,11,DHMO,204.5
,REF,90837,CPT4,AL08,11,VPHMO,120.82
,REF,90837,CPT4,CA01,11,DPPO,157.04
,REF,90837,CPT4,AL06,11,MBH,142.14
,REF,90837,CPT4,AL02,11,VPHMO,142.14
,REF,90837,CPT4,AK02,11,USACC,153.38
,REF,90837,CPT4,AL02,11,MPPO,142.14
,REF,90837,CPT4,AL04,11,MCARE,106.61
,REF,90837,CPT4,AK02,11,DPPO,153.38
,REF,90837,CPT4,AZ01,11,SLFIN,117.09
,REF,90837,CPT4,AZ01,11,MCARE,117.09
,REF,90837,CPT4,AL05,11,MEPO,142.14
,REF,90837,CPT4,AL02,11,DPPO,142.14
,REF,90837,CPT4,AL05,11,TRICR,120.82
,REF,90837,CPT4,AL08,11,MC,142.14
,REF,90837,CPT4,CA02,11,,150.61
,REF,90837,CPT4,AZ01,11,MWC,103.31
,REF,90837,CPT4,CA02,11,MCARE,150.61
,REF,90837,CPT4,AK01,11,USACC,225.83
,REF,90837,CPT4,AZ01,11,VPHMO,90.33
,REF,90837,CPT4,AL03,11,HMOHRA,142.14
,REF,90837,CPT4,AL05,11,,106.61
,REF,90837,CPT4,CA02,11,QPOS,150.61
,REF,90837,CPT4,AL07,11,MHMO,142.14
,REF,90837,CPT4,CA01,11,DPPO,117.78
,REF,90837,CPT4,AZ01,11,MPPO,120.44
,REF,90837,CPT4,CA04,11,DHMO,110.57
,REF,90837,CPT4,AK01,11,USACC,204.5
,REF,90837,CPT4,AR01,11,MWC,78.49
,REF,90837,CPT4,CA01,11,HMO,133.48
,REF,90837,CPT4,AR01,11,HMOAVN,99.02
,REF,90837,CPT4,AL07,11,VPHMO,120.82
,REF,90837,CPT4,AL07,11,VPHMO,142.14
,REF,90837,CPT4,AL04,11,ALL,120.82
,REF,90837,CPT4,CA02,11,VPHMO,128.02
,REF,90837,CPT4,CA02,11,MBH,150.61
,REF,90837,CPT4,CA02,11,,112.96
,REF,90837,CPT4,AL02,11,POS,106.61
,REF,90837,CPT4,AL05,11,MEPO,120.82
,REF,90837,CPT4,AL08,11,,106.61
,REF,90837,CPT4,CA04,11,MHMO,147.42
,REF,90837,CPT4,AL08,11,MC,142.14
,REF,90837,CPT4,AL03,11,VPHMO,106.61
,REF,90837,CPT4,AL02,11,MBH,106.61
,REF,90837,CPT4,AK02,11,DPPO,225.83
,REF,90837,CPT4,AK02,11,ALL,153.38
,REF,90837,CPT4,AZ01,11,HMOHRA,120.44
,REF,90837,CPT4,AL02,11,MBH,142.14
,REF,90837,CPT4,AL08,11,DHMO,120.82
,REF,90837,CPT4,AZ01,11,MEFFS,137.75
,REF,90837,CPT4,AL03,11,DPPO,106.61
,REF,90837,CPT4,AK02,11,MBH,225.83
,REF,90837,CPT4,CA01,11,MEPO,157.04
,REF,90837,CPT4,AZ01,11,HMOAVN,120.44
,REF,90837,CPT4,AK02,11,POS,153.38
,REF,90837,CPT4,AL03,11,,120.82
,REF,90837,CPT4,AL03,11,MBH,106.61
,REF,90837,CPT4,AL02,11,USACC,106.61
,REF,90837,CPT4,AK02,11,DHMO,169.37
,REF,90837,CPT4,AL03,11,DHMO,142.14
,REF,90837,CPT4,AK02,11,QPOS,173.83
,REF,90837,CPT4,AR01,11,,99.02
,REF,90837,CPT4,AL04,11,SLFIN,142.14
,REF,90837,CPT4,CA02,11,MEFFS,150.61
,REF,90837,CPT4,CA02,11,MCARE,112.96
,REF,90837,CPT4,AL08,11,MEPPO,142.14
,REF,90837,CPT4,AZ01,11,MHMO,103.31
,REF,90837,CPT4,AK02,11,MCAID,225.83
,REF,90837,CPT4,AR01,11,NNHMO,115.92
,REF,90837,CPT4,AL07,11,NNHMO,106.61
,REF,90837,CPT4,AL04,11,TRICR,142.14
,REF,90837,CPT4,CA04,11,MEPPO,147.42
,REF,90837,CPT4,AL02,11,USACC,142.14
,REF,90837,CPT4,AL07,11,MEPPO,106.61
,REF,90837,CPT4,AZ01,11,MCAID,90.33
,REF,90837,CPT4,AL05,11,HMOAVN,142.14
,REF,90837,CPT4,AK01,11,USACC,204.5
,REF,90837,CPT4,AL02,11,MCARE,142.14
,REF,90837,CPT4,AL04,11,MPPO,142.14
,REF,90837,CPT4,CA02,11,NNHMO,150.61
,REF,90837,CPT4,AL07,11,DPPO,120.82
,REF,90837,CPT4,AL07,11,MEPO,106.61
,REF,90837,CPT4,AL02,11,POS,142.14
,REF,90837,CPT4,AR01,11,ALL,99.02
,REF,90837,CPT4,AL06,11,MEHMO,120.82
,REF,90837,CPT4,AL02,11,,106.61
,REF,90837,CPT4,AK02,11,HMOHRA,191.95
,REF,90837,CPT4,AK02,11,MEHMO,225.83
,REF,90837,CPT4,AL04,11,HMO,106.61
,REF,90837,CPT4,AL05,11,MBH,106.61
,REF,90837,CPT4,AL05,11,MWC,106.61
,REF,90837,CPT4,AL04,11,MBH,142.14
,REF,90837,CPT4,AL05,11,QPOS,142.14
,REF,90837,CPT4,AK02,11,HMO,173.83
,REF,90837,CPT4,AK02,11,VPHMO,153.38
,REF,90837,CPT4,AK02,11,POS,225.83
,REF,90837,CPT4,CA04,11,MCARE,110.57
,REF,90837,CPT4,AL06,11,MEPO,120.82
,REF,90837,CPT4,AR01,11,MC,115.92
,REF,90837,CPT4,AL06,11,VPHMO,142.14
,REF,90837,CPT4,CA01,11,MWC,157.04
,REF,90837,CPT4,CA02,11,TRICR,128.02
,REF,90837,CPT4,AL07,11,MEPOS,142.14
,REF,90837,CPT4,AK02,11,MEPPO,204.5
,REF,90837,CPT4,AK02,11,MHMO,153.38
,REF,90837,CPT4,AR01,11,DHMO,99.02
,REF,90837,CPT4,AK02,11,DHMO,225.83
,REF,90837,CPT4,CA02,11,MEPO,150.61
,REF,90837,CPT4,CA01,11,MCAID,117.78
,REF,90837,CPT4,AL05,11,EAP,142.14
,REF,90837,CPT4,AZ01,11,EAP,103.31
,REF,90837,CPT4,AL02,11,MEHMO,106.61
,REF,90837,CPT4,AL06,11,MPPO,142.14
,REF,90837,CPT4,AL08,11,DPPO,142.14
,REF,90837,CPT4,AL06,11,EAP,120.82
,REF,90837,CPT4,AZ01,11,TC,117.09
,REF,90837,CPT4,AZ01,11,MEPPO,120.44
,REF,90837,CPT4,AR01,11,TC,78.49
,REF,90837,CPT4,CA01,11,ALL,117.78
,REF,90837,CPT4,AL04,11,HMOAVN,142.14
,REF,90837,CPT4,AK02,11,MPPO,153.38
,REF,90837,CPT4,CA02,11,MEPOS,150.61
,REF,90837,CPT4,AL04,11,SLFIN,106.61
,REF,90837,CPT4,AR01,11,TC,115.92
,REF,90837,CPT4,AK01,11,VPHMO,204.5
,REF,90837,CPT4,AL05,11,MC,142.14
,REF,90837,CPT4,CA02,11,MCARE,150.61
,REF,90837,CPT4,AL02,11,DHMO,106.61
,REF,90837,CPT4,AL04,11,SLFIN,106.61
,REF,90837,CPT4,AL05,11,MEHMO,106.61
,REF,90837,CPT4,AZ01,11,MWC,137.75
,REF,90837,CPT4,CA02,11,VPHMO,112.96
,REF,90837,CPT4,AL02,11,MEPOS,142.14
,REF,90837,CPT4,AL05,11,SLFIN,142.14
,REF,90837,CPT4,AR01,11,HMOHRA,78.49
,REF,90837,CPT4,AK02,11,VPHMO,225.83
,REF,90837,CPT4,AL04,11,MBH,142.14
,REF,90837,CPT4,AZ01,11,QPOS,137.75
,REF,90837,CPT4,AZ01,11,POS,103.31
,REF,90837,CPT4,AZ01,11,HMO,90.33
,REF,90837,CPT4,AL04,11,MCAID,106.61
,REF,90837,CPT4,AL07,11,MC,106.61
,REF,90837,CPT4,AR01,11,HMOHRA,78.49
,REF,90837,CPT4,CA01,11,TC,157.04
,REF,90837,CPT4,AL03,11,MC,142.14
,REF,90837,CPT4,AR01,11,ALL,115.92
,REF,90837,CPT4,AL05,11,MCAID,142.14
,REF,90837,CPT4,AL08,11,HMO,106.61
,REF,90837,CPT4,AL05,11,MWC,142.14
,REF,90837,CPT4,AR01,11,MCARE,99.02
,REF,90837,CPT4,AK02,11,MBH,204.5
,REF,90837,CPT4,CA04,11,MCARE,125.31
,REF,90837,CPT4,AK02,11,DPPO,204.5
,REF,90837,CPT4,AL07,11,HMO,106.61
,REF,90837,CPT4,AL05,11,MCAID,142.14
,REF,90837,CPT4,AL02,11,HMOHRA,106.61
,REF,90837,CPT4,AK02,11,MCAID,225.83
,REF,90837,CPT4,AR01,11,SLFIN,115.92
,REF,90837,CPT4,AL07,11,MEFFS,142.14
,REF,90837,CPT4,CA01,11,MEHMO,117.78
,REF,90837,CPT4,AL08,11,DPPO,142.14
,REF,90837,CPT4,AL05,11,MEPOS,142.14
,REF,90837,CPT4,AL06,11,HMOAVN,142.14
,REF,90837,CPT4,AL04,11,MCARE,142.14
,REF,90837,CPT4,AL04,11,MEPOS,142.14
,REF,90837,CPT4,AK02,11,MCAID,225.83
,REF,90837,CPT4,AK02,11,TC,153.38
,REF,90837,CPT4,AL08,11,DPPO,142.14
,REF,90837,CPT4,AL04,11,HMOAVN,106.61
,REF,90837,CPT4,AR01,11,MCAID,99.02
,REF,90837,CPT4,AL07,11,POS,142.14
,REF,90837,CPT4,AL02,11,QPOS,106.61
,REF,90837,CPT4,AL08,11,SLFIN,142.14
,REF,90837,CPT4,AL02,11,MEPO,120.82
,REF,90837,CPT4,CA01,11,MEFFS,157.04
,REF,90837,CPT4,AL05,11,NNHMO,142.14
,REF,90837,CPT4,AL05,11,VPHMO,106.61
,REF,90837,CPT4,AZ01,11,MCAID,90.33
,REF,90837,CPT4,CA02,11,VPHMO,150.61
,REF,90837,CPT4,AL04,11,SLFIN,106.61
,REF,90837,CPT4,AZ01,11,NNHMO,137.75
,REF,90837,CPT4,AL08,11,SLFIN,106.61
,REF,90837,CPT4,CA01,11,MEPOS,117.78
,REF,90837,CPT4,AL07,11,MWC,106.61
,REF,90837,CPT4,AL08,11,HMO,106.61
,REF,90837,CPT4,AL06,11,MCARE,142.14
,REF,90837,CPT4,AL07,11,MC,142.14
,REF,90837,CPT4,AR01,11,MWC,115.92
,REF,90837,CPT4,AL03,11,MEPPO,142.14
,REF,90837,CPT4,AL06,11,HMO,106.61
,REF,90837,CPT4,AL06,11,DHMO,142.14
,REF,90837,CPT4,CA04,11,MC,110.57
,REF,90837,CPT4,AR01,11,TC,78.49
,REF,90837,CPT4,AL07,11,SLFIN,106.61
,REF,90837,CPT4,CA01,11,ALL,157.04
,REF,90837,CPT4,CA04,11,HMOAVN,147.42
,REF,90837,CPT4,AZ01,11,POS,137.75
,REF,90837,CPT4,AL05,11,ALL,106.61
,REF,90837,CPT4,AL06,11,MCARE,106.61
,REF,90837,CPT4,AL07,11,MEPO,106.61
,REF,90837,CPT4,AL02,11,MCARE,142.14
,REF,90837,CPT4,AL07,11,QPOS,106.61
,REF,90837,CPT4,AL02,11,MCAID,106.61
,REF,90837,CPT4,AL06,11,MWC,106.61
,REF,90837,CPT4,AL04,11,EAP,106.61
,REF,90837,CPT4,AL06,11,ALL,142.14
,REF,90837,CPT4,AL03,11,MCAID,120.82
,REF,90837,CPT4,AL08,11,MCAID,142.14
,REF,90837,CPT4,CA02,11,HMOHRA,150.61
,REF,90837,CPT4,AL03,11,DHMO,120.82
,REF,90837,CPT4,CA01,11,MCARE,133.48
,REF,90837,CPT4,AL03,11,MC,142.14
,REF,90837,CPT4,AL08,11,ALL,106.61
,REF,90837,CPT4,AK02,11,DPPO,191.95
,REF,90837,CPT4,AL06,11,MBH,142.14
,REF,90837,CPT4,AL02,11,EAP,120.82
,REF,90837,CPT4,AR01,11,,99.02
,REF,90837,CPT4,AL03,11,VPHMO,142.14
,REF,90837,CPT4,AL08,11,DHMO,142.14
,REF,90837,CPT4,AL06,11,NNHMO,142.14
,REF,90837,CPT4,AL02,11,HMO,142.14
,REF,90837,CPT4,CA02,11,MEHMO,150.61
,REF,90837,CPT4,AL06,11,MEPOS,142.14
,REF,90837,CPT4,AL06,11,TC,106.61
,REF,90837,CPT4,CA01,11,MCAID,157.04
,REF,90837,CPT4,AZ01,11,MEPPO,90.33
,REF,90837,CPT4,AK02,11,MCAID,191.95
,REF,90837,CPT4,AZ01,11,SLFIN,103.31
,REF,90837,CPT4,AL02,11,MBH,106.61
,REF,90837,CPT4,AZ01,11,MEFFS,117.09
,REF,90837,CPT4,AL05,11,QPOS,120.82
,REF,90837,CPT4,AL08,11,ALL,142.14
,REF,90837,CPT4,AL06,11,MEPPO,142.14
,REF,90837,CPT4,AL06,11,HMOAVN,106.61
,REF,90837,CPT4,AL05,11,MEPO,142.14
,REF,90837,CPT4,AR01,11,,78.49
,REF,90837,CPT4,AZ01,11,MHMO,137.75
,REF,90837,CPT4,AL06,11,MBH,142.14
,REF,90837,CPT4,AZ01,11,HMOHRA,120.44
,REF,90837,CPT4,AL08,11,MEPPO,106.61
,REF,90837,CPT4,AL07,11,MEPOS,142.14
,REF,90837,CPT4,CA02,11,USACC,150.61
,REF,90837,CPT4,AL08,11,MEFFS,120.82
,REF,90837,CPT4,AL04,11,EAP,142.14
,REF,90837,CPT4,AK02,11,HMOAVN,153.38
,REF,90837,CPT4,CA02,11,DHMO,112.96
,REF,90837,CPT4,AK02,11,MCAID,225.83
,REF,90837,CPT4,AK02,11,HMOAVN,153.38
,REF,90837,CPT4,AK01,11,VPHMO,153.38
,REF,90837,CPT4,AL07,11,MEPOS,142.14
,REF,90837,CPT4,AL07,11,MEFFS,142.14
,REF,90837,CPT4,AK02,11,TRICR,204.5
,REF,90837,CPT4,AL03,11,MCARE,106.61
,REF,90837,CPT4,AL02,11,MPPO,106.61
,REF,90837,CPT4,AL05,11,MWC,142.14
,REF,90837,CPT4,CA01,11,TC,157.04
,REF,90837,CPT4,AL02,11,TC,142.14
,REF,90837,CPT4,AZ01,11,POS,137.75
,REF,90837,CPT4,AR01,11,DPPO,78.49
,REF,90837,CPT4,CA04,11,MC,147.42
,REF,90837,CPT4,CA01,11,MHMO,117.78
,REF,90837,CPT4,CA04,11,MC,125.31
,REF,90837,CPT4,CA01,11,MC,157.04
,REF,90837,CPT4,AL02,11,TC,106.61
,REF,90837,CPT4,AK02,11,MEHMO,225.83
,REF,90837,CPT4,AL08,11,MBH,120.82
,REF,90837,CPT4,AZ01,11,,137.75
,REF,90837,CPT4,CA02,11,DHMO,150.61
,REF,90837,CPT4,AL05,11,MBH,106.61
,REF,90837,CPT4,AL08,11,MCAID,142.14
,REF,90837,CPT4,AZ01,11,MWC,90.33
,REF,90837,CPT4,AL07,11,MCAID,106.61
,REF,90837,CPT4,AL06,11,MC,106.61
,REF,90837,CPT4,AL05,11,MPPO,142.14
,REF,90837,CPT4,AL03,11,TC,106.61
,REF,90837,CPT4,AR01,11,MEPPO,99.02
,REF,90837,CPT4,AL02,11,TRICR,142.14
,REF,90837,CPT4,AL07,11,MEFFS,106.61
,REF,90837,CPT4,AK02,11,MPPO,204.5
,REF,90837,CPT4,AL08,11,MEPO,142.14
,REF,90837,CPT4,AL05,11,POS,142.14
,REF,90837,CPT4,AL02,11,DPPO,106.61
,REF,90837,CPT4,AL06,11,SLFIN,120.82
,REF,90837,CPT4,AL07,11,TRICR,142.14
,REF,90837,CPT4,AL06,11,USACC,106.61
,REF,90837,CPT4,AL03,11,DHMO,106.61
,REF,90837,CPT4,AK02,11,MCARE,225.83
,REF,90837,CPT4,AL07,11,MEFFS,142.14
,REF,90837,CPT4,CA04,11,MEPO,110.57
,REF,90837,CPT4,AL05,11,MC,142.14
,REF,90837,CPT4,AZ01,11,MHMO,90.33
,REF,90837,CPT4,AR01,11,VPHMO,78.49
,REF,90837,CPT4,AL06,11,MHMO,120.82
,REF,90837,CPT4,AL06,11,MHMO,106.61
,REF,90837,CPT4,AL06,11,MPPO,142.14
,REF,90837,CPT4,AL03,11,DPPO,142.14
,REF,90837,CPT4,AK02,11,MWC,225.83
,REF,90837,CPT4,CA04,11,ALL,147.42
,REF,90837,CPT4,AK02,11,DPPO,169.37
,REF,90837,CPT4,CA04,11,HMOAVN,110.57
,REF,90837,CPT4,AL07,11,MCAID,142.14
,REF,90837,CPT4,AL05,11,TC,142.14
,REF,90837,CPT4,AK02,11,QPOS,204.5
,REF,90837,CPT4,CA01,11,DHMO,117.78
,REF,90837,CPT4,AL03,11,USACC,106.61
,REF,90837,CPT4,AR01,11,TRICR,115.92
,REF,90837,CPT4,AK02,11,VPHMO,169.37
,REF,90837,CPT4,AL02,11,,142.14
,REF,90837,CPT4,AL07,11,MPPO,142.14
,REF,90837,CPT4,AL03,11,EAP,142.14
,REF,90837,CPT4,AR01,11,QPOS,115.92
,REF,90837,CPT4,AL04,11,EAP,120.82
,REF,90837,CPT4,AL06,11,NNHMO,120.82
,REF,90837,CPT4,AL05,11,MCAID,106.61
,REF,90837,CPT4,AL05,11,HMO,142.14
,REF,90837,CPT4,CA01,11,MEPO,117.78
,REF,90837,CPT4,AL02,11,MPPO,142.14
,REF,90837,CPT4,AL06,11,TRICR,142.14
,REF,90837,CPT4,AL03,11,NNHMO,142.14
,REF,90837,CPT4,AL04,11,ALL,142.14
,REF,90837,CPT4,AK02,11,SLFIN,169.37
,REF,90837,CPT4,AL05,11,DPPO,120.82
,REF,90837,CPT4,AK02,11,HMOHRA,225.83
,REF,90837,CPT4,AZ01,11,DPPO,137.75
,REF,90837,CPT4,CA04,11,MEFFS,147.42
,REF,90837,CPT4,AZ01,11,MPPO,120.44
,REF,90837,CPT4,AL05,11,DHMO,142.14
,REF,90837,CPT4,AL06,11,MEPPO,106.61
,REF,90837,CPT4,CA02,11,TC,128.02
,REF,90837,CPT4,AL04,11,EAP,142.14
,REF,90837,CPT4,CA01,11,QPOS,117.78
,REF,90837,CPT4,AZ01,11,MEPO,103.31
,REF,90837,CPT4,AL06,11,,120.82
,REF,90837,CPT4,CA01,11,MCAID,117.78
,REF,90837,CPT4,CA01,11,,117.78
,REF,90837,CPT4,CA01,11,MEFFS,157.04
,REF,90837,CPT4,AL05,11,TC,142.14
,REF,90837,CPT4,AL07,11,MBH,120.82
,REF,90837,CPT4,AL04,11,DHMO,120.82
,REF,90837,CPT4,AL08,11,MPPO,142.14
,REF,90837,CPT4,CA01,11,HMO,157.04
,REF,90837,CPT4,CA01,11,,157.04
,REF,90837,CPT4,AZ01,11,TRICR,117.09
,REF,90837,CPT4,AL07,11,TRICR,142.14
,REF,90837,CPT4,AL05,11,POS,142.14
,REF,90837,CPT4,AL03,11,MEHMO,106.61
,REF,90837,CPT4,CA01,11,QPOS,157.04
,REF,90837,CPT4,AR01,11,NNHMO,115.92
,REF,90837,CPT4,AZ01,11,TRICR,137.75
,REF,90837,CPT4,AL02,11,HMOHRA,142.14
,REF,90837,CPT4,CA02,11,EAP,150.61
,REF,90837,CPT4,CA02,11,MEPPO,150.61
,REF,90837,CPT4,AL08,11,NNHMO,120.82
,REF,90837,CPT4,AK02,11,MBH,169.37
,REF,90837,CPT4,CA01,11,MEHMO,157.04
,REF,90837,CPT4,AL02,11,MCARE,142.14
,REF,90837,CPT4,AL03,11,TRICR,142.14
,REF,90837,CPT4,AL03,11,TRICR,142.14
,REF,90837,CPT4,AL06,11,MWC,106.61
,REF,90837,CPT4,AL08,11,MPPO,106.61
,REF,90837,CPT4,AL05,11,ALL,106.61
,REF,90837,CPT4,AK02,11,POS,204.5
,REF,90837,CPT4,AL03,11,USACC,142.14
,REF,90837,CPT4,AL02,11,MEPOS,106.61
,REF,90837,CPT4,AK02,11,MHMO,204.5
,REF,90837,CPT4,AL02,11,TC,106.61
,REF,90837,CPT4,AL07,11,,142.14
,REF,90837,CPT4,AL07,11,MEPOS,142.14
,REF,90837,CPT4,AZ01,11,QPOS,103.31
,REF,90837,CPT4,CA01,11,MHMO,157.04
,REF,90837,CPT4,AL02,11,DPPO,106.61
,REF,90837,CPT4,AL05,11,HMO,106.61
,REF,90837,CPT4,AL03,11,NNHMO,120.82
,REF,90837,CPT4,AL08,11,MWC,106.61
,REF,90837,CPT4,AL06,11,MBH,142.14
,REF,90837,CPT4,AL07,11,MWC,142.14
,REF,90837,CPT4,AL08,11,DHMO,142.14
,REF,90837,CPT4,AZ01,11,,137.75
,REF,90837,CPT4,AL02,11,TC,142.14
,REF,90837,CPT4,AL03,11,,142.14
,REF,90837,CPT4,AL02,11,MCAID,142.14
,REF,90837,CPT4,CA02,11,ALL,128.02
,REF,90837,CPT4,CA02,11,MC,112.96
,REF,90837,CPT4,AZ01,11,MEPO,137.75
,REF,90837,CPT4,AK02,11,DHMO,225.83
,REF,90837,CPT4,AL06,11,MCAID,142.14
,REF,90837,CPT4,AL06,11,ALL,142.14
,REF,90837,CPT4,AL02,11,MHMO,142.14
,REF,90837,CPT4,AK02,11,EAP,204.5
,REF,90837,CPT4,AL06,11,MCAID,142.14
,REF,90837,CPT4,AL06,11,MPPO,120.82
,REF,90837,CPT4,AK02,11,QPOS,204.5
,REF,90837,CPT4,AZ01,11,MCAID,137.75
,REF,90837,CPT4,AL03,11,HMO,120.82
,REF,90837,CPT4,AL03,11,HMOAVN,142.14
,REF,90837,CPT4,AL08,11,MHMO,142.14
,REF,90837,CPT4,AL08,11,HMO,142.14
,REF,90837,CPT4,AZ01,11,MBH,103.31
,REF,90837,CPT4,AL05,11,EAP,106.61
,REF,90837,CPT4,AL02,11,HMOAVN,120.82
,REF,90837,CPT4,AL04,11,EAP,106.61
,REF,90837,CPT4,AK02,11,MCARE,204.5
,REF,90837,CPT4,AL08,11,MEHMO,106.61
,REF,90837,CPT4,AL03,11,SLFIN,142.14
,REF,90837,CPT4,CA02,11,QPOS,150.61
,REF,90837,CPT4,AK02,11,MCARE,191.95
,REF,90837,CPT4,AL05,11,,142.14
,REF,90837,CPT4,CA04,11,MCARE,147.42
,REF,90837,CPT4,CA04,11,HMOAVN,147.42
,REF,90837,CPT4,AZ01,11,MEHMO,103.31
,REF,90837,CPT4,CA02,11,MEFFS,128.02
,REF,90837,CPT4,AK02,11,MWC,191.95
,REF,90837,CPT4,AZ01,11,MEPOS,103.31
,REF,90837,CPT4,AL06,11,HMOAVN,120.82
,REF,90837,CPT4,AL06,11,MWC,142.14
,REF,90837,CPT4,AL02,11,MCARE,120.82
,REF,90837,CPT4,AL07,11,HMOHRA,142.14
,REF,90837,CPT4,CA02,11,ALL,150.61
,REF,90837,CPT4,AK01,11,VPHMO,204.5
,REF,90837,CPT4,AL02,11,HMOAVN,106.61
,REF,90837,CPT4,AZ01,11,MEFFS,137.75
,REF,90837,CPT4,CA01,11,USACC,157.04
,REF,90837,CPT4,AL07,11,ALL,106.61
,REF,90837,CPT4,AL03,11,MEPO,142.14
,REF,90837,CPT4,AZ01,11,MPPO,137.75
,REF,90837,CPT4,AZ01,11,TC,103.31
,REF,90837,CPT4,AL06,11,MEPOS,142.14
,REF,90837,CPT4,AL06,11,MBH,106.61
,REF,90837,CPT4,AL02,11,MEPPO,142.14
,REF,90837,CPT4,AK02,11,MBH,191.95
,REF,90837,CPT4,AR01,11,TRICR,115.92
,REF,90837,CPT4,AL07,11,MEHMO,106.61
,REF,90837,CPT4,AL03,11,MCAID,142.14
,REF,90837,CPT4,AR01,11,TRICR,115.92
,REF,90837,CPT4,AZ01,11,,137.75
,REF,90837,CPT4,AK02,11,VPHMO,225.83
,REF,90837,CPT4,AZ01,11,MEPOS,120.44
,REF,90837,CPT4,CA02,11,HMO,112.96
,REF,90837,CPT4,AL08,11,HMO,142.14
,REF,90837,CPT4,AL05,11,POS,106.61
,REF,90837,CPT4,AL08,11,QPOS,142.14
,REF,90837,CPT4,AR01,11,,78.49
,REF,90837,CPT4,AL05,11,NNHMO,120.82
,REF,90837,CPT4,AL02,11,HMOAVN,120.82
,REF,90837,CPT4,AZ01,11,NNHMO,103.31
,REF,90837,CPT4,AZ01,11,MEPO,120.44
,REF,90837,CPT4,AL05,11,MCAID,106.61
,REF,90837,CPT4,AK02,11,MCARE,204.5
,REF,90837,CPT4,CA02,11,ALL,150.61
,REF,90837,CPT4,CA02,11,MPPO,150.61
,REF,90837,CPT4,AK02,11,,204.5
,REF,90837,CPT4,CA01,11,MCAID,157.04
,REF,90837,CPT4,CA02,11,SLFIN,112.96
,REF,90837,CPT4,AK02,11,DPPO,191.95
,REF,90837,CPT4,AL08,11,MPPO,106.61
,REF,90837,CPT4,AL03,11,MHMO,142.14
,REF,90837,CPT4,AL04,11,TRICR,106.61
,REF,90837,CPT4,CA04,11,MC,110.57
,REF,90837,CPT4,AL04,11,QPOS,142.14
,REF,90837,CPT4,AL02,11,POS,106.61
,REF,90837,CPT4,AK02,11,MC,204.5
,REF,90837,CPT4,AK02,11,NNHMO,169.37
,REF,90837,CPT4,AL07,11,HMOHRA,106.61
,REF,90837,CPT4,AL04,11,MHMO,142.14
,REF,90837,CPT4,CA01,11,MEPPO,157.04
,REF,90837,CPT4,CA04,11,MC,147.42
,REF,90837,CPT4,AZ01,11,NNHMO,103.31
,REF,90837,CPT4,AL03,11,HMOAVN,142.14
,REF,90837,CPT4,AK02,11,MHMO,169.37
,REF,90837,CPT4,AL05,11,QPOS,142.14
,REF,90837,CPT4,CA02,11,HMOHRA,128.02
,REF,90837,CPT4,AZ01,11,MEHMO,117.09
,REF,90837,CPT4,AK02,11,HMOHRA,225.83
,REF,90837,CPT4,CA02,11,,112.96
,REF,90837,CPT4,AZ01,11,HMO,103.31
,REF,90837,CPT4,AL05,11,MEPO,142.14
,REF,90837,CPT4,AL05,11,MEPOS,142.14
,REF,90837,CPT4,AL08,11,HMO,106.61
,REF,90837,CPT4,AR01,11,TRICR,78.49
,REF,90837,CPT4,AR01,11,MEHMO,78.49
,REF,90837,CPT4,AL08,11,HMOAVN,120.82
,REF,90837,CPT4,CA01,11,MHMO,117.78
,REF,90837,CPT4,AZ01,11,EAP,117.09
,REF,90837,CPT4,AL05,11,NNHMO,106.61
,REF,90837,CPT4,AR01,11,MWC,78.49
,REF,90837,CPT4,AK02,11,MPPO,204.5
,REF,90837,CPT4,AL07,11,TC,120.82
,REF,90837,CPT4,AK01,11,USACC,225.83
,REF,90837,CPT4,AR01,11,MCAID,78.49
,REF,90837,CPT4,AR01,11,MEFFS,78.49
,REF,90837,CPT4,AL06,11,VPHMO,142.14
,REF,90837,CPT4,AL03,11,MCAID,106.61
,REF,90837,CPT4,AL03,11,DPPO,106.61
,REF,90837,CPT4,AL07,11,DPPO,142.14
,REF,90837,CPT4,AL08,11,USACC,106.61
,REF,90837,CPT4,AL03,11,MBH,120.82
,REF,90837,CPT4,AZ01,11,MEPO,137.75
,REF,90837,CPT4,AZ01,11,TRICR,102.37
,REF,90837,CPT4,AZ01,11,MCAID,103.31
,REF,90837,CPT4,AK02,11,MPPO,173.83
,REF,90837,CPT4,AL07,11,MEPPO,142.14
,REF,90837,CPT4,CA04,11,MC,110.57
,REF,90837,CPT4,AL03,11,MEHMO,106.61
,REF,90837,CPT4,AL05,11,MEPO,142.14
,REF,90837,CPT4,AL03,11,MEPOS,106.61
,REF,90837,CPT4,CA04,11,MC,147.42
,REF,90837,CPT4,AL04,11,MCAID,106.61
,REF,90837,CPT4,AL03,11,MHMO,120.82
,REF,90837,CPT4,AL02,11,EAP,142.14
,REF,90837,CPT4,AL04,11,HMO,120.82
,REF,90837,CPT4,AL03,11,MBH,142.14
,REF,90837,CPT4,AL08,11,MBH,106.61
,REF,90837,CPT4,AL06,11,VPHMO,142.14
,REF,90837,CPT4,AL06,11,MPPO,142.14
,REF,90837,CPT4,AL06,11,MHMO,106.61
,REF,90837,CPT4,AZ01,11,HMO,137.75
,REF,90837,CPT4,AK02,11,HMO,225.83
,REF,90837,CPT4,AK02,11,HMOAVN,169.37
,REF,90837,CPT4,AZ01,11,MEPO,103.31
,REF,90837,CPT4,AK02,11,QPOS,225.83
,REF,90837,CPT4,AK02,11,VPHMO,204.5
,REF,90837,CPT4,AL08,11,MEHMO,106.61
,REF,90837,CPT4,AR01,11,ALL,115.92
,REF,90837,CPT4,AL06,11,MCARE,142.14
,REF,90837,CPT4,AZ01,11,MBH,102.37
,REF,90837,CPT4,AZ01,11,VPHMO,103.31
,REF,90837,CPT4,AZ01,11,HMOHRA,103.31
,REF,90837,CPT4,AL04,11,MWC,142.14
,REF,90837,CPT4,CA04,11,MHMO,147.42
,REF,90837,CPT4,AK02,11,USACC,173.83
,REF,90837,CPT4,AZ01,11,ALL,102.37
,REF,90837,CPT4,AL03,11,USACC,142.14
,REF,90837,CPT4,AL05,11,MEPPO,106.61
,REF,90837,CPT4,AL03,11,MEPO,142.14
,REF,90837,CPT4,AL03,11,MEPPO,142.14
,REF,90837,CPT4,AL08,11,MHMO,142.14
,REF,90837,CPT4,CA01,11,MEFFS,133.48
,REF,90837,CPT4,AL08,11,,120.82
,REF,90837,CPT4,AZ01,11,MEPOS,102.37
,REF,90837,CPT4,AK02,11,MWC,204.5
,REF,90837,CPT4,AZ01,11,HMOAVN,90.33
,REF,90837,CPT4,AZ01,11,SLFIN,120.44
,REF,90837,CPT4,AL05,11,VPHMO,120.82
,REF,90837,CPT4,AL05,11,DHMO,120.82
,REF,90837,CPT4,AK02,11,,204.5
,REF,90837,CPT4,CA01,11,MWC,157.04
,REF,90837,CPT4,CA01,11,DPPO,133.48
,REF,90837,CPT4,AZ01,11,,137.75
,REF,90837,CPT4,AR01,11,USACC,115.92
,REF,90837,CPT4,CA02,11,EAP,112.96
,REF,90837,CPT4,AK02,11,SLFIN,153.38
,REF,90837,CPT4,CA02,11,TC,112.96
,REF,90837,CPT4,AK02,11,POS,169.37
,REF,90837,CPT4,CA01,11,QPOS,157.04
,REF,90837,CPT4,CA01,11,MBH,133.48
,REF,90837,CPT4,AL05,11,NNHMO,142.14
,REF,90837,CPT4,AL02,11,MEFFS,120.82
,REF,90837,CPT4,AL02,11,MHMO,106.61
,REF,90837,CPT4,AL03,11,QPOS,142.14
,REF,90837,CPT4,AL05,11,NNHMO,106.61
,REF,90837,CPT4,CA02,11,MEPO,150.61
,REF,90837,CPT4,AL02,11,TC,120.82
,REF,90837,CPT4,AL08,11,MBH,120.82
,REF,90837,CPT4,AZ01,11,HMO,137.75
,REF,90837,CPT4,AR01,11,SLFIN,115.92
,REF,90837,CPT4,AZ01,11,TC,120.44
,REF,90837,CPT4,AK02,11,,204.5
,REF,90837,CPT4,AL05,11,MEPO,142.14
,REF,90837,CPT4,AL05,11,VPHMO,142.14
,REF,90837,CPT4,AR01,11,POS,115.92
,REF,90837,CPT4,AL08,11,EAP,106.61
,REF,90837,CPT4,AR01,11,,78.49
,REF,90837,CPT4,CA01,11,MPPO,157.04
,REF,90837,CPT4,AL08,11,ALL,120.82
,REF,90837,CPT4,AL07,11,DPPO,142.14
,REF,90837,CPT4,AZ01,11,DPPO,120.44
,REF,90837,CPT4,AL07,11,MC,106.61
,REF,90837,CPT4,AZ01,11,USACC,120.44
,REF,90837,CPT4,CA02,11,MEPO,150.61
,REF,90837,CPT4,CA01,11,MEPOS,157.04
,REF,90837,CPT4,CA01,11,DPPO,117.78
,REF,90837,CPT4,AL03,11,NNHMO,142.14
,REF,90837,CPT4,AL07,11,MWC,142.14
,REF,90837,CPT4,AL07,11,TC,142.14
,REF,90837,CPT4,AL04,11,NNHMO,142.14
,REF,90837,CPT4,CA02,11,USACC,150.61
,REF,90837,CPT4,CA02,11,TRICR,128.02
,REF,90837,CPT4,AL04,11,TC,142.14
,REF,90837,CPT4,AL06,11,HMO,142.14
,REF,90837,CPT4,CA04,11,MEFFS,147.42
,REF,90837,CPT4,AK02,11,MEPPO,225.83
,REF,90837,CPT4,AK01,11,VPHMO,191.95
,REF,90837,CPT4,AK02,11,ALL,225.83
,REF,90837,CPT4,AZ01,11,SLFIN,137.75
,REF,90837,CPT4,AL05,11,,120.82
,REF,90837,CPT4,AL04,11,MEPPO,142.14
,REF,90837,CPT4,AL03,11,POS,142.14
,REF,90837,CPT4,CA02,11,MC,150.61
,REF,90837,CPT4,AL08,11,MHMO,142.14
,REF,90837,CPT4,CA01,11,MEHMO,117.78
,REF,90837,CPT4,AZ01,11,USACC,117.09
,REF,90837,CPT4,AL08,11,QPOS,142.14
,REF,90837,CPT4,AL05,11,QPOS,106.61
,REF,90837,CPT4,AR01,11,HMO,115.92
,REF,90837,CPT4,AL07,11,TC,142.14
,REF,90837,CPT4,AK02,11,HMOHRA,204.5
,REF,90837,CPT4,AL02,11,NNHMO,120.82
,REF,90837,CPT4,AL02,11,MEPOS,142.14
,REF,90837,CPT4,AK02,11,MBH,153.38
,REF,90837,CPT4,AZ01,11,DHMO,137.75
,REF,90837,CPT4,AZ01,11,DPPO,137.75
,REF,90837,CPT4,AL04,11,MEPOS,142.14
,REF,90837,CPT4,AL07,11,NNHMO,142.14
,REF,90837,CPT4,AL07,11,TC,142.14
,REF,90837,CPT4,AL04,11,SLFIN,142.14
,REF,90837,CPT4,AL04,11,HMOHRA,120.82
,REF,90837,CPT4,AL05,11,SLFIN,142.14
,REF,90837,CPT4,AZ01,11,MEFFS,137.75
,REF,90837,CPT4,AL05,11,MWC,142.14
,REF,90837,CPT4,AZ01,11,USACC,120.44
,REF,90837,CPT4,AZ01,11,MWC,120.44
,REF,90837,CPT4,AR01,11,MWC,115.92
,REF,90837,CPT4,AL03,11,MCARE,142.14
,REF,90837,CPT4,AL03,11,MEPO,142.14
,REF,90837,CPT4,AL02,11,TC,142.14
,REF,90837,CPT4,AL03,11,HMOHRA,142.14
,REF,90837,CPT4,AK02,11,MPPO,225.83
,REF,90837,CPT4,AL04,11,SLFIN,142.14
,REF,90837,CPT4,AZ01,11,MEPOS,137.75
,REF,90837,CPT4,CA02,11,QPOS,128.02
,REF,90837,CPT4,AL06,11,MC,142.14
,REF,90837,CPT4,AL03,11,DPPO,142.14
,REF,90837,CPT4,AK02,11,HMO,169.37
,REF,90837,CPT4,AZ01,11,SLFIN,103.31
,REF,90837,CPT4,AL02,11,POS,142.14
,REF,90837,CPT4,AR01,11,USACC,99.02
,REF,90837,CPT4,AL07,11,TC,106.61
,REF,90837,CPT4,AL07,11,MPPO,142.14
,REF,90837,CPT4,CA04,11,MEPOS,110.57
,REF,90837,CPT4,CA02,11,HMOAVN,150.61
,REF,90837,CPT4,AR01,11,MEPO,78.49
,REF,90837,CPT4,AL08,11,EAP,142.14
,REF,90837,CPT4,AR01,11,,78.49
,REF,90837,CPT4,AL08,11,MCAID,142.14
,REF,90837,CPT4,AL06,11,NNHMO,142.14
,REF,90837,CPT4,AZ01,11,VPHMO,120.44
,REF,90837,CPT4,AL06,11,MEPO,120.82
,REF,90837,CPT4,AL03,11,DHMO,106.61
,REF,90837,CPT4,AL04,11,MEPOS,142.14
,REF,90837,CPT4,AZ01,11,MEFFS,120.44
,REF,90837,CPT4,AR01,11,TC,78.49
,REF,90837,CPT4,AL03,11,MEHMO,120.82
,REF,90837,CPT4,AR01,11,MBH,78.49
,REF,90837,CPT4,AK02,11,EAP,204.5
,REF,90837,CPT4,AK02,11,MWC,225.83
,REF,90837,CPT4,AL06,11,NNHMO,142.14
,REF,90837,CPT4,AL04,11,MC,106.61
,REF,90837,CPT4,AK02,11,HMOAVN,153.38
,REF,90837,CPT4,AK02,11,MWC,153.38
,REF,90837,CPT4,AL08,11,MC,142.14
,REF,90837,CPT4,CA02,11,MBH,150.61
,REF,90837,CPT4,CA02,11,MEFFS,112.96
,REF,90837,CPT4,CA01,11,MEPOS,157.04
,REF,90837,CPT4,AZ01,11,MWC,90.33
,REF,90837,CPT4,AK02,11,EAP,225.83
,REF,90837,CPT4,AK02,11,VPHMO,225.83
,REF,90837,CPT4,AK02,11,TC,153.38
,REF,90837,CPT4,AL02,11,TC,120.82
,REF,90837,CPT4,AK02,11,USACC,204.5
,REF,90837,CPT4,AZ01,11,HMO,120.44
,REF,90837,CPT4,AZ01,11,USACC,137.75
,REF,90837,CPT4,AL06,11,EAP,106.61
,REF,90837,CPT4,AR01,11,HMO,115.92
,REF,90837,CPT4,AL02,11,MEFFS,120.82
,REF,90837,CPT4,AL05,11,MCARE,106.61
,REF,90837,CPT4,AL02,11,HMOAVN,106.61
,REF,90837,CPT4,AL04,11,HMOHRA,142.14
,REF,90837,CPT4,AL03,11,MEFFS,142.14
,REF,90837,CPT4,AK02,11,TC,153.38
,REF,90837,CPT4,AR01,11,HMOHRA,78.49
,REF,90837,CPT4,AZ01,11,EAP,120.44
,REF,90837,CPT4,AK02,11,MWC,204.5
,REF,90837,CPT4,AK02,11,,204.5
,REF,90837,CPT4,AL06,11,MC,142.14
,REF,90837,CPT4,AL03,11,HMOAVN,106.61
,REF,90837,CPT4,CA01,11,TRICR,157.04
,REF,90837,CPT4,CA02,11,MHMO,128.02
,REF,90837,CPT4,AK02,11,MEFFS,225.83
,REF,90837,CPT4,CA01,11,HMO,133.48
,REF,90837,CPT4,AL07,11,MEPO,142.14
,REF,90837,CPT4,AL07,11,MEFFS,142.14
,REF,90837,CPT4,CA02,11,POS,150.61
,REF,90837,CPT4,AL04,11,HMO,106.61
,REF,90837,CPT4,AR01,11,EAP,115.92
,REF,90837,CPT4,AL08,11,MC,142.14
,REF,90837,CPT4,AL03,11,MWC,120.82
,REF,90837,CPT4,AK02,11,MEPOS,169.37
,REF,90837,CPT4,AK01,11,USACC,153.38
,REF,90837,CPT4,AL07,11,MHMO,106.61
,REF,90837,CPT4,AZ01,11,TRICR,103.31
,REF,90837,CPT4,AZ01,11,,103.31
,REF,90837,CPT4,CA01,11,VPHMO,157.04
,REF,90837,CPT4,AL07,11,SLFIN,142.14
,REF,90837,CPT4,AK02,11,MEHMO,204.5
,REF,90837,CPT4,AL07,11,HMOHRA,106.61
,REF,90837,CPT4,AR01,11,MPPO,99.02
,REF,90837,CPT4,AL03,11,DPPO,142.14
,REF,90837,CPT4,AL07,11,QPOS,106.61
,REF,90837,CPT4,AL04,11,VPHMO,120.82
,REF,90837,CPT4,AK02,11,QPOS,225.83
,REF,90837,CPT4,AR01,11,MEPO,115.92
,REF,90837,CPT4,AZ01,11,MWC,137.75
,REF,90837,CPT4,AZ01,11,NNHMO,137.75
,REF,90837,CPT4,AL04,11,POS,106.61
,REF,90837,CPT4,AR01,11,HMO,78.49
,REF,90837,CPT4,CA02,11,MBH,150.61
,REF,90837,CPT4,AR01,11,MBH,115.92
,REF,90837,CPT4,AL06,11,POS,142.14
,REF,90837,CPT4,AL05,11,MCAID,142.14
,REF,90837,CPT4,AL08,11,TC,142.14
,REF,90837,CPT4,AL03,11,MBH,106.61
,REF,90837,CPT4,AL06,11,HMOHRA,142.14
,REF,90837,CPT4,AL03,11,HMOAVN,142.14
,REF,90837,CPT4,AR01,11,MEFFS,99.02
,REF,90837,CPT4,AL06,11,MPPO,142.14
,REF,90837,CPT4,AZ01,11,TRICR,90.33
,REF,90837,CPT4,AL02,11,,120.82
,REF,90837,CPT4,AL07,11,MPPO,142.14
,REF,90837,CPT4,AK02,11,HMO,153.38
,REF,90837,CPT4,AK02,11,QPOS,169.37
,REF,90837,CPT4,CA04,11,MBH,110.57
,REF,90837,CPT4,AL02,11,VPHMO,106.61
,REF,90837,CPT4,AR01,11,MBH,78.49
,REF,90837,CPT4,AL08,11,MC,142.14
,REF,90837,CPT4,CA02,11,MEFFS,150.61
,REF,90837,CPT4,AZ01,11,MCAID,120.44
,REF,90837,CPT4,AL06,11,MWC,142.14
,REF,90837,CPT4,AR01,11,MCAID,78.49
,REF,90837,CPT4,CA04,11,DPPO,147.42
,REF,90837,CPT4,AL08,11,ALL,142.14
,REF,90837,CPT4,AL06,11,VPHMO,120.82
,REF,90837,CPT4,AL03,11,TRICR,142.14
,REF,90837,CPT4,AZ01,11,TRICR,90.33
,REF,90837,CPT4,AZ01,11,POS,90.33
,REF,90837,CPT4,AL08,11,MEFFS,142.14
,REF,90837,CPT4,AL08,11,MCARE,142.14
,REF,90837,CPT4,AL07,11,HMOAVN,106.61
,REF,90837,CPT4,AL07,11,HMOAVN,142.14
,REF,90837,CPT4,AZ01,11,POS,117.09
,REF,90837,CPT4,AL06,11,ALL,142.14
,REF,90837,CPT4,AL04,11,MEPOS,120.82
,REF,90837,CPT4,AL02,11,TRICR,142.14
,REF,90837,CPT4,AL03,11,USACC,142.14
,REF,90837,CPT4,AL04,11,MEPPO,106.61
,REF,90837,CPT4,AK02,11,VPHMO,173.83
,REF,90837,CPT4,AL02,11,EAP,142.14
,REF,90837,CPT4,AZ01,11,MWC,120.44
,REF,90837,CPT4,AL08,11,MCAID,106.61
,REF,90837,CPT4,AL02,11,HMOHRA,142.14
,REF,90837,CPT4,CA04,11,ALL,125.31
,REF,90837,CPT4,CA04,11,HMOAVN,125.31
,REF,90837,CPT4,AL04,11,HMO,142.14
,REF,90837,CPT4,AL03,11,MCARE,142.14
,REF,90837,CPT4,AL06,11,MEFFS,106.61
,REF,90837,CPT4,AL03,11,HMOAVN,106.61
,REF,90837,CPT4,CA01,11,EAP,117.78
,REF,90837,CPT4,AL04,11,SLFIN,120.82
,REF,90837,CPT4,CA02,11,MEHMO,112.96
,REF,90837,CPT4,CA04,11,MEFFS,147.42
,REF,90837,CPT4,AK02,11,MEPO,169.37
,REF,90837,CPT4,AR01,11,MEPPO,115.92
,REF,90837,CPT4,AR01,11,MEFFS,78.49
,REF,90837,CPT4,AL07,11,HMOAVN,142.14
,REF,90837,CPT4,AZ01,11,MWC,120.44
,REF,90837,CPT4,AL08,11,HMO,120.82
,REF,90837,CPT4,AL03,11,TC,142.14
,REF,90837,CPT4,AR01,11,POS,99.02
,REF,90837,CPT4,AL03,11,MWC,142.14
,REF,90837,CPT4,AK02,11,DHMO,191.95
,REF,90837,CPT4,AL05,11,TRICR,142.14
,REF,90837,CPT4,AL03,11,MEFFS,142.14
,REF,90837,CPT4,AL05,11,MPPO,106.61
,REF,90837,CPT4,CA01,11,,157.04
,REF,90837,CPT4,AL05,11,MBH,106.61
,REF,90837,CPT4,AL05,11,MCAID,142.14
,REF,90837,CPT4,AZ01,11,QPOS,90.33
,REF,90837,CPT4,CA02,11,HMO,112.96
,REF,90837,CPT4,CA01,11,NNHMO,133.48
,REF,90837,CPT4,CA04,11,EAP,110.57
,REF,90837,CPT4,CA04,11,MHMO,147.42
,REF,90837,CPT4,AL08,11,MWC,106.61
,REF,90837,CPT4,CA01,11,MEPO,157.04
,REF,90837,CPT4,AL02,11,MC,106.61
,REF,90837,CPT4,AL02,11,USACC,120.82
,REF,90837,CPT4,AL03,11,TRICR,106.61
,REF,90837,CPT4,AL07,11,POS,106.61
,REF,90837,CPT4,AK02,11,MEPOS,191.95
,REF,90837,CPT4,AL08,11,MHMO,120.82
,REF,90837,CPT4,AL06,11,SLFIN,142.14
,REF,90837,CPT4,AL06,11,MEPPO,142.14
,REF,90837,CPT4,AL02,11,VPHMO,142.14
,REF,90837,CPT4,AL02,11,VPHMO,120.82
,REF,90837,CPT4,AK02,11,USACC,225.83
,REF,90837,CPT4,AL04,11,MC,142.14
,REF,90837,CPT4,CA02,11,HMO,150.61
,REF,90837,CPT4,AL04,11,MWC,142.14
,REF,90837,CPT4,AL07,11,MEFFS,106.61
,REF,90837,CPT4,CA01,11,NNHMO,133.48
,REF,90837,CPT4,AZ01,11,VPHMO,90.33
,REF,90837,CPT4,AL08,11,VPHMO,142.14
,REF,90837,CPT4,CA02,11,DPPO,128.02
,REF,90837,CPT4,CA01,11,MEPOS,157.04
,REF,90837,CPT4,AR01,11,TC,115.92
,REF,90837,CPT4,AL04,11,EAP,142.14
,REF,90837,CPT4,CA04,11,HMO,147.42
,REF,90837,CPT4,AL07,11,EAP,106.61
,REF,90837,CPT4,AK02,11,MEHMO,153.38
,REF,90837,CPT4,AL06,11,MC,142.14
,REF,90837,CPT4,AL05,11,MBH,142.14
,REF,90837,CPT4,AZ01,11,SLFIN,120.44
,REF,90837,CPT4,AL07,11,DHMO,142.14
,REF,90837,CPT4,CA04,11,MEPPO,125.31
,REF,90837,CPT4,CA02,11,,112.96
,REF,90837,CPT4,AL07,11,USACC,142.14
,REF,90837,CPT4,AZ01,11,ALL,90.33
,REF,90837,CPT4,CA01,11,,117.78
,REF,90837,CPT4,AL03,11,EAP,106.61
,REF,90837,CPT4,AK02,11,HMO,169.37
,REF,90837,CPT4,CA01,11,TC,157.04
,REF,90837,CPT4,AL02,11,QPOS,142.14
,REF,90837,CPT4,AZ01,11,DHMO,120.44
,REF,90837,CPT4,AL02,11,MPPO,106.61
,REF,90837,CPT4,AL02,11,MHMO,106.61
,REF,90837,CPT4,AL02,11,POS,142.14
,REF,90837,CPT4,AZ01,11,HMO,120.44
,REF,90837,CPT4,CA02,11,POS,150.61
,REF,90837,CPT4,AK02,11,USACC,169.37
,REF,90837,CPT4,AL08,11,MEHMO,142.14
,REF,90837,CPT4,AR01,11,VPHMO,78.49
,REF,90837,CPT4,AR01,11,MEPOS,115.92
,REF,90837,CPT4,AL03,11,MEHMO,142.14
,REF,90837,CPT4,AL02,11,HMO,142.14
,REF,90837,CPT4,CA02,11,VPHMO,112.96
,REF,90837,CPT4,AR01,11,USACC,115.92
,REF,90837,CPT4,AK02,11,TRICR,153.38
,REF,90837,CPT4,CA04,11,HMOHRA,147.42
,REF,90837,CPT4,AL06,11,HMOHRA,106.61
,REF,90837,CPT4,AL02,11,USACC,142.14
,REF,90837,CPT4,AL08,11,MEFFS,106.61
,REF,90837,CPT4,AR01,11,MBH,78.49
,REF,90837,CPT4,AL06,11,MEFFS,142.14
,REF,90837,CPT4,CA02,11,QPOS,112.96
,REF,90837,CPT4,AL06,11,HMOHRA,106.61
,REF,90837,CPT4,AR01,11,QPOS,78.49
,REF,90837,CPT4,AL03,11,MEPO,142.14
,REF,90837,CPT4,AL03,11,MCARE,142.14
,REF,90837,CPT4,AK02,11,MHMO,169.37
,REF,90837,CPT4,AK02,11,MEHMO,225.83
,REF,90837,CPT4,AL08,11,EAP,142.14
,REF,90837,CPT4,AL03,11,,142.14
,REF,90837,CPT4,AZ01,11,ALL,103.31
,REF,90837,CPT4,AZ01,11,ALL,120.44
,REF,90837,CPT4,AK02,11,HMOHRA,191.95
,REF,90837,CPT4,AR01,11,ALL,78.49
,REF,90837,CPT4,CA04,11,MCARE,147.42
,REF,90837,CPT4,AZ01,11,MEPO,102.37
,REF,90837,CPT4,AL07,11,DPPO,106.61
,REF,90837,CPT4,AL07,11,MEHMO,120.82
,REF,90837,CPT4,AK02,11,HMOHRA,225.83
,REF,90837,CPT4,AR01,11,MEPOS,78.49
,REF,90837,CPT4,AZ01,11,MEFFS,117.09
,REF,90837,CPT4,AL02,11,MEPO,142.14
,REF,90837,CPT4,CA02,11,TRICR,150.61
,REF,90837,CPT4,AR01,11,VPHMO,115.92
,REF,90837,CPT4,AL03,11,MEPOS,142.14
,REF,90837,CPT4,CA01,11,NNHMO,157.04
,REF,90837,CPT4,AL05,11,TRICR,120.82
,REF,90837,CPT4,CA02,11,DHMO,150.61
,REF,90837,CPT4,CA04,11,HMOAVN,147.42
,REF,90837,CPT4,AL05,11,MEFFS,142.14
,REF,90837,CPT4,AL02,11,USACC,106.61
,REF,90837,CPT4,AL03,11,MPPO,106.61
,REF,90837,CPT4,AL05,11,MCAID,106.61
,REF,90837,CPT4,AL04,11,HMOHRA,142.14
,REF,90837,CPT4,AZ01,11,MEPO,137.75
,REF,90837,CPT4,AZ01,11,MCARE,137.75
,REF,90837,CPT4,AL03,11,TRICR,106.61
,REF,90837,CPT4,AZ01,11,QPOS,90.33
,REF,90837,CPT4,AL03,11,MPPO,120.82
,REF,90837,CPT4,AL02,11,DHMO,106.61
,REF,90837,CPT4,AZ01,11,HMO,102.37
,REF,90837,CPT4,AL08,11,MHMO,106.61
,REF,90837,CPT4,AL02,11,MHMO,142.14
,REF,90837,CPT4,AZ01,11,MEPPO,137.75
,REF,90837,CPT4,CA01,11,MBH,133.48
,REF,90837,CPT4,AR01,11,MC,115.92
,REF,90837,CPT4,AL05,11,MEPPO,142.14
,REF,90837,CPT4,AR01,11,MEPOS,78.49
,REF,90837,CPT4,AK02,11,NNHMO,173.83
,REF,90837,CPT4,CA04,11,DHMO,147.42
,REF,90837,CPT4,CA01,11,MEPOS,157.04
,REF,90837,CPT4,AL06,11,MEHMO,142.14
,REF,90837,CPT4,AL05,11,EAP,142.14
,REF,90837,CPT4,AL08,11,MEPPO,142.14
,REF,90837,CPT4,CA04,11,HMOAVN,125.31
,REF,90837,CPT4,AL07,11,EAP,106.61
,REF,90837,CPT4,AZ01,11,DPPO,137.75
,REF,90837,CPT4,AL08,11,MBH,142.14
,REF,90837,CPT4,AL03,11,DHMO,106.61
,REF,90837,CPT4,CA01,11,MEHMO,157.04
,REF,90837,CPT4,AL06,11,MWC,142.14
,REF,90837,CPT4,AL05,11,,142.14
,REF,90837,CPT4,AL03,11,HMOHRA,142.14
,REF,90837,CPT4,AL06,11,DHMO,106.61
,REF,90837,CPT4,AL07,11,MCARE,120.82
,REF,90837,CPT4,AL04,11,EAP,120.82
,REF,90837,CPT4,AK02,11,MWC,169.37
,REF,90837,CPT4,AK02,11,SLFIN,153.38
,REF,90837,CPT4,AL07,11,NNHMO,142.14
,REF,90837,CPT4,AL07,11,,120.82
,REF,90837,CPT4,AL05,11,MPPO,142.14
,REF,90837,CPT4,AR01,11,MEPOS,99.02
,REF,90837,CPT4,AL02,11,MCAID,142.14
,REF,90837,CPT4,AL02,11,POS,106.61
,REF,90837,CPT4,AL03,11,POS,106.61
,REF,90837,CPT4,AL03,11,,142.14
,REF,90837,CPT4,AR01,11,MHMO,99.02
,REF,90837,CPT4,AZ01,11,TRICR,120.44
,REF,90837,CPT4,CA04,11,HMO,110.57
,REF,90837,CPT4,AZ01,11,DHMO,103.31
,REF,90837,CPT4,AL08,11,VPHMO,142.14
,REF,90837,CPT4,AL05,11,NNHMO,142.14
,REF,90837,CPT4,AL04,11,NNHMO,142.14
,REF,90837,CPT4,AL04,11,MBH,106.61
,REF,90837,CPT4,AR01,11,USACC,115.92
,REF,90837,CPT4,AK02,11,SLFIN,225.83
,REF,90837,CPT4,AZ01,11,DPPO,90.33
,REF,90837,CPT4,AL05,11,HMOHRA,142.14
,REF,90837,CPT4,AZ01,11,MHMO,102.37
,REF,90837,CPT4,AL08,11,HMOAVN,142.14
,REF,90837,CPT4,AL06,11,ALL,106.61
,REF,90837,CPT4,AL02,11,POS,120.82
,REF,90837,CPT4,AK02,11,MWC,173.83
,REF,90837,CPT4,AL03,11,DPPO,142.14
,REF,90837,CPT4,AL02,11,HMOHRA,106.61
,REF,90837,CPT4,AL05,11,HMOAVN,106.61
,REF,90837,CPT4,AL07,11,DPPO,120.82
,REF,90837,CPT4,AZ01,11,HMOAVN,90.33
,REF,90837,CPT4,AL07,11,MHMO,142.14
,REF,90837,CPT4,AL02,11,MEPPO,142.14
,REF,90837,CPT4,AL03,11,DPPO,142.14
,REF,90837,CPT4,AL03,11,MEPO,142.14
,REF,90837,CPT4,AZ01,11,DHMO,117.09
,REF,90837,CPT4,AK02,11,HMO,153.38
,REF,90837,CPT4,AL03,11,MEPPO,106.61
,REF,90837,CPT4,AL04,11,MEPO,120.82
,REF,90837,CPT4,AL02,11,NNHMO,106.61
,REF,90837,CPT4,AL02,11,POS,120.82
,REF,90837,CPT4,AK02,11,MEPOS,225.83
,REF,90837,CPT4,AL02,11,SLFIN,106.61
,REF,90837,CPT4,AL07,11,MHMO,120.82
,REF,90837,CPT4,AZ01,11,TRICR,137.75
,REF,90837,CPT4,AZ01,11,MC,103.31
,REF,90837,CPT4,CA04,11,MEFFS,147.42
,REF,90837,CPT4,AL04,11,MEPO,142.14
,REF,90837,CPT4,AL04,11,DHMO,106.61
,REF,90837,CPT4,AZ01,11,HMOAVN,137.75
,REF,90837,CPT4,AL05,11,TRICR,142.14
,REF,90837,CPT4,CA04,11,MCAID,147.42
,REF,90837,CPT4,AZ01,11,MPPO,120.44
,REF,90837,CPT4,AR01,11,MPPO,78.49
,REF,90837,CPT4,AL08,11,USACC,106.61
,REF,90837,CPT4,AL05,11,POS,120.82
,REF,90837,CPT4,AK02,11,HMOAVN,173.83
,REF,90837,CPT4,AL02,11,MWC,142.14
,REF,90837,CPT4,CA01,11,ALL,157.04
,REF,90837,CPT4,CA04,11,MCARE,147.42
,REF,90837,CPT4,AL04,11,ALL,142.14
,REF,90837,CPT4,CA04,11,ALL,147.42
,REF,90837,CPT4,AZ01,11,MCAID,102.37
,REF,90837,CPT4,CA01,11,SLFIN,117.78
,REF,90837,CPT4,AK02,11,NNHMO,153.38
,REF,90837,CPT4,AZ01,11,SLFIN,90.33
,REF,90837,CPT4,CA01,11,TRICR,117.78
,REF,90837,CPT4,AL02,11,HMOHRA,106.61
,REF,90837,CPT4,AL03,11,MWC,120.82
,REF,90837,CPT4,AK02,11,MCARE,204.5
,REF,90837,CPT4,AL04,11,HMOHRA,106.61
,REF,90837,CPT4,AZ01,11,VPHMO,120.44
,REF,90837,CPT4,AR01,11,MCARE,115.92
,REF,90837,CPT4,AZ01,11,QPOS,137.75
,REF,90837,CPT4,AL05,11,MHMO,120.82
,REF,90837,CPT4,AL07,11,HMOHRA,106.61
,REF,90837,CPT4,CA01,11,DHMO,157.04
,REF,90837,CPT4,AK02,11,POS,204.5
,REF,90837,CPT4,AL05,11,DHMO,142.14
,REF,90837,CPT4,AR01,11,VPHMO,115.92
,REF,90837,CPT4,AK02,11,HMO,204.5
,REF,90837,CPT4,AZ01,11,MPPO,102.37
,REF,90837,CPT4,CA02,11,ALL,112.96
,REF,90837,CPT4,AL08,11,MEPPO,106.61
,REF,90837,CPT4,AL03,11,EAP,142.14
,REF,90837,CPT4,CA04,11,MEHMO,110.57
,REF,90837,CPT4,AZ01,11,TC,103.31
,REF,90837,CPT4,CA01,11,EAP,157.04
,REF,90837,CPT4,AZ01,11,HMOHRA,90.33
,REF,90837,CPT4,AR01,11,MCAID,78.49
,REF,90837,CPT4,AL05,11,NNHMO,106.61
,REF,90837,CPT4,CA01,11,POS,157.04
,REF,90837,CPT4,CA02,11,VPHMO,112.96
,REF,90837,CPT4,AL02,11,MEHMO,142.14
,REF,90837,CPT4,AL08,11,,142.14
,REF,90837,CPT4,AL04,11,QPOS,142.14
,REF,90837,CPT4,AK02,11,MBH,153.38
,REF,90837,CPT4,AR01,11,HMOHRA,78.49
,REF,90837,CPT4,AR01,11,MPPO,115.92
,REF,90837,CPT4,AR01,11,QPOS,78.49
,REF,90837,CPT4,CA02,11,DHMO,150.61
,REF,90837,CPT4,AL07,11,HMO,142.14
,REF,90837,CPT4,AL02,11,MCARE,120.82
,REF,90837,CPT4,AL03,11,DHMO,142.14
,REF,90837,CPT4,CA04,11,MEPPO,125.31
,REF,90837,CPT4,AK02,11,MEFFS,225.83
,REF,90837,CPT4,AR01,11,DHMO,115.92
,REF,90837,CPT4,AK02,11,MC,191.95
,REF,90837,CPT4,AL05,11,DHMO,106.61
,REF,90837,CPT4,AZ01,11,MHMO,137.75
,REF,90837,CPT4,AR01,11,NNHMO,78.49
,REF,90837,CPT4,CA01,11,MC,117.78
,REF,90837,CPT4,AL03,11,,106.61
,REF,90837,CPT4,AZ01,11,MEPOS,120.44
,REF,90837,CPT4,AR01,11,TRICR,78.49
,REF,90837,CPT4,CA04,11,DPPO,147.42
,REF,90837,CPT4,AL06,11,MCAID,142.14
,REF,90837,CPT4,CA01,11,DHMO,157.04
,REF,90837,CPT4,AZ01,11,,90.33
,REF,90837,CPT4,CA04,11,DPPO,110.57
,REF,90837,CPT4,AL07,11,MCAID,142.14
,REF,90837,CPT4,AL02,11,TRICR,106.61
,REF,90837,CPT4,AK02,11,ALL,173.83
,REF,90837,CPT4,CA04,11,MEHMO,147.42
,REF,90837,CPT4,AK02,11,MEHMO,169.37
,REF,90837,CPT4,AR01,11,QPOS,78.49
,REF,90837,CPT4,CA01,11,MC,157.04
,REF,90837,CPT4,AZ01,11,HMO,102.37
,REF,90837,CPT4,AR01,11,TC,78.49
,REF,90837,CPT4,AZ01,11,QPOS,120.44
,REF,90837,CPT4,AL06,11,QPOS,142.14
,REF,90837,CPT4,AK02,11,USACC,169.37
,REF,90837,CPT4,AL03,11,HMO,142.14
,REF,90837,CPT4,AL07,11,MPPO,142.14
,REF,90837,CPT4,AZ01,11,MEPO,137.75
,REF,90837,CPT4,AL03,11,MEPPO,142.14
,REF,90837,CPT4,AL07,11,MEPPO,106.61
,REF,90837,CPT4,AL07,11,TC,142.14
,REF,90837,CPT4,CA04,11,MBH,125.31
,REF,90837,CPT4,AL05,11,MEPOS,142.14
,REF,90837,CPT4,AL07,11,MPPO,106.61
,REF,90837,CPT4,AK02,11,MEPO,153.38
,REF,90837,CPT4,AL07,11,ALL,142.14
,REF,90837,CPT4,AL05,11,MBH,142.14
,REF,90837,CPT4,CA01,11,MHMO,157.04
,REF,90837,CPT4,AZ01,11,TC,103.31
,REF,90837,CPT4,CA04,11,MC,110.57
,REF,90837,CPT4,AL04,11,NNHMO,142.14
,REF,90837,CPT4,AL06,11,TC,120.82
,REF,90837,CPT4,AZ01,11,DHMO,120.44
,REF,90837,CPT4,AL06,11,,106.61
,REF,90837,CPT4,AZ01,11,MHMO,137.75
,REF,90837,CPT4,AK02,11,HMO,204.5
,REF,90837,CPT4,AZ01,11,MCARE,103.31
,REF,90837,CPT4,AL03,11,DPPO,106.61
,REF,90837,CPT4,AL08,11,HMOHRA,106.61
,REF,90837,CPT4,AK02,11,MCARE,225.83
,REF,90837,CPT4,AL02,11,HMO,106.61
,REF,90837,CPT4,AL08,11,HMOAVN,142.14
,REF,90837,CPT4,AL03,11,MWC,106.61
,REF,90837,CPT4,AL03,11,USACC,142.14
,REF,90837,CPT4,AL05,11,NNHMO,142.14
,REF,90837,CPT4,AL05,11,MEFFS,142.14
,REF,90837,CPT4,CA02,11,TRICR,150.61
,REF,90837,CPT4,AZ01,11,VPHMO,137.75
,REF,90837,CPT4,AL05,11,EAP,120.82
,REF,90837,CPT4,AL07,11,MEHMO,106.61
,REF,90837,CPT4,AK02,11,MEPO,169.37
,REF,90837,CPT4,AK02,11,MWC,169.37
,REF,90837,CPT4,AK02,11,USACC,153.38
,REF,90837,CPT4,AK02,11,QPOS,191.95
,REF,90837,CPT4,AL06,11,POS,120.82
,REF,90837,CPT4,AL02,11,DPPO,120.82
,REF,90837,CPT4,AK02,11,DPPO,225.83
,REF,90837,CPT4,AK02,11,MHMO,173.83
,REF,90837,CPT4,AL03,11,TRICR,142.14
,REF,90837,CPT4,AK02,11,MWC,225.83
,REF,90837,CPT4,AL05,11,EAP,142.14
,REF,90837,CPT4,CA01,11,EAP,157.04
,REF,90837,CPT4,AL03,11,MHMO,120.82
,REF,90837,CPT4,AL05,11,HMOAVN,142.14
,REF,90837,CPT4,AL07,11,MEPO,106.61
,REF,90837,CPT4,AK02,11,MWC,153.38
,REF,90837,CPT4,AL07,11,POS,106.61
,REF,90837,CPT4,AZ01,11,MEPPO,103.31
,REF,90837,CPT4,AZ01,11,ALL,137.75
,REF,90837,CPT4,AL05,11,TC,142.14
,REF,90837,CPT4,AL06,11,MCAID,142.14
,REF,90837,CPT4,AL07,11,MC,142.14
,REF,90837,CPT4,AL07,11,MCARE,142.14
,REF,90837,CPT4,AK02,11,HMOAVN,169.37
,REF,90837,CPT4,AK02,11,TC,225.83
,REF,90837,CPT4,AR01,11,MCAID,78.49
,REF,90837,CPT4,CA04,11,HMOHRA,110.57
,REF,90837,CPT4,AL02,11,HMOHRA,142.14
,REF,90837,CPT4,AK02,11,EAP,153.38
,REF,90837,CPT4,AL08,11,MEPPO,106.61
,REF,90837,CPT4,AL07,11,HMOAVN,106.61
,REF,90837,CPT4,AL03,11,QPOS,142.14
,REF,90837,CPT4,CA01,11,EAP,133.48
,REF,90837,CPT4,AL07,11,MBH,142.14
,REF,90837,CPT4,AK01,11,USACC,204.5
,REF,90837,CPT4,AL08,11,MEHMO,142.14
,REF,90837,CPT4,AZ01,11,TRICR,102.37
,REF,90837,CPT4,AL03,11,DHMO,142.14
,REF,90837,CPT4,AZ01,11,,120.44
,REF,90837,CPT4,AZ01,11,MC,120.44
,REF,90837,CPT4,AR01,11,HMOHRA,78.49
,REF,90837,CPT4,AL05,11,MEPOS,142.14
,REF,90837,CPT4,AL06,11,EAP,142.14
,REF,90837,CPT4,AL07,11,,142.14
,REF,90837,CPT4,AL03,11,MHMO,106.61
,REF,90837,CPT4,AZ01,11,MPPO,90.33
,REF,90837,CPT4,CA02,11,USACC,150.61
,REF,90837,CPT4,AK02,11,MEPOS,153.38
,REF,90837,CPT4,AL04,11,HMO,106.61
,REF,90837,CPT4,AL07,11,SLFIN,106.61
,REF,90837,CPT4,AL07,11,DHMO,142.14
,REF,90837,CPT4,AL02,11,MEPPO,142.14
,REF,90837,CPT4,CA02,11,HMO,128.02
,REF,90837,CPT4,AK02,11,MEHMO,225.83
,REF,90837,CPT4,CA02,11,HMOAVN,150.61
,REF,90837,CPT4,AZ01,11,MCAID,117.09
,REF,90837,CPT4,AL07,11,MEFFS,120.82
,REF,90837,CPT4,CA02,11,MBH,112.96
,REF,90837,CPT4,AZ01,11,HMOAVN,120.44
,REF,90837,CPT4,CA01,11,NNHMO,157.04
,REF,90837,CPT4,CA02,11,HMOAVN,112.96
,REF,90837,CPT4,AL03,11,EAP,142.14
,REF,90837,CPT4,AL07,11,DPPO,120.82
,REF,90837,CPT4,AZ01,11,DPPO,102.37
,REF,90837,CPT4,AK02,11,,153.38
,REF,90837,CPT4,AL08,11,,106.61
,REF,90837,CPT4,CA02,11,HMOHRA,112.96
,REF,90837,CPT4,AR01,11,,78.49
,REF,90837,CPT4,AK02,11,HMOAVN,204.5
,REF,90837,CPT4,AK02,11,MEPPO,191.95
,REF,90837,CPT4,CA02,11,MEFFS,150.61
,REF,90837,CPT4,AL05,11,USACC,142.14
,REF,90837,CPT4,AL02,11,TC,120.82
,REF,90837,CPT4,AL07,11,SLFIN,106.61
,REF,90837,CPT4,CA01,11,ALL,133.48
,REF,90837,CPT4,CA04,11,MEFFS,125.31
,REF,90837,CPT4,AL07,11,DPPO,106.61
,REF,90837,CPT4,AL05,11,MHMO,142.14
,REF,90837,CPT4,AR01,11,USACC,78.49
,REF,90837,CPT4,AL04,11,DHMO,120.82
,REF,90837,CPT4,AL05,11,MC,120.82
,REF,90837,CPT4,CA02,11,TRICR,112.96
,REF,90837,CPT4,AL06,11,SLFIN,106.61
,REF,90837,CPT4,AL05,11,USACC,142.14
,REF,90837,CPT4,AL06,11,MCARE,120.82
,REF,90837,CPT4,AL06,11,MPPO,142.14
,REF,90837,CPT4,AR01,11,SLFIN,78.49
,REF,90837,CPT4,AL06,11,MEPPO,142.14
,REF,90837,CPT4,AL08,11,MBH,142.14
,REF,90837,CPT4,AL06,11,,106.61
,REF,90837,CPT4,AK02,11,MEHMO,204.5
,REF,90837,CPT4,AR01,11,USACC,99.02
,REF,90837,CPT4,AR01,11,HMOAVN,78.49
,REF,90837,CPT4,CA02,11,POS,150.61
,REF,90837,CPT4,AK01,11,VPHMO,225.83
,REF,90837,CPT4,AZ01,11,QPOS,90.33
,REF,90837,CPT4,AR01,11,MCAID,115.92
,REF,90837,CPT4,AK02,11,MCARE,153.38
,REF,90837,CPT4,AL07,11,POS,106.61
,REF,90837,CPT4,AK02,11,USACC,225.83
,REF,90837,CPT4,AZ01,11,MPPO,103.31
,REF,90837,CPT4,AL02,11,MWC,142.14
,REF,90837,CPT4,AL04,11,,106.61
,REF,90837,CPT4,AL07,11,POS,120.82
,REF,90837,CPT4,AZ01,11,MPPO,90.33
,REF,90837,CPT4,AR01,11,MPPO,115.92
,REF,90837,CPT4,AL05,11,MC,106.61
,REF,90837,CPT4,AR01,11,TRICR,99.02
,REF,90837,CPT4,CA01,11,TRICR,157.04
,REF,90837,CPT4,AR01,11,TRICR,78.49
,REF,90837,CPT4,AL02,11,DHMO,142.14
,REF,90837,CPT4,AL02,11,NNHMO,142.14
,REF,90837,CPT4,CA02,11,MPPO,112.96
,REF,90837,CPT4,AL07,11,MCARE,142.14
,REF,90837,CPT4,CA01,11,TRICR,133.48
,REF,90837,CPT4,AK02,11,NNHMO,191.95
,REF,90837,CPT4,AK02,11,HMOAVN,204.5
,REF,90837,CPT4,AZ01,11,NNHMO,137.75
,REF,90837,CPT4,AL08,11,HMOHRA,120.82
,REF,90837,CPT4,AL04,11,HMOAVN,106.61
,REF,90837,CPT4,AL02,11,EAP,120.82
,REF,90837,CPT4,AL02,11,POS,142.14
,REF,90837,CPT4,AL02,11,MWC,106.61
,REF,90837,CPT4,AK02,11,EAP,191.95
,REF,90837,CPT4,AL02,11,VPHMO,142.14
,REF,90837,CPT4,AL03,11,MWC,142.14
,REF,90837,CPT4,AZ01,11,HMOAVN,137.75
,REF,90837,CPT4,CA04,11,MCAID,147.42
,REF,90837,CPT4,AK02,11,QPOS,204.5
,REF,90837,CPT4,AL06,11,MC,106.61
,REF,90837,CPT4,AZ01,11,MBH,120.44
,REF,90837,CPT4,AZ01,11,MHMO,103.31
,REF,90837,CPT4,AL03,11,HMOAVN,142.14
,REF,90837,CPT4,AZ01,11,USACC,120.44
,REF,90837,CPT4,CA02,11,TC,150.61
,REF,90837,CPT4,AL05,11,,120.82
,REF,90837,CPT4,AK02,11,MWC,204.5
,REF,90837,CPT4,AK02,11,MCARE,225.83
,REF,90837,CPT4,AK02,11,MPPO,225.83
,REF,90837,CPT4,AL06,11,MCAID,120.82
,REF,90837,CPT4,AL04,11,TC,142.14
,REF,90837,CPT4,AL08,11,QPOS,120.82
,REF,90837,CPT4,CA02,11,HMO,150.61
,REF,90837,CPT4,AK01,11,VPHMO,204.5
,REF,90837,CPT4,AL08,11,QPOS,142.14
,REF,90837,CPT4,AL05,11,VPHMO,106.61
,REF,90837,CPT4,AL04,11,ALL,142.14
,REF,90837,CPT4,AL02,11,HMOHRA,142.14
,REF,90837,CPT4,CA02,11,MEHMO,112.96
,REF,90837,CPT4,AL02,11,MCARE,142.14
,REF,90837,CPT4,AK02,11,MC,153.38
,REF,90837,CPT4,AL06,11,USACC,142.14
,REF,90837,CPT4,AK02,11,MC,204.5
,REF,90837,CPT4,AK02,11,MEPOS,204.5
,REF,90837,CPT4,AK02,11,DPPO,204.5
,REF,90837,CPT4,AK02,11,,169.37
,REF,90837,CPT4,AZ01,11,MCAID,117.09
,REF,90837,CPT4,AL02,11,DPPO,106.61
,REF,90837,CPT4,AR01,11,MC,78.49
,REF,90837,CPT4,AZ01,11,DHMO,137.75
,REF,90837,CPT4,CA02,11,MCAID,150.61
,REF,90837,CPT4,AR01,11,MEHMO,115.92
,REF,90837,CPT4,AL05,11,MEHMO,106.61
,REF,90837,CPT4,AL05,11,POS,106.61
,REF,90837,CPT4,AL03,11,MBH,142.14
,REF,90837,CPT4,AL05,11,MEHMO,142.14
,REF,90837,CPT4,AZ01,11,VPHMO,120.44
,REF,90837,CPT4,AL05,11,MEHMO,106.61
,REF,90837,CPT4,AL07,11,MEHMO,106.61
,REF,90837,CPT4,AL04,11,MEPO,120.82
,REF,90837,CPT4,CA01,11,ALL,157.04
,REF,90837,CPT4,AZ01,11,MEFFS,137.75
,REF,90837,CPT4,CA02,11,NNHMO,150.61
,REF,90837,CPT4,AL05,11,QPOS,106.61
,REF,90837,CPT4,AL06,11,TC,142.14
,REF,90837,CPT4,CA01,11,MWC,157.04
,REF,90837,CPT4,CA02,11,DPPO,150.61
,REF,90837,CPT4,CA04,11,HMOAVN,147.42
,REF,90837,CPT4,AK02,11,ALL,153.38
,REF,90837,CPT4,AL05,11,MEPO,106.61
,REF,90837,CPT4,AZ01,11,MEPOS,120.44
,REF,90837,CPT4,AL05,11,MEHMO,106.61
,REF,90837,CPT4,CA01,11,MHMO,157.04
,REF,90837,CPT4,AZ01,11,MC,120.44
,REF,90837,CPT4,CA04,11,MHMO,110.57
,REF,90837,CPT4,AL05,11,HMOAVN,142.14
,REF,90837,CPT4,AK02,11,MC,204.5
,REF,90837,CPT4,CA02,11,MEFFS,112.96
,REF,90837,CPT4,AL07,11,MCAID,142.14
,REF,90837,CPT4,AK02,11,MPPO,169.37
,REF,90837,CPT4,AL02,11,MEPPO,142.14
,REF,90837,CPT4,AK02,11,MWC,153.38
,REF,90837,CPT4,CA01,11,MEPPO,133.48
,REF,90837,CPT4,AL03,11,VPHMO,142.14
,REF,90837,CPT4,AL04,11,HMOHRA,142.14
,REF,90837,CPT4,AK02,11,DHMO,173.83
,REF,90837,CPT4,AL07,11,DPPO,106.61
,REF,90837,CPT4,AK01,11,USACC,204.5
,REF,90837,CPT4,AK02,11,NNHMO,225.83
,REF,90837,CPT4,AK02,11,USACC,173.83
,REF,90837,CPT4,AL04,11,DHMO,142.14
,REF,90837,CPT4,CA01,11,MEPPO,133.48
,REF,90837,CPT4,AK02,11,MCARE,204.5
,REF,90837,CPT4,AK02,11,EAP,153.38
,REF,90837,CPT4,AR01,11,MEPO,99.02
,REF,90837,CPT4,AL05,11,MWC,120.82
,REF,90837,CPT4,CA04,11,DHMO,147.42
,REF,90837,CPT4,AL06,11,,142.14
,REF,90837,CPT4,AL06,11,TRICR,120.82
,REF,90837,CPT4,AL06,11,MEPOS,142.14
,REF,90837,CPT4,AZ01,11,,120.44
,REF,90837,CPT4,AL05,11,TC,142.14
,REF,90837,CPT4,AL03,11,MBH,142.14
,REF,90837,CPT4,AL06,11,,142.14
,REF,90837,CPT4,AL06,11,HMOAVN,142.14
,REF,90837,CPT4,AL02,11,HMO,142.14
,REF,90837,CPT4,AL03,11,MHMO,142.14
,REF,90837,CPT4,AK01,11,USACC,153.38
,REF,90837,CPT4,AL05,11,MHMO,142.14
,REF,90837,CPT4,AL06,11,MEFFS,120.82
,REF,90837,CPT4,AK01,11,USACC,225.83
,REF,90837,CPT4,CA04,11,EAP,147.42
,REF,90837,CPT4,AL08,11,MCAID,106.61
,REF,90837,CPT4,AR01,11,NNHMO,115.92
,REF,90837,CPT4,AL07,11,MEPOS,106.61
,REF,90837,CPT4,AL03,11,MEPO,142.14
,REF,90837,CPT4,AL06,11,MCARE,142.14
,REF,90837,CPT4,AK02,11,MEHMO,173.83
,REF,90837,CPT4,CA02,11,VPHMO,112.96
,REF,90837,CPT4,AR01,11,MCAID,78.49
,REF,90837,CPT4,CA01,11,MEPO,117.78
,REF,90837,CPT4,CA01,11,HMOHRA,117.78
,REF,90837,CPT4,AL05,11,SLFIN,106.61
,REF,90837,CPT4,AZ01,11,DHMO,120.44
,REF,90837,CPT4,AK02,11,MWC,225.83
,REF,90837,CPT4,CA01,11,,133.48
,REF,90837,CPT4,AL03,11,DHMO,106.61
,REF,90837,CPT4,AZ01,11,QPOS,137.75
,REF,90837,CPT4,AL07,11,MEPPO,142.14
,REF,90837,CPT4,AL06,11,,142.14
,REF,90837,CPT4,AK02,11,ALL,191.95
,REF,90837,CPT4,CA02,11,MEPOS,128.02
,REF,90837,CPT4,AL04,11,DHMO,106.61
,REF,90837,CPT4,AZ01,11,TRICR,137.75
,REF,90837,CPT4,AZ01,11,SLFIN,120.44
,REF,90837,CPT4,AL08,11,TC,106.61
,REF,90837,CPT4,AZ01,11,MWC,120.44
,REF,90837,CPT4,CA02,11,MEPO,150.61
,REF,90837,CPT4,AZ01,11,QPOS,137.75
,REF,90837,CPT4,AZ01,11,HMO,120.44
,REF,90837,CPT4,AK02,11,MEHMO,173.83
,REF,90837,CPT4,AK02,11,MEPO,204.5
,REF,90837,CPT4,AL02,11,HMO,142.14
,REF,90837,CPT4,AZ01,11,TC,90.33
,REF,90837,CPT4,AL07,11,MC,142.14
,REF,90837,CPT4,AL02,11,ALL,106.61
,REF,90837,CPT4,AL04,11,MEFFS,120.82
,REF,90837,CPT4,AZ01,11,MCARE,137.75
,REF,90837,CPT4,AZ01,11,MEFFS,102.37
,REF,90837,CPT4,AZ01,11,HMO,103.31
,REF,90837,CPT4,AL03,11,QPOS,142.14
,REF,90837,CPT4,AL03,11,VPHMO,142.14
,REF,90837,CPT4,AZ01,11,HMOHRA,137.75
,REF,90837,CPT4,AL02,11,HMO,106.61
,REF,90837,CPT4,CA01,11,,157.04
,REF,90837,CPT4,AL08,11,NNHMO,142.14
,REF,90837,CPT4,AL08,11,DHMO,142.14
,REF,90837,CPT4,AL06,11,POS,106.61
,REF,90837,CPT4,CA01,11,VPHMO,117.78
,REF,90837,CPT4,CA01,11,TC,157.04
,REF,90837,CPT4,AL04,11,POS,142.14
,REF,90837,CPT4,AR01,11,MEPO,99.02
,REF,90837,CPT4,AK02,11,MEPOS,169.37
,REF,90837,CPT4,AL07,11,MPPO,106.61
,REF,90837,CPT4,AZ01,11,SLFIN,103.31
,REF,90837,CPT4,CA01,11,HMO,117.78
,REF,90837,CPT4,AZ01,11,MPPO,117.09
,REF,90837,CPT4,AL04,11,QPOS,142.14
,REF,90837,CPT4,AL07,11,DPPO,142.14
,REF,90837,CPT4,AR01,11,MCARE,78.49
,REF,90837,CPT4,AZ01,11,MPPO,103.31
,REF,90837,CPT4,AK02,11,MEPPO,204.5
,REF,90837,CPT4,AL03,11,DHMO,120.82
,REF,90837,CPT4,AL03,11,TC,106.61
,REF,90837,CPT4,CA02,11,VPHMO,150.61
,REF,90837,CPT4,CA01,11,MC,117.78
,REF,90837,CPT4,AL03,11,MEPPO,106.61
,REF,90837,CPT4,AK02,11,DPPO,225.83
,REF,90837,CPT4,AL06,11,NNHMO,142.14
,REF,90837,CPT4,AK02,11,TC,204.5
,REF,90837,CPT4,AL03,11,MPPO,142.14
,REF,90837,CPT4,AL07,11,USACC,106.61
,REF,90837,CPT4,CA04,11,MEPOS,147.42
,REF,90837,CPT4,CA04,11,DPPO,147.42
,REF,90837,CPT4,AZ01,11,TC,120.44
,REF,90837,CPT4,AL06,11,MCAID,142.14
,REF,90837,CPT4,AK01,11,VPHMO,225.83
,REF,90837,CPT4,AL07,11,POS,142.14
,REF,90837,CPT4,AR01,11,NNHMO,99.02
,REF,90837,CPT4,AL07,11,MBH,120.82
,REF,90837,CPT4,AZ01,11,MEHMO,120.44
,REF,90837,CPT4,CA01,11,HMOHRA,133.48
,REF,90837,CPT4,CA01,11,NNHMO,117.78
,REF,90837,CPT4,AL08,11,MEPOS,142.14
,REF,90837,CPT4,AK02,11,NNHMO,204.5
,REF,90837,CPT4,AL04,11,EAP,106.61
,REF,90837,CPT4,AL02,11,MPPO,142.14
,REF,90837,CPT4,CA01,11,HMOHRA,157.04
,REF,90837,CPT4,AR01,11,DPPO,78.49
,REF,90837,CPT4,AL04,11,MPPO,106.61
,REF,90837,CPT4,AL06,11,SLFIN,142.14
,REF,90837,CPT4,AL04,11,NNHMO,142.14
,REF,90837,CPT4,AL08,11,EAP,106.61
,REF,90837,CPT4,AL06,11,MC,120.82
,REF,90837,CPT4,AL04,11,MBH,142.14
,REF,90837,CPT4,AZ01,11,MEFFS,120.44
,REF,90837,CPT4,AL02,11,QPOS,142.14
,REF,90837,CPT4,AL07,11,MCARE,106.61
,REF,90837,CPT4,AZ01,11,MEPO,120.44
,REF,90837,CPT4,AL04,11,MEPO,142.14
,REF,90837,CPT4,CA01,11,MC,157.04
,REF,90837,CPT4,AL03,11,MC,106.61
,REF,90837,CPT4,AL05,11,HMO,142.14
,REF,90837,CPT4,AL08,11,MCARE,142.14
,REF,90837,CPT4,AL04,11,HMOHRA,142.14
,REF,90837,CPT4,CA01,11,MEPOS,157.04
,REF,90837,CPT4,AL06,11,HMO,106.61
,REF,90837,CPT4,AL07,11,DPPO,142.14
,REF,90837,CPT4,AK02,11,,225.83
,REF,90837,CPT4,AL02,11,DPPO,142.14
,REF,90837,CPT4,AL04,11,MHMO,106.61
,REF,90837,CPT4,AL04,11,MC,142.14
,REF,90837,CPT4,AL04,11,MEFFS,106.61
,REF,90837,CPT4,AL07,11,DHMO,142.14
,REF,90837,CPT4,AK02,11,MEPPO,225.83
,REF,90837,CPT4,AR01,11,VPHMO,115.92
,REF,90837,CPT4,AK02,11,MCAID,204.5
,REF,90837,CPT4,CA04,11,HMO,147.42
,REF,90837,CPT4,AK02,11,MEHMO,225.83
,REF,90837,CPT4,AL02,11,MEFFS,106.61
,REF,90837,CPT4,AZ01,11,MCAID,103.31
,REF,90837,CPT4,AK02,11,TRICR,225.83
,REF,90837,CPT4,AZ01,11,ALL,120.44
,REF,90837,CPT4,AK02,11,USACC,204.5
,REF,90837,CPT4,AZ01,11,DPPO,117.09
,REF,90837,CPT4,AL05,11,SLFIN,120.82
,REF,90837,CPT4,AL05,11,QPOS,106.61
,REF,90837,CPT4,AR01,11,ALL,78.49
,REF,90837,CPT4,AL05,11,MPPO,142.14
,REF,90837,CPT4,AL05,11,MEPPO,120.82
,REF,90837,CPT4,AL03,11,MCARE,106.61
,REF,90837,CPT4,AK02,11,TC,225.83
,REF,90837,CPT4,AL02,11,DPPO,106.61
,REF,90837,CPT4,AL06,11,MEPO,142.14
,REF,90837,CPT4,AZ01,11,MCARE,90.33
,REF,90837,CPT4,AR01,11,MEHMO,78.49
,REF,90837,CPT4,AL07,11,HMO,142.14
,REF,90837,CPT4,AZ01,11,MEHMO,137.75
,REF,90837,CPT4,AL06,11,MEPPO,142.14
,REF,90837,CPT4,CA04,11,ALL,147.42
,REF,90837,CPT4,AL08,11,POS,120.82
,REF,90837,CPT4,AZ01,11,HMO,137.75
,REF,90837,CPT4,AL06,11,QPOS,142.14
,REF,90837,CPT4,AK02,11,MEFFS,204.5
,REF,90837,CPT4,AL02,11,MEFFS,142.14
,REF,90837,CPT4,CA04,11,MBH,125.31
,REF,90837,CPT4,AZ01,11,MWC,90.33
,REF,90837,CPT4,CA01,11,MPPO,157.04
,REF,90837,CPT4,AZ01,11,TRICR,90.33
,REF,90837,CPT4,AZ01,11,MC,120.44
,REF,90837,CPT4,CA01,11,MEFFS,157.04
,REF,90837,CPT4,AL06,11,VPHMO,142.14
,REF,90837,CPT4,AK02,11,MEPPO,169.37
,REF,90837,CPT4,AR01,11,HMOHRA,99.02
,REF,90837,CPT4,AK02,11,EAP,153.38
,REF,90837,CPT4,AK02,11,ALL,153.38
,REF,90837,CPT4,AK02,11,MEHMO,169.37
,REF,90837,CPT4,AL08,11,USACC,142.14
,REF,90837,CPT4,AK02,11,HMOHRA,153.38
,REF,90837,CPT4,AL08,11,DHMO,106.61
,REF,90837,CPT4,AL02,11,USACC,142.14
,REF,90837,CPT4,AL05,11,MEPOS,142.14
,REF,90837,CPT4,AL08,11,USACC,142.14
,REF,90837,CPT4,AL08,11,QPOS,106.61
,REF,90837,CPT4,AK02,11,HMOHRA,173.83
,REF,90837,CPT4,CA04,11,MEPPO,147.42
,REF,90837,CPT4,AL03,11,MEPO,106.61
,REF,90837,CPT4,AZ01,11,MHMO,103.31
,REF,90837,CPT4,CA02,11,,150.61
,REF,90837,CPT4,AL05,11,,106.61
,REF,90837,CPT4,AL02,11,EAP,142.14
,REF,90837,CPT4,AL05,11,HMOAVN,120.82
,REF,90837,CPT4,AL04,11,TRICR,142.14
,REF,90837,CPT4,AL08,11,MCAID,142.14
,REF,90837,CPT4,AL04,11,MEHMO,142.14
,REF,90837,CPT4,AZ01,11,ALL,137.75
,REF,90837,CPT4,AZ01,11,DPPO,120.44
,REF,90837,CPT4,AL04,11,MCAID,142.14
,REF,90837,CPT4,CA02,11,SLFIN,112.96
,REF,90837,CPT4,AK02,11,HMOHRA,153.38
,REF,90837,CPT4,AL06,11,ALL,120.82
,REF,90837,CPT4,AZ01,11,QPOS,120.44
,REF,90837,CPT4,AK02,11,EAP,191.95
,REF,90837,CPT4,AL08,11,MEPPO,120.82
,REF,90837,CPT4,AK02,11,MCAID,153.38
,REF,90837,CPT4,AL04,11,VPHMO,120.82
,REF,90837,CPT4,AL03,11,POS,120.82
,REF,90837,CPT4,AL02,11,ALL,106.61
,REF,90837,CPT4,AL05,11,DPPO,142.14
,REF,90837,CPT4,AK01,11,VPHMO,204.5
,REF,90837,CPT4,AZ01,11,SLFIN,90.33
,REF,90837,CPT4,AL07,11,EAP,142.14
,REF,90837,CPT4,AL03,11,HMOAVN,142.14
,REF,90837,CPT4,AZ01,11,MC,102.37
,REF,90837,CPT4,AL02,11,TRICR,142.14
,REF,90837,CPT4,AK02,11,NNHMO,225.83
,REF,90837,CPT4,CA01,11,MBH,157.04
,REF,90837,CPT4,AR01,11,EAP,99.02
,REF,90837,CPT4,AL03,11,MEPPO,120.82
,REF,90837,CPT4,AK02,11,HMO,204.5
,REF,90837,CPT4,AL08,11,DPPO,142.14
,REF,90837,CPT4,AR01,11,MEPOS,115.92
,REF,90837,CPT4,CA02,11,MBH,128.02
,REF,90837,CPT4,AL07,11,MEHMO,142.14
,REF,90837,CPT4,AZ01,11,HMO,90.33
,REF,90837,CPT4,AK02,11,MEFFS,169.37
,REF,90837,CPT4,AL02,11,DPPO,106.61
,REF,90837,CPT4,AL05,11,EAP,142.14
,REF,90837,CPT4,AL04,11,DPPO,106.61
,REF,90837,CPT4,AZ01,11,MEHMO,120.44
,REF,90837,CPT4,AZ01,11,MBH,137.75
,REF,90837,CPT4,AL08,11,DPPO,142.14
,REF,90837,CPT4,AL06,11,VPHMO,106.61
,REF,90837,CPT4,AL06,11,MCARE,142.14
,REF,90837,CPT4,CA04,11,MEFFS,147.42
,REF,90837,CPT4,AL07,11,,106.61
,REF,90837,CPT4,CA02,11,HMOHRA,128.02
,REF,90837,CPT4,AL06,11,TRICR,142.14
,REF,90837,CPT4,AL05,11,HMOAVN,142.14
,REF,90837,CPT4,AL05,11,,142.14
,REF,90837,CPT4,CA02,11,MCAID,150.61
,REF,90837,CPT4,AL08,11,SLFIN,142.14
,REF,90837,CPT4,AL08,11,MWC,120.82
,REF,90837,CPT4,AK01,11,USACC,153.38
,REF,90837,CPT4,AL08,11,MEFFS,142.14
,REF,90837,CPT4,AK02,11,MEPO,225.83
,REF,90837,CPT4,AR01,11,POS,78.49
,REF,90837,CPT4,AR01,11,TC,115.92
,REF,90837,CPT4,AK02,11,ALL,225.83
,REF,90837,CPT4,AL04,11,MHMO,106.61
,REF,90837,CPT4,CA04,11,,110.57
,REF,90837,CPT4,CA01,11,ALL,157.04
,REF,90837,CPT4,AL08,11,MEPO,106.61
,REF,90837,CPT4,CA04,11,ALL,110.57
,REF,90837,CPT4,AL03,11,MHMO,142.14
,REF,90837,CPT4,AL06,11,MEPOS,142.14
,REF,90837,CPT4,CA01,11,NNHMO,157.04
,REF,90837,CPT4,AL06,11,USACC,142.14
,REF,90837,CPT4,AL04,11,MWC,120.82
,REF,90837,CPT4,CA04,11,MEPPO,147.42
,REF,90837,CPT4,AZ01,11,VPHMO,137.75
,REF,90837,CPT4,CA04,11,MEHMO,147.42
,REF,90837,CPT4,AZ01,11,MWC,137.75
,REF,90837,CPT4,AL02,11,MWC,142.14
,REF,90837,CPT4,AL02,11,MBH,142.14
,REF,90837,CPT4,AL05,11,HMO,120.82
,REF,90837,CPT4,AK02,11,QPOS,225.83
,REF,90837,CPT4,AL05,11,SLFIN,142.14
,REF,90837,CPT4,AL06,11,HMOAVN,106.61
,REF,90837,CPT4,AR01,11,MCAID,78.49
,REF,90837,CPT4,AZ01,11,SLFIN,120.44
,REF,90837,CPT4,AL06,11,NNHMO,142.14
,REF,90837,CPT4,AL04,11,MCAID,142.14
,REF,90837,CPT4,AL05,11,MEPOS,142.14
,REF,90837,CPT4,AL08,11,NNHMO,142.14
,REF,90837,CPT4,CA01,11,MHMO,133.48
,REF,90837,CPT4,AR01,11,ALL,78.49
,REF,90837,CPT4,AL05,11,MEPPO,142.14
,REF,90837,CPT4,CA02,11,MC,112.96
,REF,90837,CPT4,AR01,11,TRICR,78.49
,REF,90837,CPT4,AL06,11,MEFFS,142.14
,REF,90837,CPT4,AL02,11,MCAID,142.14
,REF,90837,CPT4,CA02,11,MEFFS,150.61
,REF,90837,CPT4,AL05,11,MHMO,142.14
,REF,90837,CPT4,CA01,11,TRICR,157.04
,REF,90837,CPT4,AL08,11,NNHMO,142.14
,REF,90837,CPT4,AR01,11,SLFIN,115.92
,REF,90837,CPT4,AL08,11,MEPPO,106.61
,REF,90837,CPT4,CA01,11,HMOHRA,117.78
,REF,90837,CPT4,AZ01,11,ALL,90.33
,REF,90837,CPT4,CA01,11,MEHMO,157.04
,REF,90837,CPT4,AZ01,11,TC,137.75
,REF,90837,CPT4,AK02,11,SLFIN,191.95
,REF,90837,CPT4,AL06,11,ALL,142.14
,REF,90837,CPT4,AL05,11,MCAID,120.82
,REF,90837,CPT4,AL07,11,QPOS,142.14
,REF,90837,CPT4,AK02,11,MHMO,225.83
,REF,90837,CPT4,AK02,11,QPOS,169.37
,REF,90837,CPT4,AL08,11,MCARE,120.82
,REF,90837,CPT4,AZ01,11,VPHMO,102.37
,REF,90837,CPT4,CA02,11,VPHMO,128.02
,REF,90837,CPT4,AR01,11,MCARE,78.49
,REF,90837,CPT4,CA01,11,MEPO,157.04
,REF,90837,CPT4,CA04,11,,147.42
,REF,90837,CPT4,AK02,11,MEFFS,191.95
,REF,90837,CPT4,AL03,11,MEPOS,142.14
,REF,90837,CPT4,AR01,11,HMOAVN,78.49
,REF,90837,CPT4,AL04,11,USACC,142.14
,REF,90837,CPT4,AL05,11,MEPOS,106.61
,REF,90837,CPT4,AL04,11,MEHMO,142.14
,REF,90837,CPT4,CA02,11,MPPO,150.61
,REF,90837,CPT4,AK02,11,VPHMO,169.37
,REF,90837,CPT4,CA01,11,EAP,157.04
,REF,90837,CPT4,AK02,11,POS,153.38
,REF,90837,CPT4,CA01,11,MHMO,157.04
,REF,90837,CPT4,AL02,11,MEPOS,142.14
,REF,90837,CPT4,AL08,11,MBH,120.82
,REF,90837,CPT4,AL05,11,HMOHRA,120.82
,REF,90837,CPT4,AL07,11,MC,106.61
,REF,90837,CPT4,AL03,11,MCAID,106.61
,REF,90837,CPT4,AL04,11,MEPO,106.61
,REF,90837,CPT4,AL08,11,EAP,120.82
,REF,90837,CPT4,AL02,11,MEHMO,120.82
,REF,90837,CPT4,CA02,11,MEPO,112.96
,REF,90837,CPT4,AL07,11,MBH,106.61
,REF,90837,CPT4,AK02,11,DPPO,153.38
,REF,90837,CPT4,AK02,11,MHMO,153.38
,REF,90837,CPT4,AL07,11,MEHMO,142.14
,REF,90837,CPT4,AL03,11,MEHMO,142.14
,REF,90837,CPT4,AK02,11,MEPPO,169.37
,REF,90837,CPT4,AL03,11,,106.61
,REF,90837,CPT4,AZ01,11,HMOAVN,137.75
,REF,90837,CPT4,CA01,11,VPHMO,157.04
,REF,90837,CPT4,AL07,11,MCARE,142.14
,REF,90837,CPT4,AZ01,11,HMO,137.75
,REF,90837,CPT4,AL03,11,TRICR,142.14
,REF,90837,CPT4,AL06,11,POS,142.14
,REF,90837,CPT4,CA04,11,HMOHRA,110.57
,REF,90837,CPT4,AL03,11,USACC,142.14
,REF,90837,CPT4,AL07,11,HMO,120.82
,REF,90837,CPT4,AR01,11,MPPO,78.49
,REF,90837,CPT4,AZ01,11,VPHMO,102.37
,REF,90837,CPT4,AK02,11,MC,225.83
,REF,90837,CPT4,AL08,11,POS,142.14
,REF,90837,CPT4,AR01,11,DHMO,115.92
,REF,90837,CPT4,AK02,11,QPOS,169.37
,REF,90837,CPT4,AL02,11,MWC,142.14
,REF,90837,CPT4,CA02,11,MWC,150.61
,REF,90837,CPT4,CA01,11,TRICR,157.04
,REF,90837,CPT4,CA02,11,VPHMO,128.02
,REF,90837,CPT4,AL02,11,HMOAVN,142.14
,REF,90837,CPT4,AZ01,11,HMOHRA,120.44
,REF,90837,CPT4,CA04,11,DHMO,110.57
,REF,90837,CPT4,AZ01,11,QPOS,117.09
,REF,90837,CPT4,AL07,11,USACC,106.61
,REF,90837,CPT4,CA01,11,MEPOS,117.78
,REF,90837,CPT4,AL02,11,TC,142.14
,REF,90837,CPT4,AL02,11,EAP,120.82
,REF,90837,CPT4,AR01,11,MHMO,78.49
,REF,90837,CPT4,AL05,11,TC,106.61
,REF,90837,CPT4,AZ01,11,DHMO,120.44
,REF,90837,CPT4,AZ01,11,DPPO,103.31
,REF,90837,CPT4,AZ01,11,MHMO,90.33
,REF,90837,CPT4,AL04,11,MEFFS,120.82
,REF,90837,CPT4,AL05,11,MPPO,120.82
,REF,90837,CPT4,AZ01,11,NNHMO,137.75
,REF,90837,CPT4,AL08,11,MEPPO,142.14
,REF,90837,CPT4,AK02,11,MEPO,204.5
,REF,90837,CPT4,AZ01,11,MC,102.37
,REF,90837,CPT4,AZ01,11,ALL,117.09
,REF,90837,CPT4,AK02,11,MEFFS,173.83
,REF,90837,CPT4,AK02,11,VPHMO,225.83
,REF,90837,CPT4,AL08,11,MEPO,120.82
,REF,90837,CPT4,AL07,11,MCAID,142.14
,REF,90837,CPT4,AL07,11,TRICR,106.61
,REF,90837,CPT4,CA01,11,TRICR,117.78
,REF,90837,CPT4,AL06,11,HMOHRA,142.14
,REF,90837,CPT4,AK01,11,VPHMO,169.37
,REF,90837,CPT4,AL07,11,MC,142.14
,REF,90837,CPT4,CA04,11,MCARE,110.57
,REF,90837,CPT4,AL08,11,MPPO,142.14
,REF,90837,CPT4,AL07,11,TC,120.82
,REF,90837,CPT4,AL06,11,TC,142.14
,REF,90837,CPT4,AK02,11,MEHMO,204.5
,REF,90837,CPT4,AK02,11,MC,153.38
,REF,90837,CPT4,AL04,11,MC,106.61
,REF,90837,CPT4,CA01,11,,157.04
,REF,90837,CPT4,AZ01,11,MEFFS,120.44
,REF,90837,CPT4,AL04,11,NNHMO,142.14
,REF,90837,CPT4,AL02,11,MEPPO,142.14
,REF,90837,CPT4,CA02,11,QPOS,150.61
,REF,90837,CPT4,AK02,11,ALL,225.83
,REF,90837,CPT4,AL04,11,MEHMO,106.61
,REF,90837,CPT4,CA04,11,MBH,147.42
,REF,90837,CPT4,AK01,11,USACC,173.83
,REF,90837,CPT4,AL08,11,EAP,142.14
,REF,90837,CPT4,AK01,11,VPHMO,225.83
,REF,90837,CPT4,AL03,11,NNHMO,106.61
,REF,90837,CPT4,AL08,11,MHMO,142.14
,REF,90837,CPT4,AL05,11,TRICR,106.61
,REF,90837,CPT4,AZ01,11,,90.33
,REF,90837,CPT4,CA02,11,ALL,112.96
,REF,90837,CPT4,AL06,11,VPHMO,106.61
,REF,90837,CPT4,AL06,11,DHMO,120.82
,REF,90837,CPT4,AR01,11,MEPO,115.92
,REF,90837,CPT4,AL08,11,MEHMO,142.14
,REF,90837,CPT4,CA02,11,DPPO,128.02
,REF,90837,CPT4,AL08,11,,142.14
,REF,90837,CPT4,AL07,11,MPPO,106.61
,REF,90837,CPT4,AL04,11,,106.61
,REF,90837,CPT4,CA01,11,MHMO,117.78
,REF,90837,CPT4,AZ01,11,USACC,137.75
,REF,90837,CPT4,AL04,11,MEPOS,142.14
,REF,90837,CPT4,AR01,11,SLFIN,115.92
,REF,90837,CPT4,CA01,11,MBH,157.04
,REF,90837,CPT4,AL05,11,MCAID,142.14
,REF,90837,CPT4,AL07,11,VPHMO,120.82
,REF,90837,CPT4,CA02,11,MBH,150.61
,REF,90837,CPT4,AR01,11,EAP,78.49
,REF,90837,CPT4,AL04,11,MEPOS,106.61
,REF,90837,CPT4,CA04,11,MEFFS,110.57
,REF,90837,CPT4,AR01,11,QPOS,78.49
,REF,90837,CPT4,AK02,11,ALL,225.83
,REF,90837,CPT4,AR01,11,MC,115.92
,REF,90837,CPT4,AL05,11,MEHMO,142.14
,REF,90837,CPT4,AL05,11,EAP,106.61
,REF,90837,CPT4,AR01,11,MBH,78.49
,REF,90837,CPT4,AZ01,11,QPOS,102.37
,REF,90837,CPT4,AL03,11,HMO,120.82
,REF,90837,CPT4,CA02,11,MEPPO,112.96
,REF,90837,CPT4,AL06,11,MEPPO,106.61
,REF,90837,CPT4,AR01,11,POS,78.49
,REF,90837,CPT4,AL03,11,QPOS,142.14
,REF,90837,CPT4,AZ01,11,MCARE,120.44
,REF,90837,CPT4,AL07,11,MWC,142.14
,REF,90837,CPT4,AZ01,11,MHMO,120.44
,REF,90837,CPT4,AK02,11,,204.5
,REF,90837,CPT4,AL03,11,QPOS,142.14
,REF,90837,CPT4,CA02,11,POS,112.96
,REF,90837,CPT4,AL03,11,MHMO,106.61
,REF,90837,CPT4,AL03,11,MCARE,142.14
,REF,90837,CPT4,AL06,11,USACC,142.14
,REF,90837,CPT4,AL06,11,MWC,106.61
,REF,90837,CPT4,AL08,11,DPPO,106.61
,REF,90837,CPT4,AL03,11,EAP,142.14
,REF,90837,CPT4,AL05,11,MCARE,142.14
,REF,90837,CPT4,AK02,11,HMOAVN,204.5
,REF,90837,CPT4,AL06,11,HMOAVN,142.14
,REF,90837,CPT4,AL05,11,MCAID,120.82
,REF,90837,CPT4,AL08,11,MEPOS,120.82
,REF,90837,CPT4,AL08,11,MPPO,142.14
,REF,90837,CPT4,CA02,11,HMOAVN,128.02
,REF,90837,CPT4,AZ01,11,TRICR,103.31
,REF,90837,CPT4,AK02,11,MEHMO,169.37
,REF,90837,CPT4,AK02,11,MC,169.37
,REF,90837,CPT4,AL05,11,TC,142.14
,REF,90837,CPT4,AL02,11,POS,142.14
,REF,90837,CPT4,AL07,11,USACC,142.14
,REF,90837,CPT4,CA02,11,DPPO,112.96
,REF,90837,CPT4,AK02,11,MPPO,225.83
,REF,90837,CPT4,AL03,11,NNHMO,142.14
,REF,90837,CPT4,AK02,11,MEPPO,169.37
,REF,90837,CPT4,CA02,11,HMO,112.96
,REF,90837,CPT4,AK02,11,MCAID,204.5
,REF,90837,CPT4,AL03,11,NNHMO,142.14
,REF,90837,CPT4,AL05,11,DHMO,142.14
,REF,90837,CPT4,AL03,11,MEFFS,106.61
,REF,90837,CPT4,AL04,11,MEFFS,106.61
,REF,90837,CPT4,AK02,11,MHMO,225.83
,REF,90837,CPT4,CA01,11,MEPOS,157.04
,REF,90837,CPT4,CA02,11,HMOAVN,150.61
,REF,90837,CPT4,AZ01,11,HMOAVN,137.75
,REF,90837,CPT4,AL08,11,HMOHRA,106.61
,REF,90837,CPT4,CA02,11,DHMO,112.96
,REF,90837,CPT4,AK02,11,QPOS,153.38
,REF,90837,CPT4,AL08,11,USACC,106.61
,REF,90837,CPT4,AL02,11,MWC,142.14
,REF,90837,CPT4,AL08,11,MEPO,106.61
,REF,90837,CPT4,AK02,11,MEHMO,225.83
,REF,90837,CPT4,AK02,11,USACC,169.37
,REF,90837,CPT4,AL03,11,MEFFS,142.14
,REF,90837,CPT4,AZ01,11,MWC,102.37
,REF,90837,CPT4,AZ01,11,MBH,103.31
,REF,90837,CPT4,CA02,11,QPOS,112.96
,REF,90837,CPT4,AL08,11,ALL,142.14
,REF,90837,CPT4,AZ01,11,TC,137.75
,REF,90837,CPT4,AK02,11,MHMO,169.37
,REF,90837,CPT4,AL04,11,DHMO,142.14
,REF,90837,CPT4,AZ01,11,HMOHRA,117.09
,REF,90837,CPT4,CA02,11,DPPO,150.61
,REF,90837,CPT4,AZ01,11,ALL,120.44
,REF,90837,CPT4,AK02,11,MEPO,225.83
,REF,90837,CPT4,AZ01,11,MHMO,120.44
,REF,90837,CPT4,AZ01,11,USACC,90.33
,REF,90837,CPT4,AL07,11,MCAID,106.61
,REF,90837,CPT4,AL02,11,HMO,142.14
,REF,90837,CPT4,AL02,11,ALL,142.14
,REF,90837,CPT4,CA04,11,MEFFS,147.42
,REF,90837,CPT4,AL06,11,QPOS,142.14
,REF,90837,CPT4,CA04,11,MEPO,147.42
,REF,90837,CPT4,AK02,11,USACC,225.83
,REF,90837,CPT4,AR01,11,MEPOS,78.49
,REF,90837,CPT4,AL07,11,VPHMO,142.14
,REF,90837,CPT4,AZ01,11,HMOHRA,90.33
,REF,90837,CPT4,AZ01,11,MCAID,90.33
,REF,90837,CPT4,AL06,11,MEFFS,106.61
,REF,90837,CPT4,CA04,11,ALL,110.57
,REF,90837,CPT4,AL02,11,USACC,120.82
,REF,90837,CPT4,AL05,11,MEPPO,142.14
,REF,90837,CPT4,AZ01,11,HMOHRA,117.09
,REF,90837,CPT4,AL08,11,MHMO,142.14
,REF,90837,CPT4,AL06,11,NNHMO,142.14
,REF,90837,CPT4,AL05,11,HMO,120.82
,REF,90837,CPT4,AK02,11,MEFFS,204.5
,REF,90837,CPT4,AL06,11,DHMO,106.61
,REF,90837,CPT4,CA01,11,QPOS,133.48
,REF,90837,CPT4,AL08,11,MEPOS,106.61
,REF,90837,CPT4,CA02,11,HMO,112.96
,REF,90837,CPT4,AK02,11,MCARE,225.83
,REF,90837,CPT4,AL05,11,MEHMO,142.14
,REF,90837,CPT4,AL08,11,,106.61
,REF,90837,CPT4,AL03,11,HMOHRA,106.61
,REF,90837,CPT4,CA01,11,MEPOS,117.78
,REF,90837,CPT4,CA02,11,USACC,150.61
,REF,90837,CPT4,AZ01,11,MEHMO,120.44
,REF,90837,CPT4,AK02,11,POS,204.5
,REF,90837,CPT4,AL08,11,MBH,106.61
,REF,90837,CPT4,AK02,11,MHMO,204.5
,REF,90837,CPT4,AK02,11,ALL,169.37
,REF,90837,CPT4,AL03,11,POS,120.82
,REF,90837,CPT4,AZ01,11,MCARE,137.75
,REF,90837,CPT4,AR01,11,TRICR,115.92
,REF,90837,CPT4,AL07,11,MHMO,120.82
,REF,90837,CPT4,AL03,11,MHMO,142.14
,REF,90837,CPT4,AL04,11,DHMO,106.61
,REF,90837,CPT4,AL03,11,MPPO,106.61
,REF,90837,CPT4,AK02,11,NNHMO,225.83
,REF,90837,CPT4,AZ01,11,QPOS,137.75
,REF,90837,CPT4,AK02,11,MHMO,169.37
,REF,90837,CPT4,AZ01,11,MHMO,103.31
,REF,90837,CPT4,CA01,11,,117.78
,REF,90837,CPT4,CA04,11,MEPPO,147.42
,REF,90837,CPT4,AR01,11,,78.49
,REF,90837,CPT4,AL04,11,MBH,142.14
,REF,90837,CPT4,AL06,11,HMO,142.14
,REF,90837,CPT4,AL03,11,EAP,142.14
,REF,90837,CPT4,AZ01,11,DPPO,120.44
,REF,90837,CPT4,CA01,11,MEHMO,133.48
,REF,90837,CPT4,AL07,11,MCAID,106.61
,REF,90837,CPT4,AL05,11,MC,142.14
,REF,90837,CPT4,CA04,11,DPPO,147.42
,REF,90837,CPT4,AL05,11,DHMO,142.14
,REF,90837,CPT4,AK02,11,TC,225.83
,REF,90837,CPT4,CA01,11,TC,117.78
,REF,90837,CPT4,CA01,11,MHMO,157.04
,REF,90837,CPT4,AL03,11,HMOHRA,120.82
,REF,90837,CPT4,AL02,11,TC,106.61
,REF,90837,CPT4,AL04,11,MEPPO,106.61
,REF,90837,CPT4,AL04,11,MWC,142.14
,REF,90837,CPT4,CA02,11,MEFFS,150.61
,REF,90837,CPT4,CA04,11,MCARE,147.42
,REF,90837,CPT4,AL05,11,USACC,142.14
,REF,90837,CPT4,AL03,11,MEPO,106.61
,REF,90837,CPT4,AL04,11,,142.14
,REF,90837,CPT4,AL05,11,MC,142.14
,REF,90837,CPT4,AL04,11,ALL,106.61
,REF,90837,CPT4,AL08,11,MEFFS,120.82
,REF,90837,CPT4,AZ01,11,POS,103.31
,REF,90837,CPT4,AL04,11,DHMO,142.14
,REF,90837,CPT4,AL05,11,,120.82
,REF,90837,CPT4,AZ01,11,HMOAVN,137.75
,REF,90837,CPT4,CA02,11,MEFFS,150.61
,REF,90837,CPT4,CA02,11,NNHMO,128.02
,REF,90837,CPT4,AL07,11,HMO,142.14
,REF,90837,CPT4,AK02,11,MEPO,153.38
,REF,90837,CPT4,AK01,11,VPHMO,204.5
,REF,90837,CPT4,CA02,11,MWC,150.61
,REF,90837,CPT4,AL07,11,,120.82
,REF,90837,CPT4,AL07,11,MCAID,106.61
,REF,90837,CPT4,AL03,11,MPPO,120.82
,REF,90837,CPT4,AL02,11,POS,106.61
,REF,90837,CPT4,AK02,11,TC,204.5
,REF,90837,CPT4,AR01,11,USACC,78.49
,REF,90837,CPT4,AR01,11,MC,99.02
,REF,90837,CPT4,AZ01,11,VPHMO,90.33
,REF,90837,CPT4,CA02,11,NNHMO,112.96
,REF,90837,CPT4,AZ01,11,MCAID,90.33
,REF,90837,CPT4,AZ01,11,HMOHRA,90.33
,REF,90837,CPT4,CA02,11,POS,112.96
,REF,90837,CPT4,AL04,11,MC,120.82
,REF,90837,CPT4,AZ01,11,TRICR,137.75
,REF,90837,CPT4,AL07,11,MCARE,142.14
,REF,90837,CPT4,AZ01,11,MEHMO,103.31
,REF,90837,CPT4,AL08,11,MC,106.61
,REF,90837,CPT4,AL06,11,ALL,106.61
,REF,90837,CPT4,AL04,11,HMOAVN,120.82
,REF,90837,CPT4,CA02,11,MEPPO,128.02
,REF,90837,CPT4,AL04,11,MCAID,120.82
,REF,90837,CPT4,AK02,11,NNHMO,153.38
,REF,90837,CPT4,AZ01,11,EAP,137.75
,REF,90837,CPT4,AZ01,11,POS,90.33
,REF,90837,CPT4,AK02,11,POS,225.83
,REF,90837,CPT4,AR01,11,VPHMO,78.49
,REF,90837,CPT4,AL03,11,USACC,142.14
,REF,90837,CPT4,AL02,11,MEHMO,142.14
,REF,90837,CPT4,AZ01,11,MEPOS,120.44
,REF,90837,CPT4,AL04,11,MWC,120.82
,REF,90837,CPT4,AL07,11,MPPO,106.61
,REF,90837,CPT4,AL05,11,HMO,142.14
,REF,90837,CPT4,AK02,11,NNHMO,225.83
,REF,90837,CPT4,AL06,11,TC,142.14
,REF,90837,CPT4,CA04,11,MEPOS,147.42
,REF,90837,CPT4,AR01,11,MPPO,78.49
,REF,90837,CPT4,AK02,11,HMOHRA,191.95
,REF,90837,CPT4,CA04,11,MEPPO,110.57
,REF,90837,CPT4,AR01,11,ALL,115.92
,REF,90837,CPT4,CA01,11,VPHMO,133.48
,REF,90837,CPT4,AL07,11,HMOHRA,142.14
,REF,90837,CPT4,AR01,11,MPPO,78.49
,REF,90837,CPT4,AK02,11,QPOS,225.83
,REF,90837,CPT4,AZ01,11,VPHMO,120.44
,REF,90837,CPT4,AK02,11,MCAID,169.37
,REF,90837,CPT4,AL02,11,HMOAVN,142.14
,REF,90837,CPT4,AL05,11,MPPO,120.82
,REF,90837,CPT4,AL03,11,MC,106.61
,REF,90837,CPT4,AK02,11,NNHMO,153.38
,REF,90837,CPT4,AL04,11,HMOAVN,120.82
,REF,90837,CPT4,CA01,11,NNHMO,157.04
,REF,90837,CPT4,AK02,11,DPPO,225.83
,REF,90837,CPT4,AL04,11,MBH,106.61
,REF,90837,CPT4,CA01,11,,117.78
,REF,90837,CPT4,CA02,11,MWC,150.61
,REF,90837,CPT4,AZ01,11,POS,103.31
,REF,90837,CPT4,AK02,11,HMOHRA,204.5
,REF,90837,CPT4,AL05,11,USACC,142.14
,REF,90837,CPT4,AZ01,11,TC,120.44
,REF,90837,CPT4,AL02,11,ALL,120.82
,REF,90837,CPT4,CA01,11,MBH,133.48
,REF,90837,CPT4,CA02,11,NNHMO,150.61
,REF,90837,CPT4,AL07,11,TRICR,106.61
,REF,90837,CPT4,CA01,11,TRICR,133.48
,REF,90837,CPT4,AL04,11,NNHMO,106.61
,REF,90837,CPT4,AL03,11,MEPOS,120.82
,REF,90837,CPT4,AL02,11,SLFIN,120.82
,REF,90837,CPT4,AR01,11,MEPO,115.92
,REF,90837,CPT4,AL02,11,ALL,106.61
,REF,90837,CPT4,CA01,11,SLFIN,157.04
,REF,90837,CPT4,AR01,11,EAP,78.49
,REF,90837,CPT4,AZ01,11,TRICR,137.75
,REF,90837,CPT4,AK02,11,USACC,169.37
,REF,90837,CPT4,CA02,11,MCARE,128.02
,REF,90837,CPT4,CA02,11,USACC,150.61
,REF,90837,CPT4,AZ01,11,NNHMO,120.44
,REF,90837,CPT4,AK02,11,MC,225.83
,REF,90837,CPT4,AL08,11,MPPO,142.14
,REF,90837,CPT4,CA04,11,MCAID,147.42
,REF,90837,CPT4,CA02,11,MEPPO,112.96
,REF,90837,CPT4,AZ01,11,HMOAVN,103.31
,REF,90837,CPT4,CA01,11,SLFIN,157.04
,REF,90837,CPT4,AL08,11,MBH,106.61
,REF,90837,CPT4,CA02,11,EAP,150.61
,REF,90837,CPT4,AL04,11,MPPO,142.14
,REF,90837,CPT4,AZ01,11,MEHMO,137.75
,REF,90837,CPT4,AZ01,11,SLFIN,102.37
,REF,90837,CPT4,AL05,11,MEFFS,106.61
,REF,90837,CPT4,AL04,11,HMO,120.82
,REF,90837,CPT4,AK02,11,MHMO,169.37
,REF,90837,CPT4,AK02,11,POS,204.5
,REF,90837,CPT4,AL03,11,QPOS,106.61
,REF,90837,CPT4,AL04,11,ALL,142.14
,REF,90837,CPT4,AL07,11,HMOAVN,120.82
,REF,90837,CPT4,AL05,11,NNHMO,142.14
,REF,90837,CPT4,AL03,11,MEPOS,142.14
,REF,90837,CPT4,AZ01,11,MC,90.33
,REF,90837,CPT4,AK02,11,MEFFS,173.83
,REF,90837,CPT4,AZ01,11,DPPO,120.44
,REF,90837,CPT4,AL04,11,TRICR,106.61
,REF,90837,CPT4,AK02,11,MBH,173.83
,REF,90837,CPT4,AK02,11,USACC,204.5
,REF,90837,CPT4,AZ01,11,USACC,120.44
,REF,90837,CPT4,CA01,11,HMOAVN,157.04
,REF,90837,CPT4,CA04,11,,110.57
,REF,90837,CPT4,CA01,11,VPHMO,157.04
,REF,90837,CPT4,AL03,11,MEPPO,106.61
,REF,90837,CPT4,AL07,11,TRICR,142.14
,REF,90837,CPT4,CA02,11,MWC,150.61
,REF,90837,CPT4,AL03,11,MCARE,120.82
,REF,90837,CPT4,AL03,11,MEHMO,106.61
,REF,90837,CPT4,AL07,11,DHMO,120.82
,REF,90837,CPT4,AZ01,11,HMO,90.33
,REF,90837,CPT4,AL06,11,MEHMO,106.61
,REF,90837,CPT4,AR01,11,MPPO,115.92
,REF,90837,CPT4,AR01,11,HMOAVN,78.49
,REF,90837,CPT4,AL08,11,POS,142.14
,REF,90837,CPT4,AL03,11,MBH,142.14
,REF,90837,CPT4,AL07,11,HMOHRA,142.14
,REF,90837,CPT4,AK02,11,MEHMO,153.38
,REF,90837,CPT4,AL02,11,TRICR,142.14
,REF,90837,CPT4,AZ01,11,MHMO,120.44
,REF,90837,CPT4,AL03,11,POS,142.14
,REF,90837,CPT4,AL03,11,MEPO,142.14
,REF,90837,CPT4,CA02,11,TRICR,112.96
,REF,90837,CPT4,AK02,11,EAP,204.5
,REF,90837,CPT4,AK01,11,USACC,225.83
,REF,90837,CPT4,AL03,11,MCAID,142.14
,REF,90837,CPT4,AZ01,11,EAP,120.44
,REF,90837,CPT4,AK01,11,VPHMO,225.83
,REF,90837,CPT4,AL05,11,ALL,106.61
,REF,90837,CPT4,AL06,11,HMOHRA,106.61
,REF,90837,CPT4,AZ01,11,SLFIN,137.75
,REF,90837,CPT4,AL05,11,MWC,142.14
,REF,90837,CPT4,AL03,11,MEPOS,120.82
,REF,90837,CPT4,AK02,11,MEPO,173.83
,REF,90837,CPT4,AL06,11,VPHMO,106.61
,REF,90837,CPT4,AL06,11,EAP,106.61
,REF,90837,CPT4,AK02,11,TRICR,204.5
,REF,90837,CPT4,AZ01,11,TC,102.37
,REF,90837,CPT4,AL03,11,MCAID,120.82
,REF,90837,CPT4,AZ01,11,MBH,120.44
,REF,90837,CPT4,AL03,11,,142.14
,REF,90837,CPT4,AL02,11,VPHMO,142.14
,REF,90837,CPT4,AL07,11,MPPO,142.14
,REF,90837,CPT4,AK02,11,MPPO,169.37
,REF,90837,CPT4,AR01,11,MCAID,115.92
,REF,90837,CPT4,AK02,11,MEPOS,191.95
,REF,90837,CPT4,CA01,11,DHMO,157.04
,REF,90837,CPT4,AL04,11,HMOAVN,120.82
,REF,90837,CPT4,AL08,11,TRICR,106.61
,REF,90837,CPT4,AR01,11,DPPO,115.92
,REF,90837,CPT4,AZ01,11,ALL,137.75
,REF,90837,CPT4,AR01,11,MCARE,115.92
,REF,90837,CPT4,CA01,11,DPPO,117.78
,REF,90837,CPT4,AZ01,11,ALL,137.75
,REF,90837,CPT4,AL02,11,MEPOS,142.14
,REF,90837,CPT4,CA04,11,MBH,147.42
,REF,90837,CPT4,AK02,11,MWC,173.83
,REF,90837,CPT4,AL04,11,MEPO,142.14
,REF,90837,CPT4,AL04,11,MCARE,142.14
,REF,90837,CPT4,AZ01,11,MEPPO,90.33
,REF,90837,CPT4,CA04,11,MEPO,147.42
,REF,90837,CPT4,AK02,11,MCARE,225.83
,REF,90837,CPT4,CA02,11,MEPPO,150.61
,REF,90837,CPT4,AL03,11,MEHMO,142.14
,REF,90837,CPT4,CA01,11,MCARE,157.04
,REF,90837,CPT4,AL04,11,SLFIN,142.14
,REF,90837,CPT4,AL04,11,ALL,142.14
,REF,90837,CPT4,AL07,11,ALL,142.14
,REF,90837,CPT4,CA01,11,,133.48
,REF,90837,CPT4,AZ01,11,MEPO,103.31
,REF,90837,CPT4,AL03,11,USACC,142.14
,REF,90837,CPT4,AK02,11,EAP,225.83
,REF,90837,CPT4,AK01,11,VPHMO,153.38
,REF,90837,CPT4,AZ01,11,MEHMO,120.44
,REF,90837,CPT4,CA01,11,MEPOS,157.04
,REF,90837,CPT4,AL06,11,MC,120.82
,REF,90837,CPT4,AK02,11,NNHMO,173.83
,REF,90837,CPT4,AL05,11,SLFIN,106.61
,REF,90837,CPT4,AZ01,11,QPOS,102.37
,REF,90837,CPT4,AL02,11,,142.14
,REF,90837,CPT4,AL06,11,MCARE,142.14
,REF,90837,CPT4,AR01,11,QPOS,115.92
,REF,90837,CPT4,CA02,11,MEPPO,150.61
,REF,90837,CPT4,AL06,11,DPPO,142.14
,REF,90837,CPT4,AL04,11,USACC,106.61
,REF,90837,CPT4,AL05,11,HMOAVN,106.61
,REF,90837,CPT4,AK02,11,HMOAVN,153.38
,REF,90837,CPT4,CA04,11,MCARE,147.42
,REF,90837,CPT4,AL04,11,VPHMO,106.61
,REF,90837,CPT4,AZ01,11,VPHMO,137.75
,REF,90837,CPT4,AL07,11,DHMO,120.82
,REF,90837,CPT4,AL06,11,TRICR,106.61
,REF,90837,CPT4,AZ01,11,VPHMO,102.37
,REF,90837,CPT4,AL04,11,HMOAVN,106.61
,REF,90837,CPT4,CA01,11,POS,157.04
,REF,90837,CPT4,AL04,11,DPPO,142.14
,REF,90837,CPT4,AK02,11,MBH,225.83
,REF,90837,CPT4,AL06,11,MCAID,142.14
,REF,90837,CPT4,AZ01,11,MEHMO,102.37
,REF,90837,CPT4,AZ01,11,TC,137.75
,REF,90837,CPT4,AK02,11,MPPO,191.95
,REF,90837,CPT4,AK02,11,VPHMO,169.37
,REF,90837,CPT4,AL04,11,MHMO,142.14
,REF,90837,CPT4,AR01,11,DPPO,115.92
,REF,90837,CPT4,AL06,11,SLFIN,106.61
,REF,90837,CPT4,AZ01,11,ALL,137.75
,REF,90837,CPT4,AK02,11,DHMO,225.83
,REF,90837,CPT4,AL05,11,ALL,142.14
,REF,90837,CPT4,AL07,11,TC,120.82
,REF,90837,CPT4,AL04,11,USACC,142.14
,REF,90837,CPT4,CA01,11,MHMO,117.78
,REF,90837,CPT4,AL05,11,TC,142.14
,REF,90837,CPT4,AL06,11,MPPO,142.14
,REF,90837,CPT4,CA01,11,POS,117.78
,REF,90837,CPT4,AL06,11,MPPO,142.14
,REF,90837,CPT4,AL02,11,HMOHRA,142.14
,REF,90837,CPT4,AL05,11,MEPO,106.61
,REF,90837,CPT4,AL04,11,MPPO,106.61
,REF,90837,CPT4,AK02,11,MWC,204.5
,REF,90837,CPT4,AL06,11,MEHMO,142.14
,REF,90837,CPT4,AR01,11,MPPO,115.92
,REF,90837,CPT4,AK02,11,MEFFS,169.37
,REF,90837,CPT4,AL06,11,QPOS,106.61
,REF,90837,CPT4,AR01,11,MEFFS,78.49
,REF,90837,CPT4,AZ01,11,DPPO,120.44
,REF,90837,CPT4,CA04,11,HMOHRA,147.42
,REF,90837,CPT4,AZ01,11,MPPO,120.44
,REF,90837,CPT4,AL07,11,HMOAVN,106.61
,REF,90837,CPT4,AK02,11,MEFFS,225.83
,REF,90837,CPT4,AK02,11,SLFIN,169.37
,REF,90837,CPT4,AK02,11,HMOAVN,173.83
,REF,90837,CPT4,AL03,11,HMO,142.14
,REF,90837,CPT4,AK02,11,MEPO,204.5
,REF,90837,CPT4,AL08,11,MWC,142.14
,REF,90837,CPT4,AL06,11,QPOS,106.61
,REF,90837,CPT4,AL04,11,TC,106.61
,REF,90837,CPT4,AZ01,11,MPPO,120.44
,REF,90837,CPT4,AZ01,11,MHMO,102.37
,REF,90837,CPT4,AL05,11,NNHMO,142.14
,REF,90837,CPT4,AL05,11,MEHMO,120.82
,REF,90837,CPT4,AL03,11,DPPO,106.61
,REF,90837,CPT4,AL03,11,MEPO,106.61
,REF,90837,CPT4,AL05,11,SLFIN,106.61
,REF,90837,CPT4,AR01,11,POS,78.49
,REF,90837,CPT4,AL03,11,POS,106.61
,REF,90837,CPT4,AL05,11,MEPO,120.82
,REF,90837,CPT4,AZ01,11,USACC,137.75
,REF,90837,CPT4,AK02,11,MEPO,169.37
,REF,90837,CPT4,AL03,11,MEPO,106.61
,REF,90837,CPT4,AL02,11,MHMO,142.14
,REF,90837,CPT4,AZ01,11,MEPO,137.75
,REF,90837,CPT4,CA04,11,MEPOS,147.42
,REF,90837,CPT4,AL06,11,DPPO,142.14
,REF,90837,CPT4,AR01,11,TC,78.49
,REF,90837,CPT4,CA04,11,MEPO,147.42
,REF,90837,CPT4,AK02,11,NNHMO,225.83
,REF,90837,CPT4,AL08,11,SLFIN,120.82
,REF,90837,CPT4,AK02,11,MEFFS,204.5
,REF,90837,CPT4,CA02,11,POS,150.61
,REF,90837,CPT4,AL02,11,USACC,142.14
,REF,90837,CPT4,AK02,11,MBH,173.83
,REF,90837,CPT4,AK02,11,DHMO,169.37
,REF,90837,CPT4,AZ01,11,MEPOS,90.33
,REF,90837,CPT4,CA01,11,EAP,117.78
,REF,90837,CPT4,AL04,11,MCARE,120.82
,REF,90837,CPT4,CA04,11,HMOHRA,110.57
,REF,90837,CPT4,AK02,11,NNHMO,173.83
,REF,90837,CPT4,AK02,11,TC,169.37
,REF,90837,CPT4,AZ01,11,MC,120.44
,REF,90837,CPT4,CA01,11,EAP,133.48
,REF,90837,CPT4,AL06,11,TC,106.61
,REF,90837,CPT4,AL04,11,QPOS,142.14
,REF,90837,CPT4,CA04,11,HMO,147.42
,REF,90837,CPT4,AZ01,11,MCAID,120.44
,REF,90837,CPT4,AL02,11,MC,142.14
,REF,90837,CPT4,AZ01,11,MEPPO,120.44
,REF,90837,CPT4,AL02,11,MEHMO,142.14
,REF,90837,CPT4,AL02,11,DHMO,142.14
,REF,90837,CPT4,CA02,11,EAP,128.02
,REF,90837,CPT4,CA02,11,MCARE,112.96
,REF,90837,CPT4,AZ01,11,HMOAVN,120.44
,REF,90837,CPT4,AK02,11,TRICR,169.37
,REF,90837,CPT4,AL03,11,VPHMO,120.82
,REF,90837,CPT4,AL07,11,MEPO,120.82
,REF,90837,CPT4,AZ01,11,NNHMO,102.37
,REF,90837,CPT4,AR01,11,HMOHRA,115.92
,REF,90837,CPT4,AR01,11,TRICR,78.49
,REF,90837,CPT4,AL05,11,SLFIN,142.14
,REF,90837,CPT4,AL04,11,ALL,120.82
,REF,90837,CPT4,AL04,11,MCAID,142.14
,REF,90837,CPT4,AZ01,11,MCARE,102.37
,REF,90837,CPT4,AL03,11,MEPPO,106.61
,REF,90837,CPT4,AZ01,11,HMOAVN,120.44
,REF,90837,CPT4,CA01,11,HMOHRA,133.48
,REF,90837,CPT4,AL02,11,MHMO,142.14
,REF,90837,CPT4,AL04,11,POS,142.14
,REF,90837,CPT4,AK02,11,MCAID,225.83
,REF,90837,CPT4,AK02,11,HMOAVN,191.95
,REF,90837,CPT4,AL08,11,TC,142.14
,REF,90837,CPT4,CA02,11,MEPPO,150.61
,REF,90837,CPT4,CA02,11,HMO,150.61
,REF,90837,CPT4,AL07,11,TRICR,142.14
,REF,90837,CPT4,CA04,11,MBH,110.57
,REF,90837,CPT4,CA01,11,EAP,133.48
,REF,90837,CPT4,AL05,11,TRICR,142.14
,REF,90837,CPT4,AZ01,11,QPOS,120.44
,REF,90837,CPT4,AL06,11,MEPO,106.61
,REF,90837,CPT4,AZ01,11,VPHMO,120.44
,REF,90837,CPT4,AL03,11,MEHMO,120.82
,REF,90837,CPT4,AR01,11,NNHMO,115.92
,REF,90837,CPT4,AL08,11,POS,120.82
,REF,90837,CPT4,AZ01,11,MEPPO,120.44
,REF,90837,CPT4,AL03,11,HMOHRA,142.14
,REF,90837,CPT4,AK02,11,MPPO,153.38
,REF,90837,CPT4,AL08,11,MEPO,142.14
,REF,90837,CPT4,AK02,11,MEHMO,153.38
,REF,90837,CPT4,AL04,11,MCAID,106.61
,REF,90837,CPT4,AL06,11,USACC,106.61
,REF,90837,CPT4,AL03,11,POS,106.61
,REF,90837,CPT4,AK02,11,MBH,204.5
,REF,90837,CPT4,AL05,11,VPHMO,106.61
,REF,90837,CPT4,CA01,11,,157.04
,REF,90837,CPT4,AK02,11,MPPO,169.37
,REF,90837,CPT4,AL08,11,MWC,142.14
,REF,90837,CPT4,AK01,11,VPHMO,169.37
,REF,90837,CPT4,AL08,11,HMOHRA,142.14
,REF,90837,CPT4,CA01,11,POS,117.78
,REF,90837,CPT4,AL08,11,MCARE,142.14
,REF,90837,CPT4,CA04,11,MEFFS,147.42
,REF,90837,CPT4,AK02,11,MPPO,153.38
,REF,90837,CPT4,AL02,11,MCAID,106.61
,REF,90837,CPT4,AL02,11,MWC,106.61
,REF,90837,CPT4,AK02,11,MEPPO,169.37
,REF,90837,CPT4,AK02,11,,169.37
,REF,90837,CPT4,AL06,11,MCARE,106.61
,REF,90837,CPT4,AR01,11,MHMO,78.49
,REF,90837,CPT4,AL06,11,EAP,106.61
,REF,90837,CPT4,AZ01,11,DPPO,90.33
,REF,90837,CPT4,AL04,11,DPPO,120.82
,REF,90837,CPT4,AK02,11,POS,204.5
,REF,90837,CPT4,CA04,11,MEPPO,147.42
,REF,90837,CPT4,AL08,11,VPHMO,106.61
,REF,90837,CPT4,AZ01,11,HMOHRA,90.33
,REF,90837,CPT4,AL08,11,HMOAVN,106.61
,REF,90837,CPT4,AL04,11,HMO,142.14
,REF,90837,CPT4,AL03,11,EAP,142.14
,REF,90837,CPT4,AK02,11,MPPO,169.37
,REF,90837,CPT4,AL07,11,NNHMO,142.14
,REF,90837,CPT4,AL06,11,MCAID,106.61
,REF,90837,CPT4,AZ01,11,MPPO,90.33
,REF,90837,CPT4,AL08,11,MCAID,106.61
,REF,90837,CPT4,AZ01,11,EAP,137.75
,REF,90837,CPT4,AZ01,11,EAP,137.75
,REF,90837,CPT4,AL03,11,HMOAVN,142.14
,REF,90837,CPT4,AZ01,11,QPOS,120.44
,REF,90837,CPT4,CA04,11,,110.57
,REF,90837,CPT4,AZ01,11,SLFIN,117.09
,REF,90837,CPT4,AL02,11,QPOS,142.14
,REF,90837,CPT4,AL08,11,MEPO,142.14
,REF,90837,CPT4,AZ01,11,EAP,120.44
,REF,90837,CPT4,AL07,11,SLFIN,142.14
,REF,90837,CPT4,CA02,11,,150.61
,REF,90837,CPT4,AL04,11,NNHMO,120.82
,REF,90837,CPT4,AL07,11,TC,106.61
,REF,90837,CPT4,AR01,11,MEPPO,78.49
,REF,90837,CPT4,AZ01,11,MEPO,102.37
,REF,90837,CPT4,AL07,11,MEPPO,120.82
,REF,90837,CPT4,AL05,11,ALL,142.14
,REF,90837,CPT4,CA01,11,MHMO,133.48
,REF,90837,CPT4,AL04,11,MEPPO,106.61
,REF,90837,CPT4,AK02,11,HMOAVN,225.83
,REF,90837,CPT4,AL03,11,ALL,142.14
,REF,90837,CPT4,AK02,11,,204.5
,REF,90837,CPT4,AR01,11,MEPPO,115.92
,REF,90837,CPT4,AK02,11,MC,225.83
,REF,90837,CPT4,AL08,11,,142.14
,REF,90837,CPT4,AK02,11,ALL,225.83
,REF,90837,CPT4,AK02,11,MCARE,169.37
,REF,90837,CPT4,AL04,11,HMO,142.14
,REF,90837,CPT4,AL05,11,DPPO,142.14
,REF,90837,CPT4,AL07,11,MBH,142.14
,REF,90837,CPT4,AK02,11,ALL,204.5
,REF,90837,CPT4,AZ01,11,USACC,102.37
,REF,90837,CPT4,AL05,11,MCARE,142.14
,REF,90837,CPT4,AL02,11,MPPO,142.14
,REF,90837,CPT4,AL02,11,MC,142.14
,REF,90837,CPT4,AL08,11,,142.14
,REF,90837,CPT4,CA02,11,MPPO,150.61
,REF,90837,CPT4,AL07,11,MEPO,106.61
,REF,90837,CPT4,AL07,11,TC,106.61
,REF,90837,CPT4,CA01,11,HMOHRA,157.04
,REF,90837,CPT4,AL08,11,VPHMO,106.61
,REF,90837,CPT4,AL06,11,MCAID,120.82
,REF,90837,CPT4,AL04,11,USACC,120.82
,REF,90837,CPT4,AL05,11,HMOAVN,106.61
,REF,90837,CPT4,AL08,11,HMOHRA,142.14
,REF,90837,CPT4,AZ01,11,SLFIN,117.09
,REF,90837,CPT4,AZ01,11,DPPO,137.75
,REF,90837,CPT4,AZ01,11,MBH,120.44
,REF,90837,CPT4,AL02,11,SLFIN,106.61
,REF,90837,CPT4,AK02,11,EAP,173.83
,REF,90837,CPT4,AZ01,11,MCARE,120.44
,REF,90837,CPT4,AZ01,11,DHMO,137.75
,REF,90837,CPT4,CA02,11,DPPO,150.61
,REF,90837,CPT4,AL02,11,,142.14
,REF,90837,CPT4,AL02,11,MEPO,106.61
,REF,90837,CPT4,AK02,11,NNHMO,191.95
,REF,90837,CPT4,AL04,11,NNHMO,106.61
,REF,90837,CPT4,AL07,11,DPPO,142.14
,REF,90837,CPT4,AL06,11,QPOS,106.61
,REF,90837,CPT4,AL02,11,MPPO,142.14
,REF,90837,CPT4,AZ01,11,MEFFS,120.44
,REF,90837,CPT4,AR01,11,MEHMO,78.49
,REF,90837,CPT4,AL05,11,SLFIN,106.61
,REF,90837,CPT4,AK02,11,MCAID,225.83
,REF,90837,CPT4,AK02,11,ALL,204.5
,REF,90837,CPT4,AR01,11,MEHMO,115.92
,REF,90837,CPT4,AZ01,11,DHMO,137.75
,REF,90837,CPT4,AL05,11,HMO,142.14
,REF,90837,CPT4,AK02,11,MEPOS,153.38
,REF,90837,CPT4,AK02,11,MEPPO,204.5
,REF,90837,CPT4,AR01,11,MEPPO,78.49
,REF,90837,CPT4,AL04,11,MEPOS,106.61
,REF,90837,CPT4,AK02,11,HMOAVN,169.37
,REF,90837,CPT4,AR01,11,EAP,78.49
,REF,90837,CPT4,AL02,11,MCARE,106.61
,REF,90837,CPT4,AZ01,11,TRICR,120.44
,REF,90837,CPT4,AL03,11,MWC,142.14
,REF,90837,CPT4,AL07,11,HMOHRA,142.14
,REF,90837,CPT4,AL04,11,MCARE,142.14
,REF,90837,CPT4,AR01,11,HMOHRA,78.49
,REF,90837,CPT4,AZ01,11,HMOAVN,137.75
,REF,90837,CPT4,AZ01,11,MBH,102.37
,REF,90837,CPT4,AR01,11,EAP,78.49
,REF,90837,CPT4,CA01,11,MEHMO,117.78
,REF,90837,CPT4,AL07,11,HMO,120.82
,REF,90837,CPT4,AZ01,11,TC,90.33
,REF,90837,CPT4,CA04,11,MEHMO,147.42
,REF,90837,CPT4,AL05,11,MHMO,142.14
,REF,90837,CPT4,AL07,11,MHMO,142.14
,REF,90837,CPT4,AZ01,11,HMO,120.44
,REF,90837,CPT4,AL08,11,TC,142.14
,REF,90837,CPT4,CA04,11,MEPPO,110.57
,REF,90837,CPT4,AZ01,11,HMOHRA,102.37
,REF,90837,CPT4,AL08,11,MWC,120.82
,REF,90837,CPT4,CA01,11,MWC,117.78
,REF,90837,CPT4,CA01,11,QPOS,133.48
,REF,90837,CPT4,AL07,11,MEHMO,142.14
,REF,90837,CPT4,AZ01,11,MEFFS,120.44
,REF,90837,CPT4,AL02,11,MEPO,142.14
,REF,90837,CPT4,AZ01,11,MEPOS,137.75
,REF,90837,CPT4,AZ01,11,MEHMO,90.33
,REF,90837,CPT4,AZ01,11,ALL,102.37
,REF,90837,CPT4,AK02,11,HMOHRA,225.83
,REF,90837,CPT4,CA04,11,ALL,125.31
,REF,90837,CPT4,CA01,11,POS,157.04
,REF,90837,CPT4,AL08,11,MBH,142.14
,REF,90837,CPT4,AL07,11,,142.14
,REF,90837,CPT4,AK02,11,VPHMO,204.5
,REF,90837,CPT4,AL04,11,MCARE,142.14
,REF,90837,CPT4,AL08,11,MEPOS,120.82
,REF,90837,CPT4,AK02,11,MWC,153.38
,REF,90837,CPT4,AL06,11,MEPOS,106.61
,REF,90837,CPT4,AZ01,11,MEPO,102.37
,REF,90837,CPT4,AK02,11,MCARE,225.83
,REF,90837,CPT4,AZ01,11,TC,120.44
,REF,90837,CPT4,AL05,11,NNHMO,106.61
,REF,90837,CPT4,AK02,11,USACC,191.95
,REF,90837,CPT4,AL05,11,EAP,142.14
,REF,90837,CPT4,AL08,11,SLFIN,142.14
,REF,90837,CPT4,AK02,11,HMO,225.83
,REF,90837,CPT4,CA01,11,HMOHRA,157.04
,REF,90837,CPT4,AL06,11,MPPO,106.61
,REF,90837,CPT4,AL04,11,MCARE,120.82
,REF,90837,CPT4,AR01,11,MWC,99.02
,REF,90837,CPT4,AL07,11,MEFFS,142.14
,REF,90837,CPT4,AZ01,11,MCARE,90.33
,REF,90837,CPT4,AR01,11,MWC,78.49
,REF,90837,CPT4,AZ01,11,MEPPO,120.44
,REF,90837,CPT4,AL05,11,MC,142.14
,REF,90837,CPT4,AZ01,11,EAP,120.44
,REF,90837,CPT4,AZ01,11,HMOHRA,137.75
,REF,90837,CPT4,CA02,11,MEPOS,150.61
,REF,90837,CPT4,CA02,11,VPHMO,150.61
,REF,90837,CPT4,AL04,11,DPPO,120.82
,REF,90837,CPT4,AL03,11,MBH,106.61
,REF,90837,CPT4,AL06,11,EAP,142.14
,REF,90837,CPT4,AL04,11,USACC,120.82
,REF,90837,CPT4,AR01,11,SLFIN,115.92
,REF,90837,CPT4,AL04,11,EAP,142.14
,REF,90837,CPT4,AR01,11,USACC,78.49
,REF,90837,CPT4,AL04,11,TC,120.82
,REF,90837,CPT4,AR01,11,,115.92
,REF,90837,CPT4,AL05,11,MEPPO,106.61
,REF,90837,CPT4,AL06,11,USACC,120.82
,REF,90837,CPT4,AZ01,11,MCAID,120.44
,REF,90837,CPT4,AL07,11,HMO,106.61
,REF,90837,CPT4,AK02,11,MEPOS,204.5
,REF,90837,CPT4,AZ01,11,MCARE,90.33
,REF,90837,CPT4,AZ01,11,MEPPO,90.33
,REF,90837,CPT4,AL03,11,MCAID,142.14
,REF,90837,CPT4,AK02,11,MBH,204.5
,REF,90837,CPT4,AL06,11,HMOHRA,142.14
,REF,90837,CPT4,AL07,11,QPOS,106.61
,REF,90837,CPT4,CA01,11,MPPO,133.48
,REF,90837,CPT4,AL07,11,USACC,142.14
,REF,90837,CPT4,AL06,11,NNHMO,106.61
,REF,90837,CPT4,AL02,11,HMOAVN,142.14
,REF,90837,CPT4,AL03,11,SLFIN,142.14
,REF,90837,CPT4,AL03,11,MC,142.14
,REF,90837,CPT4,AL07,11,ALL,142.14
,REF,90837,CPT4,AK02,11,MC,153.38
,REF,90837,CPT4,AK02,11,MC,225.83
,REF,90837,CPT4,AZ01,11,MEPOS,90.33
,REF,90837,CPT4,CA04,11,MEPPO,110.57
,REF,90837,CPT4,AR01,11,MPPO,78.49
,REF,90837,CPT4,AL06,11,MCARE,142.14
,REF,90837,CPT4,AL03,11,MC,142.14
,REF,90837,CPT4,AL02,11,MEFFS,142.14
,REF,90837,CPT4,AK02,11,EAP,169.37
,REF,90837,CPT4,AL02,11,EAP,106.61
,REF,90837,CPT4,AK02,11,MHMO,204.5
,REF,90837,CPT4,AZ01,11,NNHMO,137.75
,REF,90837,CPT4,AK02,11,ALL,204.5
,REF,90837,CPT4,AK02,11,SLFIN,173.83
,REF,90837,CPT4,CA01,11,POS,157.04
,REF,90837,CPT4,AL04,11,DPPO,142.14
,REF,90837,CPT4,AL02,11,MBH,120.82
,REF,90837,CPT4,AK02,11,MEHMO,169.37
,REF,90837,CPT4,AR01,11,MHMO,115.92
,REF,90837,CPT4,AL06,11,MPPO,142.14
,REF,90837,CPT4,AZ01,11,MEPO,120.44
,REF,90837,CPT4,AK02,11,HMOHRA,169.37
,REF,90837,CPT4,AL06,11,MBH,106.61
,REF,90837,CPT4,AL04,11,VPHMO,142.14
,REF,90837,CPT4,AZ01,11,MCAID,102.37
,REF,90837,CPT4,AK02,11,,173.83
,REF,90837,CPT4,CA02,11,HMOHRA,150.61
,REF,90837,CPT4,AL02,11,QPOS,106.61
,REF,90837,CPT4,AL03,11,HMOHRA,106.61
,REF,90837,CPT4,AK02,11,MHMO,225.83
,REF,90837,CPT4,AR01,11,MC,115.92
,REF,90837,CPT4,AR01,11,NNHMO,78.49
,REF,90837,CPT4,AL03,11,USACC,120.82
,REF,90837,CPT4,AZ01,11,MEPO,120.44
,REF,90837,CPT4,CA02,11,HMO,128.02
,REF,90837,CPT4,AL02,11,HMOHRA,106.61
,REF,90837,CPT4,AR01,11,DHMO,99.02
,REF,90837,CPT4,CA02,11,TRICR,150.61
,REF,90837,CPT4,AR01,11,MEPO,78.49
,REF,90837,CPT4,CA02,11,EAP,112.96
,REF,90837,CPT4,AL02,11,MC,142.14
,REF,90837,CPT4,CA02,11,DHMO,112.96
,REF,90837,CPT4,AL02,11,NNHMO,142.14
,REF,90837,CPT4,AL06,11,HMOHRA,120.82
,REF,90837,CPT4,AZ01,11,DPPO,137.75
,REF,90837,CPT4,AK02,11,MEPO,225.83
,REF,90837,CPT4,CA04,11,HMOHRA,147.42
,REF,90837,CPT4,AL02,11,DPPO,120.82
,REF,90837,CPT4,CA01,11,MEHMO,157.04
,REF,90837,CPT4,AL03,11,SLFIN,106.61
,REF,90837,CPT4,AL03,11,DPPO,106.61
,REF,90837,CPT4,CA01,11,HMOAVN,157.04
,REF,90837,CPT4,AL02,11,MCAID,106.61
,REF,90837,CPT4,AZ01,11,MEPPO,102.37
,REF,90837,CPT4,CA01,11,MEPOS,117.78
,REF,90837,CPT4,AL03,11,MPPO,106.61
,REF,90837,CPT4,AL04,11,DHMO,142.14
,REF,90837,CPT4,AK02,11,HMOAVN,204.5
,REF,90837,CPT4,CA01,11,MEPPO,117.78
,REF,90837,CPT4,CA02,11,NNHMO,112.96
,REF,90837,CPT4,AL06,11,TC,142.14
,REF,90837,CPT4,AZ01,11,MEPPO,120.44
,REF,90837,CPT4,AL05,11,DHMO,142.14
,REF,90837,CPT4,AK02,11,POS,225.83
,REF,90837,CPT4,CA04,11,,147.42
,REF,90837,CPT4,AL04,11,TC,120.82
,REF,90837,CPT4,CA02,11,ALL,150.61
,REF,90837,CPT4,AL06,11,DPPO,142.14
,REF,90837,CPT4,AK02,11,VPHMO,191.95
,REF,90837,CPT4,AL08,11,EAP,142.14
,REF,90837,CPT4,AK02,11,MCAID,153.38
,REF,90837,CPT4,AL02,11,MCAID,142.14
,REF,90837,CPT4,AR01,11,MBH,115.92
,REF,90837,CPT4,AZ01,11,EAP,137.75
,REF,90837,CPT4,AZ01,11,MC,103.31
,REF,90837,CPT4,AL08,11,MCAID,142.14
,REF,90837,CPT4,AL02,11,MCAID,120.82
,REF,90837,CPT4,CA02,11,MEPPO,150.61
,REF,90837,CPT4,AL06,11,TRICR,142.14
,REF,90837,CPT4,AK02,11,MC,204.5
,REF,90837,CPT4,CA02,11,TRICR,150.61
,REF,90837,CPT4,CA01,11,POS,117.78
,REF,90837,CPT4,AL03,11,MEPOS,120.82
,REF,90837,CPT4,CA04,11,MBH,147.42
,REF,90837,CPT4,AL07,11,POS,142.14
,REF,90837,CPT4,AZ01,11,HMO,90.33
,REF,90837,CPT4,AZ01,11,,137.75
,REF,90837,CPT4,CA01,11,MEPOS,133.48
,REF,90837,CPT4,AR01,11,SLFIN,115.92
,REF,90837,CPT4,AL06,11,QPOS,120.82
,REF,90837,CPT4,AZ01,11,,120.44
,REF,90837,CPT4,AL05,11,MPPO,106.61
,REF,90837,CPT4,CA01,11,MCAID,157.04
,REF,90837,CPT4,AL08,11,DHMO,142.14
,REF,90837,CPT4,CA04,11,ALL,110.57
,REF,90837,CPT4,AL02,11,NNHMO,142.14
,REF,90837,CPT4,CA01,11,HMOAVN,157.04
,REF,90837,CPT4,AL07,11,MCAID,142.14
,REF,90837,CPT4,CA02,11,HMO,128.02
,REF,90837,CPT4,CA04,11,EAP,125.31
,REF,90837,CPT4,AZ01,11,EAP,90.33
,REF,90837,CPT4,AL05,11,MEHMO,142.14
,REF,90837,CPT4,AL06,11,HMOAVN,142.14
,REF,90837,CPT4,AL04,11,POS,142.14
,REF,90837,CPT4,AR01,11,TC,115.92
,REF,90837,CPT4,AK02,11,VPHMO,225.83
,REF,90837,CPT4,AL03,11,MEFFS,142.14
,REF,90837,CPT4,AL04,11,MC,120.82
,REF,90837,CPT4,AK02,11,MHMO,173.83
,REF,90837,CPT4,AK02,11,USACC,153.38
,REF,90837,CPT4,AZ01,11,MCARE,90.33
,REF,90837,CPT4,AR01,11,VPHMO,99.02
,REF,90837,CPT4,AL02,11,USACC,106.61
,REF,90837,CPT4,AR01,11,HMO,115.92
,REF,90837,CPT4,AK02,11,TC,204.5
,REF,90837,CPT4,AL06,11,MBH,106.61
,REF,90837,CPT4,AL08,11,MWC,106.61
,REF,90837,CPT4,AK02,11,POS,173.83
,REF,90837,CPT4,CA02,11,ALL,150.61
,REF,90837,CPT4,AL05,11,MEPO,106.61
,REF,90837,CPT4,AL04,11,MEPPO,142.14
,REF,90837,CPT4,AK02,11,POS,225.83
,REF,90837,CPT4,AL02,11,MCARE,106.61
,REF,90837,CPT4,AK02,11,HMOAVN,169.37
,REF,90837,CPT4,CA01,11,QPOS,157.04
,REF,90837,CPT4,CA02,11,ALL,150.61
,REF,90837,CPT4,CA02,11,TRICR,150.61
,REF,90837,CPT4,AL03,11,HMO,142.14
,REF,90837,CPT4,AK02,11,ALL,204.5
,REF,90837,CPT4,CA04,11,MBH,147.42
,REF,90837,CPT4,CA04,11,DPPO,125.31
,REF,90837,CPT4,CA02,11,EAP,112.96
,REF,90837,CPT4,AK02,11,HMOHRA,225.83
,REF,90837,CPT4,AZ01,11,HMOAVN,120.44
,REF,90837,CPT4,AZ01,11,MPPO,137.75
,REF,90837,CPT4,AL08,11,USACC,120.82
,REF,90837,CPT4,CA02,11,EAP,150.61
,REF,90837,CPT4,AL04,11,MEPOS,142.14
,REF,90837,CPT4,CA02,11,MEPPO,112.96
,REF,90837,CPT4,AZ01,11,POS,90.33
,REF,90837,CPT4,AL06,11,ALL,142.14
,REF,90837,CPT4,AK02,11,,225.83
,REF,90837,CPT4,AL05,11,MEPPO,142.14
,REF,90837,CPT4,CA01,11,,117.78
,REF,90837,CPT4,AR01,11,HMOAVN,115.92
,REF,90837,CPT4,AK02,11,MEPOS,153.38
,REF,90837,CPT4,AL05,11,MPPO,106.61
,REF,90837,CPT4,AL03,11,MEFFS,142.14
,REF,90837,CPT4,AL02,11,MHMO,106.61
,REF,90837,CPT4,AK02,11,MEPOS,225.83
,REF,90837,CPT4,CA02,11,MEPOS,112.96
,REF,90837,CPT4,AZ01,11,SLFIN,120.44
,REF,90837,CPT4,AL07,11,HMOAVN,142.14
,REF,90837,CPT4,AL04,11,MPPO,142.14
,REF,90837,CPT4,AL07,11,EAP,142.14
,REF,90837,CPT4,CA04,11,HMOAVN,110.57
,REF,90837,CPT4,AL03,11,HMOAVN,142.14
,REF,90837,CPT4,CA02,11,MPPO,150.61
,REF,90837,CPT4,AK02,11,SLFIN,169.37
,REF,90837,CPT4,AL07,11,ALL,106.61
,REF,90837,CPT4,AL06,11,TRICR,106.61
,REF,90837,CPT4,AK02,11,MBH,169.37
,REF,90837,CPT4,AL03,11,MBH,142.14
,REF,90837,CPT4,AL04,11,TC,106.61
,REF,90837,CPT4,AL06,11,MEPPO,142.14
,REF,90837,CPT4,AL04,11,VPHMO,106.61
,REF,90837,CPT4,CA01,11,USACC,157.04
,REF,90837,CPT4,AL04,11,QPOS,120.82
,REF,90837,CPT4,CA01,11,EAP,117.78
,REF,90837,CPT4,CA01,11,DPPO,117.78
,REF,90837,CPT4,AL06,11,MPPO,142.14
,REF,90837,CPT4,AZ01,11,MCARE,103.31
,REF,90837,CPT4,AR01,11,MEPPO,78.49
,REF,90837,CPT4,AZ01,11,USACC,137.75
,REF,90837,CPT4,CA04,11,MEPOS,110.57
,REF,90837,CPT4,AL07,11,MWC,120.82
,REF,90837,CPT4,AZ01,11,ALL,103.31
,REF,90837,CPT4,AL07,11,MCAID,142.14
,REF,90837,CPT4,AL08,11,SLFIN,142.14
,REF,90837,CPT4,AL06,11,HMO,142.14
,REF,90837,CPT4,AZ01,11,NNHMO,102.37
,REF,90837,CPT4,AL04,11,,106.61
,REF,90837,CPT4,AZ01,11,MEPOS,103.31
,REF,90837,CPT4,CA01,11,DPPO,157.04
,REF,90837,CPT4,AL03,11,DHMO,142.14
,REF,90837,CPT4,AL02,11,MBH,142.14
,REF,90837,CPT4,AK02,11,MHMO,204.5
,REF,90837,CPT4,CA02,11,MCAID,112.96
,REF,90837,CPT4,AK02,11,MCARE,153.38
,REF,90837,CPT4,AR01,11,POS,115.92
,REF,90837,CPT4,AR01,11,HMO,115.92
,REF,90837,CPT4,CA01,11,HMOAVN,117.78
,REF,90837,CPT4,AL07,11,MEHMO,142.14
,REF,90837,CPT4,CA01,11,MCARE,157.04
,REF,90837,CPT4,AR01,11,HMO,115.92
,REF,90837,CPT4,AL02,11,MEPO,142.14
,REF,90837,CPT4,AL08,11,MEPOS,142.14
,REF,90837,CPT4,CA02,11,,128.02
,REF,90837,CPT4,CA02,11,QPOS,150.61
,REF,90837,CPT4,AL08,11,USACC,142.14
,REF,90837,CPT4,AL08,11,MHMO,120.82
,REF,90837,CPT4,AL05,11,SLFIN,120.82
,REF,90837,CPT4,AL03,11,NNHMO,120.82
,REF,90837,CPT4,AL07,11,MEPO,142.14
,REF,90837,CPT4,AL05,11,DHMO,106.61
,REF,90837,CPT4,AL02,11,VPHMO,106.61
,REF,90837,CPT4,AL08,11,POS,106.61
,REF,90837,CPT4,AL04,11,MCAID,142.14
,REF,90837,CPT4,AL06,11,TRICR,142.14
,REF,90837,CPT4,AZ01,11,MPPO,102.37
,REF,90837,CPT4,CA02,11,DPPO,112.96
,REF,90837,CPT4,AL06,11,USACC,106.61
,REF,90837,CPT4,CA01,11,VPHMO,157.04
,REF,90837,CPT4,AR01,11,MCAID,99.02
,REF,90837,CPT4,CA01,11,MPPO,157.04
,REF,90837,CPT4,AL07,11,HMO,106.61
,REF,90837,CPT4,AL05,11,MEFFS,120.82
,REF,90837,CPT4,AL03,11,MEFFS,142.14
,REF,90837,CPT4,AL02,11,POS,120.82
,REF,90837,CPT4,AL02,11,,142.14
,REF,90837,CPT4,AR01,11,QPOS,78.49
,REF,90837,CPT4,AL04,11,NNHMO,106.61
,REF,90837,CPT4,AZ01,11,EAP,137.75
,REF,90837,CPT4,AL05,11,MBH,106.61
,REF,90837,CPT4,AL02,11,MHMO,106.61
,REF,90837,CPT4,AL04,11,NNHMO,142.14
,REF,90837,CPT4,AL06,11,POS,142.14
,REF,90837,CPT4,AL05,11,MWC,142.14
,REF,90837,CPT4,AL04,11,NNHMO,106.61
,REF,90837,CPT4,AZ01,11,MEPOS,137.75
,REF,90837,CPT4,AK02,11,MEPO,225.83
,REF,90837,CPT4,AL03,11,MCARE,106.61
,REF,90837,CPT4,AK02,11,MCAID,204.5
,REF,90837,CPT4,AL04,11,MEPPO,142.14
,REF,90837,CPT4,AZ01,11,HMOHRA,137.75
,REF,90837,CPT4,AL02,11,HMOAVN,142.14
,REF,90837,CPT4,AR01,11,EAP,115.92
,REF,90837,CPT4,AL08,11,MEPPO,106.61
,REF,90837,CPT4,AK02,11,MEPOS,173.83
,REF,90837,CPT4,AL03,11,MEPPO,142.14
,REF,90837,CPT4,AR01,11,MBH,78.49
,REF,90837,CPT4,AZ01,11,DHMO,103.31
,REF,90837,CPT4,AL08,11,VPHMO,142.14
,REF,90837,CPT4,AL08,11,MEPOS,142.14
,REF,90837,CPT4,AL02,11,HMO,142.14
,REF,90837,CPT4,CA01,11,MEPOS,117.78
,REF,90837,CPT4,AL07,11,MEPOS,106.61
,REF,90837,CPT4,AL07,11,NNHMO,106.61
,REF,90837,CPT4,AK02,11,HMOHRA,225.83
,REF,90837,CPT4,AL06,11,DPPO,142.14
,REF,90837,CPT4,AL07,11,QPOS,106.61
,REF,90837,CPT4,AZ01,11,NNHMO,137.75
,REF,90837,CPT4,AZ01,11,MEPO,90.33
,REF,90837,CPT4,AZ01,11,MEHMO,90.33
,REF,90837,CPT4,AL08,11,NNHMO,106.61
,REF,90837,CPT4,AZ01,11,MCARE,120.44
,REF,90837,CPT4,CA01,11,HMOHRA,157.04
,REF,90837,CPT4,AR01,11,QPOS,78.49
,REF,90837,CPT4,AK02,11,TRICR,225.83
,REF,90837,CPT4,AR01,11,VPHMO,78.49
,REF,90837,CPT4,AL07,11,MHMO,142.14
,REF,90837,CPT4,AZ01,11,POS,120.44
,REF,90837,CPT4,CA01,11,HMOHRA,157.04
,REF,90837,CPT4,AK02,11,DHMO,225.83
,REF,90837,CPT4,AZ01,11,DHMO,102.37
,REF,90837,CPT4,CA04,11,DPPO,147.42
,REF,90837,CPT4,AZ01,11,MHMO,103.31
,REF,90837,CPT4,AL04,11,,142.14
,REF,90837,CPT4,AL06,11,MEPOS,142.14
,REF,90837,CPT4,AK02,11,MHMO,225.83
,REF,90837,CPT4,AL03,11,EAP,106.61
,REF,90837,CPT4,CA01,11,MPPO,157.04
,REF,90837,CPT4,CA04,11,MEPO,110.57
,REF,90837,CPT4,AZ01,11,MEPPO,102.37
,REF,90837,CPT4,AZ01,11,MWC,103.31
,REF,90837,CPT4,AL07,11,DHMO,106.61
,REF,90837,CPT4,CA01,11,TRICR,117.78
,REF,90837,CPT4,AK02,11,TC,173.83
,REF,90837,CPT4,CA04,11,HMO,147.42
,REF,90837,CPT4,AL04,11,MEHMO,142.14
,REF,90837,CPT4,AK02,11,EAP,153.38
,REF,90837,CPT4,AL07,11,POS,106.61
,REF,90837,CPT4,AL07,11,MHMO,142.14
,REF,90837,CPT4,AZ01,11,MEPPO,103.31
,REF,90837,CPT4,AL02,11,USACC,106.61
,REF,90837,CPT4,AL07,11,MEPPO,142.14
,REF,90837,CPT4,CA01,11,TRICR,117.78
,REF,90837,CPT4,AL08,11,MEFFS,142.14
,REF,90837,CPT4,AL03,11,SLFIN,106.61
,REF,90837,CPT4,CA01,11,MPPO,117.78
,REF,90837,CPT4,AL04,11,EAP,142.14
,REF,90837,CPT4,CA04,11,HMO,147.42
,REF,90837,CPT4,AZ01,11,ALL,137.75
,REF,90837,CPT4,AL02,11,MEPO,142.14
,REF,90837,CPT4,CA02,11,MEFFS,150.61
,REF,90837,CPT4,AK02,11,TC,225.83
,REF,90837,CPT4,AL06,11,SLFIN,106.61
,REF,90837,CPT4,AZ01,11,MBH,90.33
,REF,90837,CPT4,AZ01,11,QPOS,103.31
,REF,90837,CPT4,AL05,11,MEHMO,142.14
,REF,90837,CPT4,AL04,11,HMOAVN,142.14
,REF,90837,CPT4,AR01,11,MEPOS,78.49
,REF,90837,CPT4,AR01,11,EAP,78.49
,REF,90837,CPT4,AL08,11,TC,120.82
,REF,90837,CPT4,AL08,11,MEHMO,106.61
,REF,90837,CPT4,AL02,11,QPOS,120.82
,REF,90837,CPT4,AL07,11,MEFFS,106.61
,REF,90837,CPT4,AL03,11,QPOS,120.82
,REF,90837,CPT4,AL08,11,MC,142.14
,REF,90837,CPT4,AL06,11,MCAID,106.61
,REF,90837,CPT4,AL08,11,QPOS,120.82
,REF,90837,CPT4,AL05,11,VPHMO,142.14
,REF,90837,CPT4,AL05,11,QPOS,142.14
,REF,90837,CPT4,AL07,11,NNHMO,106.61
,REF,90837,CPT4,AL06,11,MHMO,120.82
,REF,90837,CPT4,AL04,11,HMOHRA,106.61
,REF,90837,CPT4,AL07,11,SLFIN,120.82
,REF,90837,CPT4,CA02,11,HMO,112.96
,REF,90837,CPT4,AL02,11,MPPO,106.61
,REF,90837,CPT4,AK02,11,MEFFS,204.5
,REF,90837,CPT4,AK02,11,EAP,204.5
,REF,90837,CPT4,CA04,11,MC,147.42
,REF,90837,CPT4,AL07,11,DPPO,142.14
,REF,90837,CPT4,AL05,11,ALL,120.82
,REF,90837,CPT4,AL08,11,MEHMO,142.14
,REF,90837,CPT4,CA01,11,HMO,133.48
,REF,90837,CPT4,AK02,11,POS,225.83
,REF,90837,CPT4,CA01,11,MPPO,133.48
,REF,90837,CPT4,AR01,11,MC,99.02
,REF,90837,CPT4,AZ01,11,MC,120.44
,REF,90837,CPT4,AL03,11,ALL,142.14
,REF,90837,CPT4,CA01,11,DPPO,117.78
,REF,90837,CPT4,AZ01,11,,120.44
,REF,90837,CPT4,AL05,11,MEFFS,142.14
,REF,90837,CPT4,AL02,11,MPPO,120.82
,REF,90837,CPT4,AK02,11,,204.5
,REF,90837,CPT4,AL02,11,MHMO,120.82
,REF,90837,CPT4,AL05,11,MEPO,120.82
,REF,90837,CPT4,AZ01,11,HMO,103.31
,REF,90837,CPT4,AK02,11,QPOS,153.38
,REF,90837,CPT4,AL05,11,MEPO,142.14
,REF,90837,CPT4,AK02,11,MEHMO,204.5
,REF,90837,CPT4,AL05,11,MEPPO,106.61
,REF,90837,CPT4,AZ01,11,MHMO,90.33
,REF,90837,CPT4,CA01,11,NNHMO,117.78
,REF,90837,CPT4,AL08,11,HMOAVN,142.14
,REF,90837,CPT4,AL08,11,TRICR,142.14
,REF,90837,CPT4,AL08,11,DPPO,142.14
,REF,90837,CPT4,AL02,11,MWC,120.82
,REF,90837,CPT4,AL08,11,MEPOS,142.14
,REF,90837,CPT4,AL03,11,HMOHRA,142.14
,REF,90837,CPT4,AL06,11,MBH,106.61
,REF,90837,CPT4,AL08,11,MHMO,106.61
,REF,90837,CPT4,AK02,11,MC,169.37
,REF,90837,CPT4,AL06,11,TRICR,106.61
,REF,90837,CPT4,AL03,11,VPHMO,120.82
,REF,90837,CPT4,AL05,11,DHMO,142.14
,REF,90837,CPT4,AZ01,11,HMO,137.75
,REF,90837,CPT4,AL02,11,MC,142.14
,REF,90837,CPT4,CA04,11,DPPO,110.57
,REF,90837,CPT4,AK02,11,DPPO,225.83
,REF,90837,CPT4,AZ01,11,MEHMO,102.37
,REF,90837,CPT4,AK02,11,HMOHRA,204.5
,REF,90837,CPT4,AK02,11,POS,153.38
,REF,90837,CPT4,AL08,11,MCARE,142.14
,REF,90837,CPT4,AL08,11,SLFIN,120.82
,REF,90837,CPT4,AL02,11,HMOAVN,106.61
,REF,90837,CPT4,CA04,11,DPPO,110.57
,REF,90837,CPT4,AL03,11,MCARE,106.61
,REF,90837,CPT4,AK02,11,DPPO,191.95
,REF,90837,CPT4,AL02,11,MHMO,106.61
,REF,90837,CPT4,CA02,11,MPPO,150.61
,REF,90837,CPT4,AL02,11,DHMO,142.14
,REF,90837,CPT4,AL06,11,MWC,142.14
,REF,90837,CPT4,CA02,11,SLFIN,150.61
,REF,90837,CPT4,AK02,11,POS,225.83
,REF,90837,CPT4,AK02,11,VPHMO,153.38
,REF,90837,CPT4,AZ01,11,SLFIN,137.75
,REF,90837,CPT4,AL08,11,MCARE,142.14
,REF,90837,CPT4,AL05,11,MEFFS,120.82
,REF,90837,CPT4,AL06,11,HMO,142.14
,REF,90837,CPT4,AL02,11,MEHMO,142.14
,REF,90837,CPT4,AL07,11,,120.82
,REF,90837,CPT4,AR01,11,POS,78.49
,REF,90837,CPT4,AL06,11,MC,106.61
,REF,90837,CPT4,AZ01,11,MEPOS,137.75
,REF,90837,CPT4,AR01,11,MEPOS,115.92
,REF,90837,CPT4,AK02,11,MCAID,225.83
,REF,90837,CPT4,AL08,11,DPPO,106.61
,REF,90837,CPT4,CA02,11,MHMO,112.96
,REF,90837,CPT4,AL05,11,MPPO,142.14
,REF,90837,CPT4,AK02,11,HMO,191.95
,REF,90837,CPT4,AK02,11,USACC,191.95
,REF,90837,CPT4,AZ01,11,ALL,137.75
,REF,90837,CPT4,AL06,11,MHMO,106.61
,REF,90837,CPT4,AK02,11,POS,153.38
,REF,90837,CPT4,AK01,11,USACC,153.38
,REF,90837,CPT4,AL02,11,,142.14
,REF,90837,CPT4,AL04,11,MCAID,120.82
,REF,90837,CPT4,CA02,11,MBH,112.96
,REF,90837,CPT4,AL03,11,HMO,106.61
,REF,90837,CPT4,CA01,11,EAP,157.04
,REF,90837,CPT4,AZ01,11,HMOAVN,117.09
,REF,90837,CPT4,AZ01,11,POS,120.44
,REF,90837,CPT4,AZ01,11,ALL,137.75
,REF,90837,CPT4,CA01,11,USACC,117.78
,REF,90837,CPT4,CA01,11,MCARE,157.04
,REF,90837,CPT4,AK02,11,DHMO,153.38
,REF,90837,CPT4,AL07,11,HMOAVN,106.61
,REF,90837,CPT4,AL08,11,MWC,106.61
,REF,90837,CPT4,CA04,11,HMOAVN,110.57
,REF,90837,CPT4,AK02,11,TC,204.5
,REF,90837,CPT4,AL03,11,ALL,106.61
,REF,90837,CPT4,AK02,11,MEPO,153.38
,REF,90837,CPT4,AL04,11,MPPO,106.61
,REF,90837,CPT4,AL03,11,MPPO,106.61
,REF,90837,CPT4,AR01,11,,115.92
,REF,90837,CPT4,CA01,11,DHMO,157.04
,REF,90837,CPT4,AZ01,11,DPPO,103.31
,REF,90837,CPT4,AK02,11,USACC,204.5
,REF,90837,CPT4,AK02,11,MWC,204.5
,REF,90837,CPT4,AL05,11,MCARE,120.82
,REF,90837,CPT4,AL04,11,HMOAVN,106.61
,REF,90837,CPT4,AL03,11,DHMO,120.82
,REF,90837,CPT4,AK02,11,HMOHRA,169.37
,REF,90837,CPT4,AL08,11,HMOAVN,106.61
,REF,90837,CPT4,CA01,11,ALL,133.48
,REF,90837,CPT4,AL08,11,USACC,142.14
,REF,90837,CPT4,AL08,11,MC,106.61
,REF,90837,CPT4,AL03,11,SLFIN,142.14
,REF,90837,CPT4,CA02,11,MHMO,112.96
,REF,90837,CPT4,AZ01,11,VPHMO,120.44
,REF,90837,CPT4,AL06,11,DHMO,120.82
,REF,90837,CPT4,CA01,11,HMOHRA,133.48
,REF,90837,CPT4,AL06,11,MBH,106.61
,REF,90837,CPT4,AL08,11,SLFIN,106.61
,REF,90837,CPT4,CA04,11,USACC,147.42
,REF,90837,CPT4,DE01,11,USACC,107.11
,REF,90837,CPT4,FL05,11,HMOAVN,102.94
,REF,90837,CPT4,FL02,11,MEHMO,102.94
,REF,90837,CPT4,GA01,11,DPPO,105.72
,REF,90837,CPT4,FL05,11,HMOHRA,137.25
,REF,90837,CPT4,GA02,11,MEFFS,124.37
,REF,90837,CPT4,CA05,11,DPPO,145.15
,REF,90837,CPT4,FL01,11,DPPO,137.25
,REF,90837,CPT4,GA02,11,MCARE,105.72
,REF,90837,CPT4,FL01,11,MEPO,102.94
,REF,90837,CPT4,DC01,11,MEPPO,99.59
,REF,90837,CPT4,DC01,11,HMO,135.13
,REF,90837,CPT4,CO01,11,MEFFS,117.45
,REF,90837,CPT4,DC01,11,MPPO,117.16
,REF,90837,CPT4,CO01,11,MEPPO,115.45
,REF,90837,CPT4,FL08,11,SLFIN,137.25
,REF,90837,CPT4,GA02,11,HMOAVN,105.72
,REF,90837,CPT4,FL05,11,MCAID,116.66
,REF,90837,CPT4,CA05,11,ALL,145.15
,REF,90837,CPT4,DC01,11,HMOHRA,117.16
,REF,90837,CPT4,GA03,11,MBH,124.37
,REF,90837,CPT4,FL05,11,,102.94
,REF,90837,CPT4,CO01,11,,133.11
,REF,90837,CPT4,DC01,11,MEPPO,87.87
,REF,90837,CPT4,FL01,11,MBH,116.66
,REF,90837,CPT4,FL03,11,VPHMO,79.29
,REF,90837,CPT4,CO01,11,MPPO,156.6
,REF,90837,CPT4,CA05,11,QPOS,108.86
,REF,90837,CPT4,GA02,11,EAP,124.37
,REF,90837,CPT4,GA03,11,EAP,124.37
,REF,90837,CPT4,DC01,11,MPPO,87.87
,REF,90837,CPT4,DC01,11,MEHMO,114.86
,REF,90837,CPT4,FL03,11,HMOAVN,79.29
,REF,90837,CPT4,CA05,11,SLFIN,145.15
,REF,90837,CPT4,CO01,11,MEPO,156.6
,REF,90837,CPT4,CO01,11,MWC,117.45
,REF,90837,CPT4,FL05,11,MPPO,137.25
,REF,90837,CPT4,FL08,11,,137.25
,REF,90837,CPT4,DE01,11,HMO,142.81
,REF,90837,CPT4,DC01,11,MEFFS,117.16
,REF,90837,CPT4,GA01,11,MEHMO,124.37
,REF,90837,CPT4,CA05,11,MCARE,145.15
,REF,90837,CPT4,FL05,11,MCARE,102.94
,REF,90837,CPT4,FL02,11,MEPOS,102.94
,REF,90837,CPT4,FL03,11,DPPO,79.29
,REF,90837,CPT4,FL04,11,HMO,105.72
,REF,90837,CPT4,FL04,11,MEFFS,79.29
,REF,90837,CPT4,GA01,11,,124.37
,REF,90837,CPT4,FL08,11,MWC,137.25
,REF,90837,CPT4,FL04,11,TRICR,105.72
,REF,90837,CPT4,FL08,11,MCAID,137.25
,REF,90837,CPT4,GA02,11,QPOS,124.37
,REF,90837,CPT4,FL04,11,SLFIN,89.86
,REF,90837,CPT4,FL08,11,TC,137.25
,REF,90837,CPT4,FL04,11,MEPOS,105.72
,REF,90837,CPT4,FL04,11,MPPO,79.29
,REF,90837,CPT4,FL03,11,MHMO,105.72
,REF,90837,CPT4,FL03,11,MBH,105.72
,REF,90837,CPT4,GA01,11,HMOAVN,105.72
,REF,90837,CPT4,CO01,11,ALL,135.82
,REF,90837,CPT4,DC01,11,QPOS,114.86
,REF,90837,CPT4,CO01,11,TC,115.45
,REF,90837,CPT4,DC01,11,MC,101.35
,REF,90837,CPT4,DC01,11,EAP,101.35
,REF,90837,CPT4,DE01,11,MHMO,142.81
,REF,90837,CPT4,CO01,11,MWC,101.87
,REF,90837,CPT4,FL01,11,HMOAVN,137.25
,REF,90837,CPT4,CO01,11,NNHMO,101.87
,REF,90837,CPT4,CA05,11,TC,108.86
,REF,90837,CPT4,DC01,11,VPHMO,135.13
,REF,90837,CPT4,FL05,11,EAP,137.25
,REF,90837,CPT4,DC01,11,MWC,99.59
,REF,90837,CPT4,CO01,11,MWC,133.11
,REF,90837,CPT4,CA05,11,MCAID,75.9
,REF,90837,CPT4,CA05,11,MC,145.15
,REF,90837,CPT4,FL04,11,MEPOS,105.72
,REF,90837,CPT4,CO01,11,USACC,117.45
,REF,90837,CPT4,FL08,11,MEPOS,116.66
,REF,90837,CPT4,GA02,11,MBH,93.28
,REF,90837,CPT4,GA01,11,,124.37
,REF,90837,CPT4,FL05,11,ALL,102.94
,REF,90837,CPT4,DC01,11,POS,99.59
,REF,90837,CPT4,DC01,11,MBH,99.59
,REF,90837,CPT4,FL02,11,MPPO,116.66
,REF,90837,CPT4,FL08,11,ALL,102.94
,REF,90837,CPT4,GA02,11,HMO,124.37
,REF,90837,CPT4,FL08,11,DHMO,137.25
,REF,90837,CPT4,GA01,11,NNHMO,124.37
,REF,90837,CPT4,DE01,11,MEPOS,107.11
,REF,90837,CPT4,CA05,11,MWC,108.86
,REF,90837,CPT4,GA02,11,MC,124.37
,REF,90837,CPT4,DE01,11,TRICR,142.81
,REF,90837,CPT4,FL08,11,,116.66
,REF,90837,CPT4,GA02,11,MWC,124.37
,REF,90837,CPT4,FL04,11,TRICR,105.72
,REF,90837,CPT4,GA01,11,EAP,93.28
,REF,90837,CPT4,GA02,11,MPPO,124.37
,REF,90837,CPT4,GA03,11,HMOAVN,105.72
,REF,90837,CPT4,DC01,11,SLFIN,117.16
,REF,90837,CPT4,CA05,11,ALL,108.86
,REF,90837,CPT4,FL05,11,VPHMO,102.94
,REF,90837,CPT4,GA02,11,MCARE,124.37
,REF,90837,CPT4,DC01,11,VPHMO,87.87
,REF,90837,CPT4,FL08,11,MEFFS,102.94
,REF,90837,CPT4,CA05,11,SLFIN,108.86
,REF,90837,CPT4,GA03,11,MC,93.28
,REF,90837,CPT4,DC01,11,MPPO,135.13
,REF,90837,CPT4,FL01,11,DPPO,116.66
,REF,90837,CPT4,CO01,11,TC,156.6
,REF,90837,CPT4,FL08,11,DPPO,137.25
,REF,90837,CPT4,FL03,11,MC,105.72
,REF,90837,CPT4,GA03,11,EAP,93.28
,REF,90837,CPT4,GA03,11,MBH,124.37
,REF,90837,CPT4,FL05,11,USACC,102.94
,REF,90837,CPT4,FL04,11,HMOAVN,105.72
,REF,90837,CPT4,CO01,11,MCARE,156.6
,REF,90837,CPT4,FL03,11,NNHMO,79.29
,REF,90837,CPT4,FL02,11,MEPO,102.94
,REF,90837,CPT4,DE01,11,MEHMO,142.81
,REF,90837,CPT4,FL03,11,DHMO,105.72
,REF,90837,CPT4,CO01,11,NNHMO,117.45
,REF,90837,CPT4,FL08,11,MEFFS,137.25
,REF,90837,CPT4,FL02,11,MCARE,102.94
,REF,90837,CPT4,FL08,11,MEPPO,102.94
,REF,90837,CPT4,FL03,11,TRICR,105.72
,REF,90837,CPT4,DE01,11,NNHMO,107.11
,REF,90837,CPT4,CA05,11,HMOAVN,145.15
,REF,90837,CPT4,DC01,11,TRICR,87.87
,REF,90837,CPT4,FL08,11,MEPOS,102.94
,REF,90837,CPT4,FL05,11,DPPO,137.25
,REF,90837,CPT4,FL04,11,MC,105.72
,REF,90837,CPT4,FL03,11,HMOHRA,79.29
,REF,90837,CPT4,FL08,11,MCAID,137.25
,REF,90837,CPT4,FL08,11,DPPO,116.66
,REF,90837,CPT4,FL04,11,ALL,79.29
,REF,90837,CPT4,FL08,11,MCARE,116.66
,REF,90837,CPT4,FL08,11,MPPO,137.25
,REF,90837,CPT4,DC01,11,MPPO,101.35
,REF,90837,CPT4,CO01,11,MBH,117.45
,REF,90837,CPT4,GA02,11,VPHMO,105.72
,REF,90837,CPT4,DE01,11,POS,121.39
,REF,90837,CPT4,FL04,11,HMO,105.72
,REF,90837,CPT4,CO01,11,MC,101.87
,REF,90837,CPT4,GA03,11,HMO,124.37
,REF,90837,CPT4,GA02,11,QPOS,124.37
,REF,90837,CPT4,FL08,11,TC,102.94
,REF,90837,CPT4,GA01,11,TRICR,124.37
,REF,90837,CPT4,DC01,11,MEHMO,135.13
,REF,90837,CPT4,CA05,11,USACC,145.15
,REF,90837,CPT4,FL08,11,DHMO,137.25
,REF,90837,CPT4,FL04,11,MCARE,105.72
,REF,90837,CPT4,DE01,11,MEPO,142.81
,REF,90837,CPT4,FL02,11,MPPO,137.25
,REF,90837,CPT4,CA04,11,SLFIN,110.57
,REF,90837,CPT4,FL08,11,TC,102.94
,REF,90837,CPT4,CA04,11,MPPO,110.57
,REF,90837,CPT4,FL04,11,DPPO,105.72
,REF,90837,CPT4,GA03,11,HMO,124.37
,REF,90837,CPT4,FL03,11,MCAID,105.72
,REF,90837,CPT4,FL02,11,EAP,137.25
,REF,90837,CPT4,FL01,11,MCAID,137.25
,REF,90837,CPT4,FL05,11,TRICR,137.25
,REF,90837,CPT4,CA05,11,POS,75.9
,REF,90837,CPT4,GA02,11,MCAID,93.28
,REF,90837,CPT4,DC01,11,POS,117.16
,REF,90837,CPT4,FL02,11,MBH,137.25
,REF,90837,CPT4,DC01,11,MWC,135.13
,REF,90837,CPT4,CA05,11,VPHMO,108.86
,REF,90837,CPT4,DC01,11,MCAID,87.87
,REF,90837,CPT4,FL01,11,TC,137.25
,REF,90837,CPT4,GA01,11,TRICR,124.37
,REF,90837,CPT4,FL03,11,DHMO,105.72
,REF,90837,CPT4,DC01,11,MEHMO,101.35
,REF,90837,CPT4,DE01,11,,142.81
,REF,90837,CPT4,DC01,11,NNHMO,135.13
,REF,90837,CPT4,FL05,11,HMOHRA,137.25
,REF,90837,CPT4,GA03,11,DPPO,93.28
,REF,90837,CPT4,DC01,11,POS,114.86
,REF,90837,CPT4,DC01,11,MHMO,117.16
,REF,90837,CPT4,FL04,11,MC,105.72
,REF,90837,CPT4,GA02,11,MHMO,93.28
,REF,90837,CPT4,FL04,11,DPPO,105.72
,REF,90837,CPT4,FL02,11,DHMO,102.94
,REF,90837,CPT4,DE01,11,MEPPO,121.39
,REF,90837,CPT4,CA05,11,MHMO,145.15
,REF,90837,CPT4,FL02,11,MEPPO,102.94
,REF,90837,CPT4,DC01,11,MWC,135.13
,REF,90837,CPT4,DC01,11,NNHMO,135.13
,REF,90837,CPT4,GA01,11,MEPOS,124.37
,REF,90837,CPT4,DE01,11,MBH,107.11
,REF,90837,CPT4,GA02,11,POS,105.72
,REF,90837,CPT4,FL02,11,DHMO,116.66
,REF,90837,CPT4,FL04,11,MCARE,89.86
,REF,90837,CPT4,DC01,11,MEPOS,87.87
,REF,90837,CPT4,CA05,11,,145.15
,REF,90837,CPT4,DC01,11,USACC,135.13
,REF,90837,CPT4,FL05,11,NNHMO,137.25
,REF,90837,CPT4,FL05,11,MWC,102.94
,REF,90837,CPT4,FL02,11,MWC,102.94
,REF,90837,CPT4,FL02,11,MCARE,116.66
,REF,90837,CPT4,CO01,11,MEPOS,117.45
,REF,90837,CPT4,FL04,11,MCARE,105.72
,REF,90837,CPT4,DC01,11,MEPOS,101.35
,REF,90837,CPT4,CA05,11,,145.15
,REF,90837,CPT4,CO01,11,HMO,115.45
,REF,90837,CPT4,CO01,11,,135.82
,REF,90837,CPT4,DE01,11,HMOHRA,142.81
,REF,90837,CPT4,FL08,11,DHMO,137.25
,REF,90837,CPT4,DC01,11,MEPO,135.13
,REF,90837,CPT4,DE01,11,HMO,107.11
,REF,90837,CPT4,DC01,11,TRICR,117.16
,REF,90837,CPT4,FL05,11,HMOAVN,137.25
,REF,90837,CPT4,CO01,11,EAP,156.6
,REF,90837,CPT4,DC01,11,POS,117.16
,REF,90837,CPT4,FL01,11,,102.94
,REF,90837,CPT4,CA04,11,TRICR,110.57
,REF,90837,CPT4,FL02,11,HMO,102.94
,REF,90837,CPT4,FL08,11,MCAID,102.94
,REF,90837,CPT4,GA02,11,MEPO,93.28
,REF,90837,CPT4,DC01,11,MEHMO,135.13
,REF,90837,CPT4,CO01,11,MEPPO,156.6
,REF,90837,CPT4,DE01,11,SLFIN,142.81
,REF,90837,CPT4,FL05,11,MPPO,102.94
,REF,90837,CPT4,CO01,11,HMO,156.6
,REF,90837,CPT4,DE01,11,NNHMO,121.39
,REF,90837,CPT4,DE01,11,MPPO,121.39
,REF,90837,CPT4,DC01,11,MEPOS,135.13
,REF,90837,CPT4,FL02,11,MEPPO,137.25
,REF,90837,CPT4,DC01,11,QPOS,135.13
,REF,90837,CPT4,CO01,11,QPOS,133.11
,REF,90837,CPT4,DC01,11,MEPO,101.35
,REF,90837,CPT4,FL02,11,MBH,116.66
,REF,90837,CPT4,CO01,11,MHMO,117.45
,REF,90837,CPT4,GA03,11,MC,124.37
,REF,90837,CPT4,DE01,11,MCAID,121.39
,REF,90837,CPT4,CO01,11,DHMO,115.45
,REF,90837,CPT4,DE01,11,MEPOS,121.39
,REF,90837,CPT4,CO01,11,MPPO,115.45
,REF,90837,CPT4,CO01,11,DPPO,156.6
,REF,90837,CPT4,FL02,11,TC,102.94
,REF,90837,CPT4,FL01,11,VPHMO,116.66
,REF,90837,CPT4,CO01,11,MCAID,117.45
,REF,90837,CPT4,GA02,11,,93.28
,REF,90837,CPT4,CA05,11,MEFFS,75.9
,REF,90837,CPT4,CA05,11,HMOHRA,145.15
,REF,90837,CPT4,GA02,11,ALL,105.72
,REF,90837,CPT4,CO01,11,TC,156.6
,REF,90837,CPT4,FL04,11,EAP,79.29
,REF,90837,CPT4,DE01,11,MC,142.81
,REF,90837,CPT4,CO01,11,MHMO,156.6
,REF,90837,CPT4,GA01,11,DPPO,124.37
,REF,90837,CPT4,CO01,11,EAP,115.45
,REF,90837,CPT4,CO01,11,TC,156.6
,REF,90837,CPT4,FL03,11,MEPPO,89.86
,REF,90837,CPT4,FL01,11,MCAID,137.25
,REF,90837,CPT4,FL05,11,QPOS,102.94
,REF,90837,CPT4,FL01,11,HMOAVN,102.94
,REF,90837,CPT4,GA01,11,HMOHRA,124.37
,REF,90837,CPT4,DC01,11,TRICR,87.87
,REF,90837,CPT4,CA05,11,MC,145.15
,REF,90837,CPT4,FL01,11,POS,137.25
,REF,90837,CPT4,DC01,11,POS,117.16
,REF,90837,CPT4,FL08,11,MEHMO,116.66
,REF,90837,CPT4,FL08,11,MEPOS,137.25
,REF,90837,CPT4,GA01,11,TRICR,124.37
,REF,90837,CPT4,GA01,11,TRICR,93.28
,REF,90837,CPT4,DC01,11,TRICR,114.86
,REF,90837,CPT4,FL05,11,TRICR,102.94
,REF,90837,CPT4,GA03,11,,93.28
,REF,90837,CPT4,GA03,11,EAP,93.28
,REF,90837,CPT4,CO01,11,NNHMO,135.82
,REF,90837,CPT4,FL04,11,QPOS,79.29
,REF,90837,CPT4,CA04,11,TC,125.31
,REF,90837,CPT4,CO01,11,EAP,101.87
,REF,90837,CPT4,CO01,11,MEFFS,156.6
,REF,90837,CPT4,FL01,11,MWC,137.25
,REF,90837,CPT4,FL08,11,MEHMO,102.94
,REF,90837,CPT4,CO01,11,DPPO,156.6
,REF,90837,CPT4,GA02,11,MCARE,93.28
,REF,90837,CPT4,CA05,11,MWC,108.86
,REF,90837,CPT4,CO01,11,NNHMO,133.11
,REF,90837,CPT4,CA05,11,MEHMO,145.15
,REF,90837,CPT4,GA01,11,MCAID,124.37
,REF,90837,CPT4,GA02,11,MEFFS,124.37
,REF,90837,CPT4,DC01,11,TRICR,117.16
,REF,90837,CPT4,FL04,11,EAP,79.29
,REF,90837,CPT4,CO01,11,MEPPO,135.82
,REF,90837,CPT4,CO01,11,ALL,156.6
,REF,90837,CPT4,CO01,11,HMO,101.87
,REF,90837,CPT4,FL02,11,MEPOS,102.94
,REF,90837,CPT4,CO01,11,MBH,135.82
,REF,90837,CPT4,FL05,11,USACC,102.94
,REF,90837,CPT4,DC01,11,MCAID,135.13
,REF,90837,CPT4,DC01,11,MEPO,87.87
,REF,90837,CPT4,FL01,11,SLFIN,137.25
,REF,90837,CPT4,FL02,11,VPHMO,116.66
,REF,90837,CPT4,FL05,11,MEPOS,102.94
,REF,90837,CPT4,CA05,11,MBH,108.86
,REF,90837,CPT4,CA05,11,TC,108.86
,REF,90837,CPT4,FL04,11,DHMO,105.72
,REF,90837,CPT4,FL02,11,MEPPO,137.25
,REF,90837,CPT4,FL02,11,MC,137.25
,REF,90837,CPT4,CO01,11,MEFFS,133.11
,REF,90837,CPT4,FL01,11,QPOS,102.94
,REF,90837,CPT4,GA01,11,TRICR,124.37
,REF,90837,CPT4,FL02,11,MCARE,137.25
,REF,90837,CPT4,FL01,11,TRICR,137.25
,REF,90837,CPT4,DC01,11,MWC,117.16
,REF,90837,CPT4,CO01,11,POS,135.82
,REF,90837,CPT4,GA02,11,ALL,93.28
,REF,90837,CPT4,CO01,11,MEHMO,156.6
,REF,90837,CPT4,FL04,11,MEPO,79.29
,REF,90837,CPT4,DE01,11,SLFIN,142.81
,REF,90837,CPT4,DC01,11,TC,135.13
,REF,90837,CPT4,CO01,11,SLFIN,101.87
,REF,90837,CPT4,DE01,11,MBH,142.81
,REF,90837,CPT4,CA05,11,MHMO,145.15
,REF,90837,CPT4,CA04,11,MPPO,125.31
,REF,90837,CPT4,FL08,11,MEFFS,137.25
,REF,90837,CPT4,FL04,11,USACC,105.72
,REF,90837,CPT4,DC01,11,MEPPO,117.16
,REF,90837,CPT4,DE01,11,MEPO,142.81
,REF,90837,CPT4,DC01,11,MEPO,114.86
,REF,90837,CPT4,FL03,11,MC,105.72
,REF,90837,CPT4,FL03,11,MCARE,105.72
,REF,90837,CPT4,FL02,11,NNHMO,137.25
,REF,90837,CPT4,FL02,11,MEHMO,137.25
,REF,90837,CPT4,FL02,11,HMOAVN,102.94
,REF,90837,CPT4,FL02,11,MEPO,137.25
,REF,90837,CPT4,GA01,11,MEHMO,124.37
,REF,90837,CPT4,FL03,11,MBH,105.72
,REF,90837,CPT4,FL01,11,VPHMO,102.94
,REF,90837,CPT4,FL04,11,MHMO,79.29
,REF,90837,CPT4,CA05,11,EAP,145.15
,REF,90837,CPT4,CO01,11,MEPPO,133.11
,REF,90837,CPT4,FL04,11,MEPO,79.29
,REF,90837,CPT4,DC01,11,MC,101.35
,REF,90837,CPT4,FL08,11,VPHMO,137.25
,REF,90837,CPT4,FL01,11,HMO,102.94
,REF,90837,CPT4,GA02,11,EAP,124.37
,REF,90837,CPT4,FL01,11,MEPO,116.66
,REF,90837,CPT4,FL03,11,POS,79.29
,REF,90837,CPT4,CA04,11,TRICR,147.42
,REF,90837,CPT4,FL02,11,MCAID,137.25
,REF,90837,CPT4,DC01,11,MEFFS,87.87
,REF,90837,CPT4,FL01,11,ALL,137.25
,REF,90837,CPT4,DC01,11,MEHMO,99.59
,REF,90837,CPT4,FL01,11,MC,116.66
,REF,90837,CPT4,GA02,11,,105.72
,REF,90837,CPT4,GA01,11,SLFIN,124.37
,REF,90837,CPT4,GA03,11,DHMO,93.28
,REF,90837,CPT4,DC01,11,HMO,114.86
,REF,90837,CPT4,GA02,11,TC,93.28
,REF,90837,CPT4,GA03,11,HMOHRA,124.37
,REF,90837,CPT4,FL08,11,VPHMO,102.94
,REF,90837,CPT4,FL05,11,VPHMO,116.66
,REF,90837,CPT4,CO01,11,DHMO,135.82
,REF,90837,CPT4,DE01,11,VPHMO,142.81
,REF,90837,CPT4,FL05,11,MC,102.94
,REF,90837,CPT4,DC01,11,MEFFS,99.59
,REF,90837,CPT4,CA04,11,VPHMO,147.42
,REF,90837,CPT4,DC01,11,MEPPO,135.13
,REF,90837,CPT4,CO01,11,POS,101.87
,REF,90837,CPT4,GA01,11,TRICR,93.28
,REF,90837,CPT4,FL08,11,MHMO,137.25
,REF,90837,CPT4,GA02,11,EAP,105.72
,REF,90837,CPT4,DC01,11,POS,87.87
,REF,90837,CPT4,CO01,11,HMOHRA,135.82
,REF,90837,CPT4,FL03,11,QPOS,79.29
,REF,90837,CPT4,GA01,11,VPHMO,93.28
,REF,90837,CPT4,FL02,11,NNHMO,102.94
,REF,90837,CPT4,FL02,11,POS,102.94
,REF,90837,CPT4,FL04,11,POS,105.72
,REF,90837,CPT4,CA05,11,HMO,108.86
,REF,90837,CPT4,GA03,11,MCAID,105.72
,REF,90837,CPT4,FL05,11,MC,137.25
,REF,90837,CPT4,DE01,11,QPOS,142.81
,REF,90837,CPT4,DE01,11,QPOS,107.11
,REF,90837,CPT4,FL04,11,MC,105.72
,REF,90837,CPT4,FL02,11,DHMO,116.66
,REF,90837,CPT4,CO01,11,MEPPO,135.82
,REF,90837,CPT4,DC01,11,,117.16
,REF,90837,CPT4,CA05,11,MEPO,145.15
,REF,90837,CPT4,FL05,11,TC,137.25
,REF,90837,CPT4,CA05,11,HMO,108.86
,REF,90837,CPT4,FL08,11,MEPPO,137.25
,REF,90837,CPT4,CA05,11,QPOS,108.86
,REF,90837,CPT4,CA04,11,SLFIN,110.57
,REF,90837,CPT4,CA04,11,MPPO,125.31
,REF,90837,CPT4,FL02,11,MEPPO,102.94
,REF,90837,CPT4,DC01,11,MBH,117.16
,REF,90837,CPT4,CO01,11,DHMO,135.82
,REF,90837,CPT4,CO01,11,DHMO,135.82
,REF,90837,CPT4,FL03,11,TRICR,79.29
,REF,90837,CPT4,DC01,11,,117.16
,REF,90837,CPT4,GA01,11,MPPO,93.28
,REF,90837,CPT4,DE01,11,HMOAVN,107.11
,REF,90837,CPT4,DE01,11,MEFFS,142.81
,REF,90837,CPT4,CO01,11,MCAID,117.45
,REF,90837,CPT4,CA04,11,VPHMO,147.42
,REF,90837,CPT4,GA02,11,MCAID,124.37
,REF,90837,CPT4,FL03,11,EAP,105.72
,REF,90837,CPT4,FL01,11,POS,137.25
,REF,90837,CPT4,FL05,11,HMOHRA,137.25
,REF,90837,CPT4,FL01,11,MC,137.25
,REF,90837,CPT4,DC01,11,MEPO,117.16
,REF,90837,CPT4,FL05,11,VPHMO,137.25
,REF,90837,CPT4,CA05,11,,145.15
,REF,90837,CPT4,DE01,11,DHMO,142.81
,REF,90837,CPT4,DC01,11,HMOHRA,114.86
,REF,90837,CPT4,FL05,11,MWC,116.66
,REF,90837,CPT4,FL02,11,DHMO,137.25
,REF,90837,CPT4,CO01,11,MHMO,135.82
,REF,90837,CPT4,FL01,11,MBH,102.94
,REF,90837,CPT4,FL02,11,POS,137.25
,REF,90837,CPT4,CA05,11,DHMO,145.15
,REF,90837,CPT4,GA01,11,MPPO,124.37
,REF,90837,CPT4,FL04,11,HMO,79.29
,REF,90837,CPT4,FL05,11,POS,102.94
,REF,90837,CPT4,FL08,11,MPPO,102.94
,REF,90837,CPT4,CO01,11,HMOHRA,133.11
,REF,90837,CPT4,FL05,11,TRICR,102.94
,REF,90837,CPT4,FL03,11,MCAID,105.72
,REF,90837,CPT4,FL04,11,MEPOS,89.86
,REF,90837,CPT4,CO01,11,USACC,115.45
,REF,90837,CPT4,CA05,11,MWC,145.15
,REF,90837,CPT4,CA05,11,MEPPO,145.15
,REF,90837,CPT4,FL04,11,DHMO,79.29
,REF,90837,CPT4,FL08,11,POS,137.25
,REF,90837,CPT4,DE01,11,MEFFS,142.81
,REF,90837,CPT4,FL08,11,ALL,102.94
,REF,90837,CPT4,FL01,11,HMOAVN,116.66
,REF,90837,CPT4,CO01,11,MWC,133.11
,REF,90837,CPT4,CO01,11,MCARE,133.11
,REF,90837,CPT4,FL03,11,MEHMO,79.29
,REF,90837,CPT4,FL04,11,MCAID,89.86
,REF,90837,CPT4,DC01,11,HMO,135.13
,REF,90837,CPT4,GA01,11,MEPO,124.37
,REF,90837,CPT4,DE01,11,MEPPO,142.81
,REF,90837,CPT4,DE01,11,MBH,107.11
,REF,90837,CPT4,FL04,11,MWC,105.72
,REF,90837,CPT4,FL01,11,MWC,116.66
,REF,90837,CPT4,FL05,11,MEFFS,137.25
,REF,90837,CPT4,GA02,11,MEPPO,105.72
,REF,90837,CPT4,FL03,11,MEPO,79.29
,REF,90837,CPT4,DC01,11,MHMO,101.35
,REF,90837,CPT4,FL01,11,TRICR,137.25
,REF,90837,CPT4,FL03,11,HMOHRA,105.72
,REF,90837,CPT4,DC01,11,NNHMO,135.13
,REF,90837,CPT4,DE01,11,TC,107.11
,REF,90837,CPT4,FL08,11,TC,137.25
,REF,90837,CPT4,FL08,11,MEPOS,137.25
,REF,90837,CPT4,FL04,11,DPPO,105.72
,REF,90837,CPT4,FL01,11,MEPPO,102.94
,REF,90837,CPT4,DC01,11,POS,101.35
,REF,90837,CPT4,CO01,11,MCARE,117.45
,REF,90837,CPT4,GA03,11,ALL,124.37
,REF,90837,CPT4,FL05,11,MCARE,137.25
,REF,90837,CPT4,FL05,11,DHMO,137.25
,REF,90837,CPT4,DE01,11,POS,107.11
,REF,90837,CPT4,GA01,11,MHMO,93.28
,REF,90837,CPT4,DC01,11,,99.59
,REF,90837,CPT4,GA01,11,MEFFS,124.37
,REF,90837,CPT4,FL02,11,NNHMO,102.94
,REF,90837,CPT4,FL08,11,MCARE,137.25
,REF,90837,CPT4,DC01,11,MCARE,87.87
,REF,90837,CPT4,CA05,11,VPHMO,145.15
,REF,90837,CPT4,CO01,11,MEFFS,156.6
,REF,90837,CPT4,FL08,11,EAP,137.25
,REF,90837,CPT4,FL02,11,TC,102.94
,REF,90837,CPT4,FL04,11,NNHMO,105.72
,REF,90837,CPT4,CO01,11,SLFIN,156.6
,REF,90837,CPT4,FL04,11,MEPOS,79.29
,REF,90837,CPT4,FL03,11,MEPO,79.29
,REF,90837,CPT4,CO01,11,HMOHRA,156.6
,REF,90837,CPT4,CA05,11,HMOAVN,145.15
,REF,90837,CPT4,CA05,11,MEHMO,145.15
,REF,90837,CPT4,FL03,11,MPPO,79.29
,REF,90837,CPT4,GA02,11,,124.37
,REF,90837,CPT4,FL01,11,MWC,102.94
,REF,90837,CPT4,CA05,11,TC,145.15
,REF,90837,CPT4,FL03,11,MEPPO,105.72
,REF,90837,CPT4,FL04,11,DPPO,79.29
,REF,90837,CPT4,GA03,11,DPPO,124.37
,REF,90837,CPT4,DE01,11,EAP,107.11
,REF,90837,CPT4,DE01,11,USACC,142.81
,REF,90837,CPT4,DE01,11,TC,142.81
,REF,90837,CPT4,FL08,11,MEPO,137.25
,REF,90837,CPT4,FL04,11,MEFFS,105.72
,REF,90837,CPT4,GA02,11,MHMO,124.37
,REF,90837,CPT4,DC01,11,ALL,135.13
,REF,90837,CPT4,DC01,11,MHMO,101.35
,REF,90837,CPT4,DE01,11,HMO,121.39
,REF,90837,CPT4,FL04,11,TRICR,105.72
,REF,90837,CPT4,FL02,11,NNHMO,102.94
,REF,90837,CPT4,DC01,11,MEHMO,87.87
,REF,90837,CPT4,CO01,11,POS,135.82
,REF,90837,CPT4,FL03,11,DHMO,105.72
,REF,90837,CPT4,DC01,11,MBH,135.13
,REF,90837,CPT4,CA05,11,TRICR,145.15
,REF,90837,CPT4,FL03,11,TC,89.86
,REF,90837,CPT4,FL04,11,MEHMO,105.72
,REF,90837,CPT4,CO01,11,MBH,133.11
,REF,90837,CPT4,FL02,11,USACC,102.94
,REF,90837,CPT4,FL05,11,MEHMO,137.25
,REF,90837,CPT4,CA05,11,DPPO,145.15
,REF,90837,CPT4,CO01,11,HMOAVN,117.45
,REF,90837,CPT4,FL08,11,MBH,116.66
,REF,90837,CPT4,GA02,11,MC,124.37
,REF,90837,CPT4,CA04,11,MWC,147.42
,REF,90837,CPT4,FL08,11,NNHMO,102.94
,REF,90837,CPT4,FL04,11,SLFIN,105.72
,REF,90837,CPT4,FL05,11,HMO,137.25
,REF,90837,CPT4,CA04,11,SLFIN,147.42
,REF,90837,CPT4,CA05,11,MBH,108.86
,REF,90837,CPT4,FL08,11,USACC,137.25
,REF,90837,CPT4,FL05,11,MEFFS,102.94
,REF,90837,CPT4,FL02,11,QPOS,116.66
,REF,90837,CPT4,FL01,11,SLFIN,137.25
,REF,90837,CPT4,DC01,11,DHMO,135.13
,REF,90837,CPT4,CO01,11,MBH,156.6
,REF,90837,CPT4,FL03,11,QPOS,105.72
,REF,90837,CPT4,FL02,11,TRICR,102.94
,REF,90837,CPT4,FL04,11,POS,79.29
,REF,90837,CPT4,CA05,11,HMOAVN,108.86
,REF,90837,CPT4,GA02,11,HMO,93.28
,REF,90837,CPT4,FL01,11,,137.25
,REF,90837,CPT4,FL08,11,HMOHRA,102.94
,REF,90837,CPT4,FL05,11,TRICR,137.25
,REF,90837,CPT4,CO01,11,POS,135.82
,REF,90837,CPT4,GA03,11,EAP,124.37
,REF,90837,CPT4,CO01,11,VPHMO,156.6
,REF,90837,CPT4,GA01,11,MHMO,124.37
,REF,90837,CPT4,FL02,11,DPPO,137.25
,REF,90837,CPT4,FL03,11,QPOS,105.72
,REF,90837,CPT4,FL05,11,VPHMO,102.94
,REF,90837,CPT4,CO01,11,MEPO,117.45
,REF,90837,CPT4,FL02,11,POS,137.25
,REF,90837,CPT4,DE01,11,QPOS,142.81
,REF,90837,CPT4,CO01,11,HMO,135.82
,REF,90837,CPT4,FL04,11,MEPOS,105.72
,REF,90837,CPT4,GA03,11,,124.37
,REF,90837,CPT4,FL05,11,MBH,102.94
,REF,90837,CPT4,DE01,11,VPHMO,107.11
,REF,90837,CPT4,CO01,11,POS,135.82
,REF,90837,CPT4,CA05,11,MEPOS,145.15
,REF,90837,CPT4,CO01,11,NNHMO,135.82
,REF,90837,CPT4,FL04,11,MWC,105.72
,REF,90837,CPT4,GA02,11,SLFIN,93.28
,REF,90837,CPT4,GA02,11,SLFIN,124.37
,REF,90837,CPT4,FL03,11,MPPO,105.72
,REF,90837,CPT4,FL08,11,MWC,137.25
,REF,90837,CPT4,GA02,11,TRICR,93.28
,REF,90837,CPT4,FL04,11,ALL,105.72
,REF,90837,CPT4,FL08,11,SLFIN,137.25
,REF,90837,CPT4,CA05,11,MC,75.9
,REF,90837,CPT4,GA01,11,NNHMO,93.28
,REF,90837,CPT4,DC01,11,MEPOS,117.16
,REF,90837,CPT4,FL03,11,NNHMO,89.86
,REF,90837,CPT4,DC01,11,DPPO,87.87
,REF,90837,CPT4,FL05,11,HMOAVN,116.66
,REF,90837,CPT4,CO01,11,MEPOS,115.45
,REF,90837,CPT4,DE01,11,MPPO,107.11
,REF,90837,CPT4,FL08,11,SLFIN,102.94
,REF,90837,CPT4,DC01,11,MHMO,117.16
,REF,90837,CPT4,DC01,11,SLFIN,135.13
,REF,90837,CPT4,DC01,11,MCAID,135.13
,REF,90837,CPT4,DC01,11,VPHMO,117.16
,REF,90837,CPT4,FL04,11,MBH,105.72
,REF,90837,CPT4,FL01,11,MCAID,137.25
,REF,90837,CPT4,FL08,11,TC,116.66
,REF,90837,CPT4,FL01,11,VPHMO,137.25
,REF,90837,CPT4,GA01,11,MCARE,124.37
,REF,90837,CPT4,CA05,11,MCARE,108.86
,REF,90837,CPT4,GA02,11,DHMO,124.37
,REF,90837,CPT4,FL03,11,USACC,79.29
,REF,90837,CPT4,DC01,11,HMO,117.16
,REF,90837,CPT4,FL03,11,MWC,105.72
,REF,90837,CPT4,DC01,11,MPPO,117.16
,REF,90837,CPT4,CO01,11,MEFFS,156.6
,REF,90837,CPT4,GA01,11,MEFFS,124.37
,REF,90837,CPT4,DE01,11,EAP,142.81
,REF,90837,CPT4,DC01,11,MWC,117.16
,REF,90837,CPT4,CA05,11,HMOAVN,108.86
,REF,90837,CPT4,CO01,11,,101.87
,REF,90837,CPT4,FL02,11,POS,137.25
,REF,90837,CPT4,CA05,11,MCARE,108.86
,REF,90837,CPT4,DE01,11,HMO,142.81
,REF,90837,CPT4,GA01,11,MHMO,124.37
,REF,90837,CPT4,CA04,11,SLFIN,147.42
,REF,90837,CPT4,FL01,11,DPPO,102.94
,REF,90837,CPT4,GA03,11,MBH,93.28
,REF,90837,CPT4,DC01,11,TRICR,135.13
,REF,90837,CPT4,FL05,11,MEPO,102.94
,REF,90837,CPT4,GA02,11,MEPOS,124.37
,REF,90837,CPT4,FL04,11,MEHMO,105.72
,REF,90837,CPT4,FL01,11,MWC,137.25
,REF,90837,CPT4,GA01,11,POS,93.28
,REF,90837,CPT4,GA03,11,HMO,124.37
,REF,90837,CPT4,FL02,11,MPPO,116.66
,REF,90837,CPT4,DE01,11,MEPO,142.81
,REF,90837,CPT4,FL04,11,QPOS,105.72
,REF,90837,CPT4,FL02,11,TRICR,137.25
,REF,90837,CPT4,FL03,11,SLFIN,105.72
,REF,90837,CPT4,DC01,11,MEPPO,135.13
,REF,90837,CPT4,DC01,11,MEPO,117.16
,REF,90837,CPT4,GA02,11,HMO,105.72
,REF,90837,CPT4,CO01,11,MEPOS,101.87
,REF,90837,CPT4,FL08,11,DPPO,116.66
,REF,90837,CPT4,GA03,11,EAP,93.28
,REF,90837,CPT4,DC01,11,MEPOS,135.13
,REF,90837,CPT4,FL02,11,NNHMO,137.25
,REF,90837,CPT4,DE01,11,TC,142.81
,REF,90837,CPT4,GA01,11,MBH,124.37
,REF,90837,CPT4,CA05,11,ALL,145.15
,REF,90837,CPT4,FL08,11,VPHMO,116.66
,REF,90837,CPT4,DE01,11,TC,107.11
,REF,90837,CPT4,DE01,11,VPHMO,142.81
,REF,90837,CPT4,GA01,11,POS,93.28
,REF,90837,CPT4,FL01,11,MEPO,137.25
,REF,90837,CPT4,FL05,11,MEPO,137.25
,REF,90837,CPT4,CO01,11,HMOAVN,156.6
,REF,90837,CPT4,DC01,11,MEPPO,135.13
,REF,90837,CPT4,DE01,11,MC,107.11
,REF,90837,CPT4,GA01,11,MCARE,93.28
,REF,90837,CPT4,FL05,11,POS,102.94
,REF,90837,CPT4,FL04,11,MEPPO,89.86
,REF,90837,CPT4,FL04,11,MCARE,79.29
,REF,90837,CPT4,DC01,11,,117.16
,REF,90837,CPT4,GA02,11,,124.37
,REF,90837,CPT4,DC01,11,MWC,101.35
,REF,90837,CPT4,FL02,11,TC,137.25
,REF,90837,CPT4,FL03,11,EAP,105.72
,REF,90837,CPT4,DE01,11,TRICR,142.81
,REF,90837,CPT4,DE01,11,MEPPO,142.81
,REF,90837,CPT4,CO01,11,MEPOS,156.6
,REF,90837,CPT4,GA02,11,TC,124.37
,REF,90837,CPT4,GA01,11,DPPO,93.28
,REF,90837,CPT4,GA01,11,MHMO,124.37
,REF,90837,CPT4,CO01,11,POS,135.82
,REF,90837,CPT4,DC01,11,NNHMO,117.16
,REF,90837,CPT4,DC01,11,HMO,87.87
,REF,90837,CPT4,FL08,11,TRICR,137.25
,REF,90837,CPT4,GA02,11,MCAID,93.28
,REF,90837,CPT4,GA01,11,DHMO,124.37
,REF,90837,CPT4,FL05,11,MEFFS,137.25
,REF,90837,CPT4,DC01,11,ALL,101.35
,REF,90837,CPT4,FL01,11,NNHMO,137.25
,REF,90837,CPT4,FL03,11,DHMO,105.72
,REF,90837,CPT4,FL05,11,,137.25
,REF,90837,CPT4,FL01,11,MC,102.94
,REF,90837,CPT4,GA02,11,NNHMO,124.37
,REF,90837,CPT4,CA05,11,DHMO,108.86
,REF,90837,CPT4,CA05,11,DHMO,145.15
,REF,90837,CPT4,GA02,11,MWC,124.37
,REF,90837,CPT4,CA05,11,QPOS,75.9
,REF,90837,CPT4,CA05,11,MCAID,75.9
,REF,90837,CPT4,GA03,11,HMOAVN,93.28
,REF,90837,CPT4,CO01,11,DPPO,156.6
,REF,90837,CPT4,FL08,11,HMOAVN,137.25
,REF,90837,CPT4,FL01,11,ALL,137.25
,REF,90837,CPT4,GA01,11,MEPOS,124.37
,REF,90837,CPT4,CA04,11,POS,125.31
,REF,90837,CPT4,FL08,11,HMOAVN,137.25
,REF,90837,CPT4,DC01,11,NNHMO,117.16
,REF,90837,CPT4,CA05,11,ALL,145.15
,REF,90837,CPT4,GA03,11,HMO,93.28
,REF,90837,CPT4,DC01,11,MWC,117.16
,REF,90837,CPT4,FL01,11,MEPO,102.94
,REF,90837,CPT4,CO01,11,MBH,133.11
,REF,90837,CPT4,CA04,11,VPHMO,110.57
,REF,90837,CPT4,CO01,11,HMO,135.82
,REF,90837,CPT4,GA01,11,NNHMO,124.37
,REF,90837,CPT4,FL04,11,MCAID,79.29
,REF,90837,CPT4,FL03,11,MEPO,105.72
,REF,90837,CPT4,DC01,11,VPHMO,87.87
,REF,90837,CPT4,FL05,11,MEPO,137.25
,REF,90837,CPT4,GA02,11,MEPPO,124.37
,REF,90837,CPT4,FL05,11,MCAID,102.94
,REF,90837,CPT4,CA04,11,VPHMO,110.57
,REF,90837,CPT4,GA02,11,NNHMO,124.37
,REF,90837,CPT4,CO01,11,SLFIN,156.6
,REF,90837,CPT4,CA05,11,SLFIN,145.15
,REF,90837,CPT4,FL05,11,MEHMO,137.25
,REF,90837,CPT4,CO01,11,MWC,156.6
,REF,90837,CPT4,DE01,11,VPHMO,107.11
,REF,90837,CPT4,FL03,11,MEPPO,105.72
,REF,90837,CPT4,FL04,11,QPOS,105.72
,REF,90837,CPT4,GA02,11,TRICR,105.72
,REF,90837,CPT4,FL03,11,MEPO,105.72
,REF,90837,CPT4,FL05,11,MEPPO,102.94
,REF,90837,CPT4,DC01,11,MHMO,117.16
,REF,90837,CPT4,FL02,11,HMOHRA,137.25
,REF,90837,CPT4,FL01,11,MCARE,116.66
,REF,90837,CPT4,FL04,11,MCARE,79.29
,REF,90837,CPT4,FL01,11,DHMO,116.66
,REF,90837,CPT4,DC01,11,NNHMO,99.59
,REF,90837,CPT4,CO01,11,MCAID,101.87
,REF,90837,CPT4,FL01,11,MEHMO,137.25
,REF,90837,CPT4,DC01,11,MEFFS,101.35
,REF,90837,CPT4,FL03,11,HMOAVN,105.72
,REF,90837,CPT4,CA04,11,MWC,147.42
,REF,90837,CPT4,CO01,11,NNHMO,135.82
,REF,90837,CPT4,DC01,11,MCAID,99.59
,REF,90837,CPT4,CO01,11,MCARE,101.87
,REF,90837,CPT4,CO01,11,MEPO,156.6
,REF,90837,CPT4,FL05,11,MEPOS,102.94
,REF,90837,CPT4,FL02,11,HMO,137.25
,REF,90837,CPT4,FL08,11,USACC,137.25
,REF,90837,CPT4,FL05,11,DHMO,102.94
,REF,90837,CPT4,DC01,11,QPOS,117.16
,REF,90837,CPT4,CA05,11,USACC,108.86
,REF,90837,CPT4,CO01,11,MC,135.82
,REF,90837,CPT4,DC01,11,TC,101.35
,REF,90837,CPT4,DC01,11,MEPO,117.16
,REF,90837,CPT4,CO01,11,MEPO,135.82
,REF,90837,CPT4,DE01,11,DHMO,107.11
,REF,90837,CPT4,GA01,11,SLFIN,124.37
,REF,90837,CPT4,DC01,11,QPOS,135.13
,REF,90837,CPT4,FL03,11,MEHMO,105.72
,REF,90837,CPT4,CA05,11,MEFFS,145.15
,REF,90837,CPT4,CO01,11,ALL,115.45
,REF,90837,CPT4,DC01,11,HMOHRA,135.13
,REF,90837,CPT4,FL02,11,HMO,137.25
,REF,90837,CPT4,FL02,11,HMO,137.25
,REF,90837,CPT4,DC01,11,MEHMO,117.16
,REF,90837,CPT4,FL08,11,TRICR,137.25
,REF,90837,CPT4,DE01,11,POS,142.81
,REF,90837,CPT4,FL04,11,MEPO,89.86
,REF,90837,CPT4,FL02,11,MC,102.94
,REF,90837,CPT4,GA01,11,DHMO,93.28
,REF,90837,CPT4,FL05,11,USACC,102.94
,REF,90837,CPT4,DC01,11,EAP,135.13
,REF,90837,CPT4,DE01,11,,121.39
,REF,90837,CPT4,DE01,11,SLFIN,142.81
,REF,90837,CPT4,FL02,11,MWC,137.25
,REF,90837,CPT4,CA05,11,MEPO,108.86
,REF,90837,CPT4,CA05,11,EAP,145.15
,REF,90837,CPT4,FL05,11,EAP,102.94
,REF,90837,CPT4,CO01,11,MPPO,135.82
,REF,90837,CPT4,FL02,11,MEFFS,102.94
,REF,90837,CPT4,GA01,11,MCARE,93.28
,REF,90837,CPT4,CO01,11,MEHMO,156.6
,REF,90837,CPT4,FL04,11,MEFFS,105.72
,REF,90837,CPT4,FL08,11,MEPO,102.94
,REF,90837,CPT4,FL03,11,USACC,105.72
,REF,90837,CPT4,GA01,11,HMOAVN,124.37
,REF,90837,CPT4,FL05,11,MC,102.94
,REF,90837,CPT4,DC01,11,ALL,87.87
,REF,90837,CPT4,CO01,11,MEFFS,117.45
,REF,90837,CPT4,DC01,11,NNHMO,117.16
,REF,90837,CPT4,GA01,11,TRICR,93.28
,REF,90837,CPT4,FL02,11,MBH,116.66
,REF,90837,CPT4,CO01,11,MCAID,117.45
,REF,90837,CPT4,CA05,11,MEPOS,145.15
,REF,90837,CPT4,GA02,11,HMO,105.72
,REF,90837,CPT4,FL01,11,MC,102.94
,REF,90837,CPT4,CO01,11,TRICR,115.45
,REF,90837,CPT4,GA02,11,MEHMO,124.37
,REF,90837,CPT4,FL01,11,MPPO,102.94
,REF,90837,CPT4,DC01,11,MEPOS,114.86
,REF,90837,CPT4,CA04,11,VPHMO,110.57
,REF,90837,CPT4,FL04,11,DHMO,105.72
,REF,90837,CPT4,FL05,11,EAP,137.25
,REF,90837,CPT4,CA05,11,SLFIN,145.15
,REF,90837,CPT4,FL04,11,TRICR,79.29
,REF,90837,CPT4,CO01,11,MPPO,156.6
,REF,90837,CPT4,DE01,11,MBH,142.81
,REF,90837,CPT4,CA04,11,QPOS,147.42
,REF,90837,CPT4,DC01,11,MEFFS,135.13
,REF,90837,CPT4,CA05,11,MBH,108.86
,REF,90837,CPT4,FL01,11,MEHMO,137.25
,REF,90837,CPT4,FL01,11,VPHMO,102.94
,REF,90837,CPT4,FL03,11,MEPOS,79.29
,REF,90837,CPT4,FL03,11,MEPPO,105.72
,REF,90837,CPT4,GA02,11,QPOS,124.37
,REF,90837,CPT4,DC01,11,TC,114.86
,REF,90837,CPT4,FL02,11,DHMO,137.25
,REF,90837,CPT4,FL03,11,MWC,105.72
,REF,90837,CPT4,FL08,11,MC,137.25
,REF,90837,CPT4,FL01,11,MCAID,102.94
,REF,90837,CPT4,FL01,11,ALL,137.25
,REF,90837,CPT4,FL08,11,MBH,102.94
,REF,90837,CPT4,GA01,11,MCAID,93.28
,REF,90837,CPT4,GA02,11,EAP,124.37
,REF,90837,CPT4,FL08,11,MHMO,137.25
,REF,90837,CPT4,FL01,11,MCAID,116.66
,REF,90837,CPT4,FL03,11,,105.72
,REF,90837,CPT4,FL03,11,HMO,79.29
,REF,90837,CPT4,FL03,11,HMO,79.29
,REF,90837,CPT4,CO01,11,VPHMO,156.6
,REF,90837,CPT4,FL02,11,QPOS,137.25
,REF,90837,CPT4,FL08,11,POS,116.66
,REF,90837,CPT4,DC01,11,MEFFS,114.86
,REF,90837,CPT4,FL04,11,POS,79.29
,REF,90837,CPT4,FL03,11,MHMO,79.29
,REF,90837,CPT4,FL05,11,MC,116.66
,REF,90837,CPT4,FL01,11,MEFFS,102.94
,REF,90837,CPT4,GA01,11,MPPO,124.37
,REF,90837,CPT4,FL04,11,DHMO,79.29
,REF,90837,CPT4,CO01,11,HMOHRA,156.6
,REF,90837,CPT4,GA02,11,MEPOS,124.37
,REF,90837,CPT4,FL03,11,TRICR,105.72
,REF,90837,CPT4,CO01,11,TC,117.45
,REF,90837,CPT4,GA02,11,TRICR,93.28
,REF,90837,CPT4,CO01,11,VPHMO,135.82
,REF,90837,CPT4,CO01,11,TC,135.82
,REF,90837,CPT4,FL08,11,USACC,116.66
,REF,90837,CPT4,FL04,11,VPHMO,79.29
,REF,90837,CPT4,FL04,11,NNHMO,79.29
,REF,90837,CPT4,DC01,11,SLFIN,135.13
,REF,90837,CPT4,DE01,11,ALL,142.81
,REF,90837,CPT4,CO01,11,MBH,135.82
,REF,90837,CPT4,DE01,11,ALL,107.11
,REF,90837,CPT4,CO01,11,DHMO,115.45
,REF,90837,CPT4,GA01,11,MEPPO,93.28
,REF,90837,CPT4,CA05,11,ALL,145.15
,REF,90837,CPT4,CO01,11,MCAID,156.6
,REF,90837,CPT4,GA01,11,USACC,93.28
,REF,90837,CPT4,FL04,11,VPHMO,79.29
,REF,90837,CPT4,DC01,11,DPPO,117.16
,REF,90837,CPT4,FL01,11,MHMO,137.25
,REF,90837,CPT4,DC01,11,,135.13
,REF,90837,CPT4,CO01,11,MBH,101.87
,REF,90837,CPT4,CO01,11,MEPO,101.87
,REF,90837,CPT4,FL01,11,TC,102.94
,REF,90837,CPT4,FL02,11,MCARE,102.94
,REF,90837,CPT4,CO01,11,MBH,156.6
,REF,90837,CPT4,FL01,11,MC,102.94
,REF,90837,CPT4,CO01,11,HMOAVN,156.6
,REF,90837,CPT4,CA05,11,MEHMO,75.9
,REF,90837,CPT4,GA03,11,MCAID,93.28
,REF,90837,CPT4,DC01,11,MEPPO,114.86
,REF,90837,CPT4,FL05,11,MCAID,102.94
,REF,90837,CPT4,GA03,11,MBH,124.37
,REF,90837,CPT4,DC01,11,TC,117.16
,REF,90837,CPT4,FL02,11,VPHMO,137.25
,REF,90837,CPT4,CO01,11,MBH,135.82
,REF,90837,CPT4,GA02,11,MEFFS,124.37
,REF,90837,CPT4,DC01,11,MWC,117.16
,REF,90837,CPT4,FL01,11,MWC,102.94
,REF,90837,CPT4,FL01,11,USACC,137.25
,REF,90837,CPT4,CO01,11,MEFFS,101.87
,REF,90837,CPT4,CA05,11,VPHMO,145.15
,REF,90837,CPT4,CA05,11,EAP,145.15
,REF,90837,CPT4,DC01,11,HMOAVN,87.87
,REF,90837,CPT4,CA04,11,VPHMO,110.57
,REF,90837,CPT4,FL01,11,VPHMO,102.94
,REF,90837,CPT4,FL08,11,,116.66
,REF,90837,CPT4,GA01,11,MPPO,105.72
,REF,90837,CPT4,FL05,11,POS,137.25
,REF,90837,CPT4,FL03,11,MEPO,89.86
,REF,90837,CPT4,DC01,11,NNHMO,101.35
,REF,90837,CPT4,CA05,11,MBH,108.86
,REF,90837,CPT4,GA02,11,MHMO,105.72
,REF,90837,CPT4,CO01,11,MC,135.82
,REF,90837,CPT4,GA01,11,MEFFS,105.72
,REF,90837,CPT4,FL02,11,TC,137.25
,REF,90837,CPT4,CO01,11,MBH,156.6
,REF,90837,CPT4,GA02,11,HMOAVN,93.28
,REF,90837,CPT4,DE01,11,USACC,142.81
,REF,90837,CPT4,FL08,11,MCARE,102.94
,REF,90837,CPT4,GA01,11,DHMO,124.37
,REF,90837,CPT4,DC01,11,HMO,99.59
,REF,90837,CPT4,GA02,11,MEHMO,93.28
,REF,90837,CPT4,CO01,11,MCAID,156.6
,REF,90837,CPT4,DC01,11,MC,135.13
,REF,90837,CPT4,FL08,11,MEHMO,137.25
,REF,90837,CPT4,FL05,11,MHMO,137.25
,REF,90837,CPT4,DC01,11,DPPO,117.16
,REF,90837,CPT4,FL08,11,USACC,116.66
,REF,90837,CPT4,FL08,11,QPOS,137.25
,REF,90837,CPT4,CA05,11,,108.86
,REF,90837,CPT4,FL05,11,MEPOS,137.25
,REF,90837,CPT4,DE01,11,MHMO,142.81
,REF,90837,CPT4,FL04,11,POS,79.29
,REF,90837,CPT4,FL03,11,MCARE,89.86
,REF,90837,CPT4,DE01,11,TRICR,142.81
,REF,90837,CPT4,DC01,11,MWC,135.13
,REF,90837,CPT4,CO01,11,MC,133.11
,REF,90837,CPT4,FL03,11,NNHMO,79.29
,REF,90837,CPT4,FL02,11,DPPO,137.25
,REF,90837,CPT4,FL04,11,MEPOS,89.86
,REF,90837,CPT4,FL02,11,HMO,102.94
,REF,90837,CPT4,FL02,11,USACC,137.25
,REF,90837,CPT4,DC01,11,MEFFS,99.59
,REF,90837,CPT4,GA01,11,SLFIN,124.37
,REF,90837,CPT4,CO01,11,MEPO,135.82
,REF,90837,CPT4,FL08,11,TC,137.25
,REF,90837,CPT4,GA01,11,MC,105.72
,REF,90837,CPT4,FL03,11,ALL,89.86
,REF,90837,CPT4,CA04,11,TRICR,147.42
,REF,90837,CPT4,DC01,11,SLFIN,101.35
,REF,90837,CPT4,FL08,11,MPPO,137.25
,REF,90837,CPT4,FL05,11,TRICR,102.94
,REF,90837,CPT4,GA01,11,DPPO,124.37
,REF,90837,CPT4,CO01,11,ALL,135.82
,REF,90837,CPT4,GA02,11,NNHMO,93.28
,REF,90837,CPT4,FL01,11,ALL,137.25
,REF,90837,CPT4,FL01,11,USACC,102.94
,REF,90837,CPT4,GA01,11,MEPPO,105.72
,REF,90837,CPT4,GA01,11,SLFIN,124.37
,REF,90837,CPT4,DE01,11,MEPO,142.81
,REF,90837,CPT4,FL03,11,EAP,79.29
,REF,90837,CPT4,DE01,11,TC,142.81
,REF,90837,CPT4,FL03,11,MC,105.72
,REF,90837,CPT4,DC01,11,MBH,117.16
,REF,90837,CPT4,DE01,11,HMOHRA,142.81
,REF,90837,CPT4,DC01,11,MEPPO,117.16
,REF,90837,CPT4,DC01,11,QPOS,117.16
,REF,90837,CPT4,DE01,11,SLFIN,107.11
,REF,90837,CPT4,CO01,11,MEFFS,156.6
,REF,90837,CPT4,CO01,11,MEPO,135.82
,REF,90837,CPT4,FL01,11,MEHMO,137.25
,REF,90837,CPT4,FL02,11,MCAID,137.25
,REF,90837,CPT4,DC01,11,MBH,99.59
,REF,90837,CPT4,CA04,11,VPHMO,125.31
,REF,90837,CPT4,CA04,11,MPPO,147.42
,REF,90837,CPT4,DC01,11,DHMO,101.35
,REF,90837,CPT4,DE01,11,TRICR,142.81
,REF,90837,CPT4,CO01,11,TRICR,156.6
,REF,90837,CPT4,FL04,11,DHMO,105.72
,REF,90837,CPT4,FL03,11,EAP,89.86
,REF,90837,CPT4,DE01,11,MEPOS,142.81
,REF,90837,CPT4,DC01,11,VPHMO,99.59
,REF,90837,CPT4,DC01,11,NNHMO,87.87
,REF,90837,CPT4,CA05,11,EAP,145.15
,REF,90837,CPT4,FL03,11,MCARE,89.86
,REF,90837,CPT4,DC01,11,HMOHRA,135.13
,REF,90837,CPT4,CA05,11,TRICR,145.15
,REF,90837,CPT4,CO01,11,VPHMO,115.45
,REF,90837,CPT4,FL05,11,MEPOS,102.94
,REF,90837,CPT4,FL02,11,MBH,137.25
,REF,90837,CPT4,FL02,11,MCARE,102.94
,REF,90837,CPT4,FL01,11,MHMO,116.66
,REF,90837,CPT4,CO01,11,MEHMO,101.87
,REF,90837,CPT4,CO01,11,,115.45
,REF,90837,CPT4,GA02,11,SLFIN,105.72
,REF,90837,CPT4,CO01,11,SLFIN,156.6
,REF,90837,CPT4,FL04,11,EAP,105.72
,REF,90837,CPT4,CO01,11,HMO,115.45
,REF,90837,CPT4,FL05,11,MCAID,102.94
,REF,90837,CPT4,DC01,11,SLFIN,117.16
,REF,90837,CPT4,CO01,11,MHMO,117.45
,REF,90837,CPT4,FL04,11,MPPO,105.72
,REF,90837,CPT4,FL02,11,QPOS,137.25
,REF,90837,CPT4,GA01,11,MEPO,124.37
,REF,90837,CPT4,FL02,11,SLFIN,137.25
,REF,90837,CPT4,FL04,11,HMOHRA,105.72
,REF,90837,CPT4,CA05,11,MWC,108.86
,REF,90837,CPT4,FL05,11,ALL,116.66
,REF,90837,CPT4,GA01,11,MCARE,124.37
,REF,90837,CPT4,CO01,11,MEPOS,117.45
,REF,90837,CPT4,CO01,11,MBH,135.82
,REF,90837,CPT4,GA01,11,MPPO,93.28
,REF,90837,CPT4,CA05,11,MPPO,108.86
,REF,90837,CPT4,GA01,11,MWC,93.28
,REF,90837,CPT4,CO01,11,HMO,135.82
,REF,90837,CPT4,FL03,11,MBH,105.72
,REF,90837,CPT4,CO01,11,NNHMO,115.45
,REF,90837,CPT4,DC01,11,MEPO,117.16
,REF,90837,CPT4,FL04,11,ALL,105.72
,REF,90837,CPT4,FL08,11,POS,102.94
,REF,90837,CPT4,GA02,11,EAP,93.28
,REF,90837,CPT4,FL05,11,USACC,137.25
,REF,90837,CPT4,FL05,11,HMO,102.94
,REF,90837,CPT4,DC01,11,HMOAVN,135.13
,REF,90837,CPT4,GA02,11,NNHMO,105.72
,REF,90837,CPT4,FL01,11,MBH,137.25
,REF,90837,CPT4,FL04,11,TC,105.72
,REF,90837,CPT4,CA05,11,TC,75.9
,REF,90837,CPT4,DE01,11,MEFFS,107.11
,REF,90837,CPT4,FL01,11,MEHMO,137.25
,REF,90837,CPT4,FL05,11,SLFIN,137.25
,REF,90837,CPT4,FL04,11,TC,79.29
,REF,90837,CPT4,FL08,11,TRICR,116.66
,REF,90837,CPT4,FL05,11,MEPOS,137.25
,REF,90837,CPT4,FL01,11,ALL,137.25
,REF,90837,CPT4,GA03,11,MCAID,105.72
,REF,90837,CPT4,FL03,11,EAP,79.29
,REF,90837,CPT4,GA02,11,TC,124.37
,REF,90837,CPT4,CA04,11,USACC,147.42
,REF,90837,CPT4,FL08,11,MEPOS,137.25
,REF,90837,CPT4,FL04,11,MCARE,105.72
,REF,90837,CPT4,GA01,11,NNHMO,124.37
,REF,90837,CPT4,FL01,11,MEPOS,137.25
,REF,90837,CPT4,FL04,11,,105.72
,REF,90837,CPT4,FL05,11,TC,137.25
,REF,90837,CPT4,FL03,11,DPPO,79.29
,REF,90837,CPT4,FL08,11,MBH,102.94
,REF,90837,CPT4,FL01,11,HMOAVN,102.94
,REF,90837,CPT4,FL02,11,HMO,137.25
,REF,90837,CPT4,FL08,11,EAP,137.25
,REF,90837,CPT4,GA01,11,ALL,105.72
,REF,90837,CPT4,DE01,11,EAP,142.81
,REF,90837,CPT4,DE01,11,MC,121.39
,REF,90837,CPT4,FL08,11,MPPO,102.94
,REF,90837,CPT4,GA01,11,MC,124.37
,REF,90837,CPT4,FL02,11,USACC,116.66
,REF,90837,CPT4,CA05,11,DPPO,145.15
,REF,90837,CPT4,FL08,11,EAP,137.25
,REF,90837,CPT4,FL04,11,MEPPO,105.72
,REF,90837,CPT4,FL02,11,NNHMO,116.66
,REF,90837,CPT4,FL03,11,MEPPO,79.29
,REF,90837,CPT4,CO01,11,MEPO,135.82
,REF,90837,CPT4,GA01,11,MWC,105.72
,REF,90837,CPT4,GA02,11,MEFFS,93.28
,REF,90837,CPT4,DC01,11,USACC,101.35
,REF,90837,CPT4,DC01,11,VPHMO,87.87
,REF,90837,CPT4,FL01,11,USACC,102.94
,REF,90837,CPT4,CO01,11,MBH,135.82
,REF,90837,CPT4,FL01,11,TRICR,137.25
,REF,90837,CPT4,FL03,11,DHMO,105.72
,REF,90837,CPT4,GA02,11,QPOS,124.37
,REF,90837,CPT4,CO01,11,MC,135.82
,REF,90837,CPT4,GA01,11,SLFIN,105.72
,REF,90837,CPT4,GA01,11,HMOAVN,93.28
,REF,90837,CPT4,GA03,11,MBH,124.37
,REF,90837,CPT4,FL02,11,MHMO,102.94
,REF,90837,CPT4,DE01,11,MEPPO,142.81
,REF,90837,CPT4,CA05,11,SLFIN,145.15
,REF,90837,CPT4,FL01,11,NNHMO,137.25
,REF,90837,CPT4,FL02,11,MEPPO,137.25
,REF,90837,CPT4,GA01,11,TRICR,124.37
,REF,90837,CPT4,FL05,11,HMOAVN,102.94
,REF,90837,CPT4,DC01,11,MBH,101.35
,REF,90837,CPT4,DC01,11,DHMO,87.87
,REF,90837,CPT4,GA02,11,USACC,124.37
,REF,90837,CPT4,FL05,11,EAP,116.66
,REF,90837,CPT4,FL08,11,HMO,137.25
,REF,90837,CPT4,FL05,11,,137.25
,REF,90837,CPT4,CO01,11,MCAID,156.6
,REF,90837,CPT4,CO01,11,HMOAVN,115.45
,REF,90837,CPT4,DC01,11,HMOAVN,135.13
,REF,90837,CPT4,GA03,11,DPPO,93.28
,REF,90837,CPT4,FL05,11,DHMO,137.25
,REF,90837,CPT4,CA05,11,POS,108.86
,REF,90837,CPT4,FL05,11,MCAID,116.66
,REF,90837,CPT4,DC01,11,MEFFS,117.16
,REF,90837,CPT4,DE01,11,MC,142.81
,REF,90837,CPT4,DE01,11,HMOHRA,107.11
,REF,90837,CPT4,DC01,11,ALL,135.13
,REF,90837,CPT4,FL05,11,MC,102.94
,REF,90837,CPT4,FL02,11,DPPO,137.25
,REF,90837,CPT4,FL08,11,HMOAVN,137.25
,REF,90837,CPT4,CA05,11,HMOHRA,145.15
,REF,90837,CPT4,CA04,11,TRICR,110.57
,REF,90837,CPT4,FL01,11,NNHMO,116.66
,REF,90837,CPT4,FL05,11,MEPPO,137.25
,REF,90837,CPT4,FL08,11,MC,102.94
,REF,90837,CPT4,CO01,11,HMOAVN,133.11
,REF,90837,CPT4,DE01,11,POS,142.81
,REF,90837,CPT4,DC01,11,EAP,99.59
,REF,90837,CPT4,CA04,11,TC,147.42
,REF,90837,CPT4,FL05,11,DPPO,102.94
,REF,90837,CPT4,FL03,11,MPPO,79.29
,REF,90837,CPT4,FL04,11,TRICR,79.29
,REF,90837,CPT4,FL03,11,VPHMO,105.72
,REF,90837,CPT4,GA01,11,EAP,105.72
,REF,90837,CPT4,GA03,11,HMOAVN,105.72
,REF,90837,CPT4,GA01,11,USACC,105.72
,REF,90837,CPT4,GA03,11,DHMO,124.37
,REF,90837,CPT4,DC01,11,MCARE,135.13
,REF,90837,CPT4,FL02,11,,102.94
,REF,90837,CPT4,DC01,11,MEFFS,117.16
,REF,90837,CPT4,GA02,11,MCAID,124.37
,REF,90837,CPT4,CA04,11,SLFIN,125.31
,REF,90837,CPT4,GA03,11,HMOAVN,124.37
,REF,90837,CPT4,FL03,11,NNHMO,105.72
,REF,90837,CPT4,FL03,11,MCARE,105.72